ligand_id	pmid	title	year	assay_type	assay_value	units	abstract	target	affinity	doi	source	link
CHEMBL4202830	29706423	Structure-based design of Trifarotene (CD5789), a potent and selective RARγ agonist for the treatment of acne.	2018							10.1016/j.bmcl.2018.04.036	ChEMBL	https://pubmed.ncbi.nlm.nih.gov/29706423/
CHEMBL3936922		Novel ligands that modulate RAR receptors and pharmaceutical/cosmetic compositions comprised thereof	2008								ChEMBL	https://www.ebi.ac.uk/chembl/document_report_card/CHEMBL3880406/
CHEMBL3936922	29706423	Structure-based design of Trifarotene (CD5789), a potent and selective RARγ agonist for the treatment of acne.	2018							10.1016/j.bmcl.2018.04.036	ChEMBL	https://pubmed.ncbi.nlm.nih.gov/29706423/
CHEMBL3907274		Novel ligands that modulate RAR receptors and pharmaceutical/cosmetic compositions comprised thereof	2008								ChEMBL	https://www.ebi.ac.uk/chembl/document_report_card/CHEMBL3880406/
CHEMBL3957342		Novel ligands that modulate RAR receptors and pharmaceutical/cosmetic compositions comprised thereof	2008								ChEMBL	https://www.ebi.ac.uk/chembl/document_report_card/CHEMBL3880406/
CHEMBL3939687		Novel ligands that modulate RAR receptors and pharmaceutical/cosmetic compositions comprised thereof	2008								ChEMBL	https://www.ebi.ac.uk/chembl/document_report_card/CHEMBL3880406/
CHEMBL3939687	29706423	Structure-based design of Trifarotene (CD5789), a potent and selective RARγ agonist for the treatment of acne.	2018							10.1016/j.bmcl.2018.04.036	ChEMBL	https://pubmed.ncbi.nlm.nih.gov/29706423/
CHEMBL3926084		Novel ligands that modulate RAR receptors and pharmaceutical/cosmetic compositions comprised thereof	2008								ChEMBL	https://www.ebi.ac.uk/chembl/document_report_card/CHEMBL3880406/
CHEMBL330998	9733501	Synthesis and characterization of heteroarotinoids demonstrate structure specificity relationships.	1998							10.1021/jm980308p	ChEMBL	https://pubmed.ncbi.nlm.nih.gov/9733501/
CHEMBL330998	9357524	Biologically active heteroarotinoids exhibiting anticancer activity and decreased toxicity.	1997							10.1021/jm970196m	ChEMBL	https://pubmed.ncbi.nlm.nih.gov/9357524/
CHEMBL4210595	29706423	Structure-based design of Trifarotene (CD5789), a potent and selective RARγ agonist for the treatment of acne.	2018							10.1016/j.bmcl.2018.04.036	ChEMBL	https://pubmed.ncbi.nlm.nih.gov/29706423/
CHEMBL3931870		Novel ligands that modulate RAR receptors and pharmaceutical/cosmetic compositions comprised thereof	2008								ChEMBL	https://www.ebi.ac.uk/chembl/document_report_card/CHEMBL3880406/
CHEMBL77961	8691435	Retinoic acid receptor beta,gamma-selective ligands: synthesis and biological activity of 6-substituted 2-naphthoic acid retinoids.	1996							10.1021/jm9502293	ChEMBL	https://pubmed.ncbi.nlm.nih.gov/8691435/
CHEMBL77961	17489579	An adamantyl-substituted retinoid-derived molecule that inhibits cancer cell growth and angiogenesis by inducing apoptosis and binds to small heterodimer partner nuclear receptor: effects of modifying its carboxylate group on apoptosis, proliferation, and protein-tyrosine phosphatase activity.	2007							10.1021/jm0613323	ChEMBL	https://pubmed.ncbi.nlm.nih.gov/17489579/
CHEMBL336311	17185799	Topical ER36009, a RARgamma-selective retinoid, decreases abdominal white adipose tissue and elicits changes in expression of genes related to adiposity and thermogenesis.	2006				Chronic topical treatment of rats with a new RARgamma-selective retinoid, ER36009, resulted in a significant reduction of epididymal white adipose tissue and a significant increase of interscapular brown adipose tissue without affecting food intake. ER36009 markedly decreased PPARgamma, 11beta-HSD1, and Bcl-2 mRNA levels, and increased Bax mRNA in white adipose tissue, while it upregulated UCP1 and UCP3 mRNAs in brown adipose tissue and UCP3 mRNA in gastrocnemial muscle. These results suggest that ER36009 has multiple effects on adipose tissue biology and the energy balance. Topically applied ER36009 may have potential for the treatment of obesity.				PubMed	https://pubmed.ncbi.nlm.nih.gov/17185799/
CHEMBL336311	17076708	Marked improvement induced in photoaged skin of hairless mouse by ER36009, a novel RARgamma-specific retinoid, but not by ER35794, an RXR-selective agonist.	2006				Photoaging (premature skin aging) results largely from repeated exposure of the skin to ultraviolet (UV) radiation from the sun. Topical all-trans retinoic acid (RA), the only agent that has been approved for the treatment of photoaging, has been shown to reverse this process. In this study, we evaluated the pharmacologic effects of novel synthetic retinoids, ER36009 and ER35794, on murine wrinkles induced by UVB. ER36009 is a specific agonist of retinoic acid receptor (RAR)gamma, the most abundant RAR subtype in the skin, while ER35794 is a potent retinoid X receptor (RXR)-selective agonist. After a 10-week exposure to escalating doses of UVB irradiation, the animals were treated three times per week with ER36009 (0.0001%, 0.00025%, 0.0005%), ER35794 (0.025%, 0.05%, 0.1%), RA (0.05%) or acetone (control) for 3 weeks. ER36009 exerted a dose-dependent wrinkle-effacing effect, and 0.0005% ER36009-treated skin was significantly different from the control. ER36009 also significantly and dose-dependently increased both epidermal thickness and the area of the dermal repair zone defined by newly synthesized collagen. The effect of 0.0005% ER36009 on photodamaged skin was superior to that of 0.05% RA. In contrast, ER35794 was inactive in this model, though this compound exhibited lower local toxicity than other retinoids. These data indicate that RARgamma, but not RXR, plays an important role in the improvement of the signs of photoaging, and so a specific RARgamma agonist might be superior to an RAR pan-agonist for clinical treatment. We conclude that ER36009 is a candidate for a potent anti-skin-aging agent.				PubMed	https://pubmed.ncbi.nlm.nih.gov/17076708/
CHEMBL336311	16280299	Comedolytic effect of a novel RARgamma-specific retinoid, ER36009: comparison with retinoic acid in the rhino mouse model.	2005				In addition to natural retinoids, new synthetic retinoids, such as adapalene and tazarotene, are currently available for the treatment of acne. In this study, we evaluated the comedolytic effect of a novel retinoic acid receptor (RAR)-gamma specific retinoid, ER36009, in the rhino mouse. The animals were treated for five days a week with ER36009 (0.00001, 0.000025, 0.00010, 0.00025%), all-trans-retinoic acid (RA) (0.001, 0.005, 0.010, 0.050%), two commercial formulations (Differine((R)) 0.1% adapalene gel, and Tazorac 0.1% tazarotene gel) and acetone as a control, for two weeks. After the treatments, utricle diameter and apoptosis of the follicular epidermis were examined. ER36009 was 96 times more potent than RA in the utricle diameter reduction assay. It also eliminated apoptosis of the follicular epidermis and restored normal apoptosis at the granular layer. These data indicate that ER36009 is a potent comedolytic agent compared with other currently available retinoids.				PubMed	https://pubmed.ncbi.nlm.nih.gov/16280299/
CHEMBL336311	10669568	Syntheses and structure-activity relationships of 5,6,7, 8-tetrahydro-5,5,8,8-tetramethyl-2-quinoxaline derivatives with retinoic acid receptor alpha agonistic activity.	2000							10.1021/jm990063w	ChEMBL	https://pubmed.ncbi.nlm.nih.gov/10669568/
CHEMBL350485	11277515	Phenylcyclohexene and phenylcyclohexadiene substituted compounds having retinoid antagonist activity.	2001							10.1016/s0960-894x(01)00058-0	ChEMBL	https://pubmed.ncbi.nlm.nih.gov/11277515/
CHEMBL3901588		Novel ligands that modulate RAR receptors and pharmaceutical/cosmetic compositions comprised thereof	2008								ChEMBL	https://www.ebi.ac.uk/chembl/document_report_card/CHEMBL3880406/
CHEMBL3910072		Novel ligands that modulate RAR receptors and pharmaceutical/cosmetic compositions comprised thereof	2008								ChEMBL	https://www.ebi.ac.uk/chembl/document_report_card/CHEMBL3880406/
CHEMBL3910072	29706423	Structure-based design of Trifarotene (CD5789), a potent and selective RARγ agonist for the treatment of acne.	2018							10.1016/j.bmcl.2018.04.036	ChEMBL	https://pubmed.ncbi.nlm.nih.gov/29706423/
CHEMBL3945228		Novel ligands that modulate RAR receptors and pharmaceutical/cosmetic compositions comprised thereof	2008								ChEMBL	https://www.ebi.ac.uk/chembl/document_report_card/CHEMBL3880406/
CHEMBL5947674	41389170	Distinct Patterns of Cognitive and Emotional Empathy in Parents of Children With Autism Spectrum Disorder: A Behavioral and Self-Report Study.	2025								PubMed	https://pubmed.ncbi.nlm.nih.gov/41389170/
CHEMBL5947674	41389100	Efficacy of bronchial artery embolization in hemoptysis: longitudinal studyon survival and recurrence.	2025				Managing hemoptysis can be challenging due to recurrences after different treatment methods. This study aimed to assess the efficacy and long-term outcomes of bronchial artery embolization (BAE) in controlling hemoptysis and improving patient survival. In this prospective cohort study, patients with hemoptysis undergoing BAE between August 2017 and August 2022 were enrolled and prospectively followed. Clinical characteristics, underlying etiologies, complications, and post-procedural recurrences were prospectively recorded during a 1- to 4-year follow-up period. The survival for each factor was graphed in subgroups by the Kaplan-Meier (KM) curve and presented the estimation of the hazard ratio (HR) with 95% confidence interval (CI) from the univariate Cox proportional hazard (PH) model. A total of 297 patients (32% female, 58% with massive hemoptysis) were included. The mean survival time (MST) for all-cause mortality was 35.9 months (95% CI 33.6-38.3) and for hemoptysis-related death was 45.1 months (95% CI 43.8-46.4). The overall recurrence rate was 14.6% at 1-month post-BAE, decreased to 5.7% by the 9th month, and rose again to approximately 20% during long-term follow-up. Recurrence was significantly 71% higher in patients with non-massive hemoptysis (46.6%) compared with those with massive hemoptysis (33.8%, OR = 1.71, 95% CI 1.05-2.80, P = 0.03). BAE effectively controls life-threatening hemoptysis with favorable long-term survival and acceptable recurrence rates. Optimized management of the underlying pulmonary disease may further improve BAE outcomes and reduce recurrence risk.				PubMed	https://pubmed.ncbi.nlm.nih.gov/41389100/
CHEMBL5947674	41388880	Unnatural Amino Acid and Emerging Chemistry Approaches to Map RNA-Protein Interactions.	2025				RNA serves as both a genetic messenger and a functional non-coding molecule, with its activity relying on interactions with diverse proteins. Characterizing RNA-protein interactions remains challenging, particularly for dynamic or low-abundance complexes. Traditional crosslinking methods, such as UV-254 nm irradiation and formaldehyde fixation, suffer from low efficiency, poor specificity, and broad reactivity, limiting their utility for high-resolution interactome mapping. Recent advances in genetic code expansion (GCE) and unnatural amino acid (UAA) incorporation now enable chemoselective, site-specific crosslinking chemistries that circumvent these limitations. This review highlights classes of crosslinkable UAAs, including benzophenone-, diazirine-, and aryl azide-based moieties, which have been used for photo-induced covalent capture of RNA-protein interactions. Next-generation modalities, such as acetophenone derivatives, halogenated UAAs, bifunctional UAAs, acyl silanes, diaryl nitrones, and photoactivatable systems further expand the toolkit for photocrosslinking and bioorthogonal labelling. Beyond UV-based approaches, latent bioreactive UAAs and proximity-induced chemistries exploit electrophile-nucleophile substitution and masked acylating agents to enable covalent capture under physiological conditions. Together, these strategies provide unprecedented control over reactivity, temporal resolution and site specificity, advancing RNA-targeted proteomics. Continued innovation in UAA-based chemistry promise to transform how RNA-protein complexes are interrogated and manipulated with molecular precision.				PubMed	https://pubmed.ncbi.nlm.nih.gov/41388880/
CHEMBL5947674	41388879	Incidence, prevalence and mortality of inflammatory bowel disease in New Zealand 2006-2022 using hospital information in the Integrated Data Infrastructure (IDI).	2025				The epidemiology of inflammatory bowel disease (IBD) in New Zealand (NZ) has been explored in regional studies but not at a national level. This study aimed to use administrative data to define the first nationwide IBD population and estimate the incidence, prevalence and mortality of IBD in NZ. The Integrated Data Infrastructure (IDI) is a statistical database linking population-level health data. An IBD population was created within the IDI using hospital discharge information by International Classification of Diseases, Tenth Revision code. Incidence and prevalence rates were calculated for 16 years (2006/07-2021/22) by age, sex, ethnicity and urban/rural location. Age-sex-standardised mortality was measured annually from 2012 to 2022. Between 1 July 2021 and June 30 2022, 19 566 people in the IDI were identified as having IBD, giving a prevalence of 391.4 (95% confidence interval (CI) 386.0-396.9) per 100 000 people. The prevalence of Crohn's disease (CD), 206.9 (95% CI 203.0-211.0), was similar to that of ulcerative colitis (UC), 213.2 (95% CI 209.2-217.2), both per 100 000 people. In the same year, 1407 new cases of IBD were observed, giving an incidence rate of 28.1 (95% CI 26.7-29.7) per 100 000 person-years. The 2012-2022 standardised mortality ratio for IBD was 1.69 (95% CI 1.60-1.79). A high incidence and prevalence of IBD were seen in NZ, and increased all-cause mortality rates were observed. Despite the limitations of using hospital data, this work established the value of IDI data for IBD epidemiological studies and produced national estimates of IBD burden.				PubMed	https://pubmed.ncbi.nlm.nih.gov/41388879/
CHEMBL5947674	41388874	'I chose to keep it secret:' a qualitative study on the lived experience of women who underwent an abortion in Ethiopia.	2025				In Ethiopia, despite a decline in abortion-related mortality over the past decade, substantial challenges persist in ensuring universal safe abortion access. The lived experiences of women who underwent abortion are not well understood in Ethiopia. Thus, this study aimed to explore the lived experiences of women who underwent safe abortions in eastern Ethiopia. The study was conducted in Harari Region and Dire Dawa admiration using a descriptive phenomenological approach among 14 purposively selected women from Public health facilities. Data was collected through In-depth interviews using an interview guide. Verbatim transcription and translation of the recorded interviews were done. Finally, thematic analysis was conducted using Open Code 4.03 software. Five major themes were emerged after analysis. Facilitators of abortion, Barriers to accessing safe abortion services, the need to keep abortion secret, religious perspectives, and Beliefs regarding the health impacts of abortion were the identified major themes. This study reveals that women seek abortion for various reasons and experience many challenges after abortion, but most of these reasons are not supported by Ethiopian's current abortion law. As a result, they encounter numerous obstacles when trying to obtain safe abortion services.				PubMed	https://pubmed.ncbi.nlm.nih.gov/41388874/
CHEMBL5947674	41388619	LRRK2 as a Potential Disease-Modifying Target in Sporadic Parkinson's Disease.	2025				A growing understanding of the role that leucine-rich repeat kinase 2 (LRRK2) plays in Parkinson's disease (PD) supports continued focus on this enzyme as a therapeutic target for PD. Accumulating evidence suggests that there are phenotypic, neuropathologic, and biological similarities between sporadic PD (sPD) and familial forms in which LRRK2 variants are inherited in an autosomal-dominant pattern with variable penetrance (LRRK2-PD). Further, genome-wide association studies have found specific non-coding variants that are risk factors for sPD. In this review, we describe the current state of knowledge as it relates to LRRK2's role in sPD, with a focus on comparing the physiology and pathology of sPD with LRRK2-PD. As in LRRK2-PD, LRRK2 activity may also be increased in sPD, possibly through interactions between genetics and the environment. Increased activity of LRRK2 and associated endolysosomal dysfunction have been observed in sPD patients, including evidence from postmortem brains of patients with sPD and animal models showing increased LRRK2 activity. Additionally, beneficial effects of LRRK2 inhibitors, such as improved lysosomal function, reduced α-synuclein accumulation, and amelioration of neurodegeneration, have been demonstrated in animal models of sPD. Therefore, inhibition of LRRK2 kinase activity may be a promising approach to disease modification for sPD and LRRK2-PD. Ongoing and future clinical studies examining LRRK2 kinase inhibitors will aim to elucidate their clinical efficacy in PD and to assess their potential effects on lysosomal function. © 2025 The Author(s). Movement Disorders published by Wiley Periodicals LLC on behalf of International Parkinson and Movement Disorder Society.				PubMed	https://pubmed.ncbi.nlm.nih.gov/41388619/
CHEMBL5947674	41388614	LBX2-AS1 in acceleration of glycolysis and cancer angiogenesis via miR-491-5p/MDK signaling axis in colorectal cancer: an experimental study.	2025				Recent studies have identified various roles for long non-coding RNAs (lncRNAs) in cancer progression. However, an in-depth understanding of the regulatory mechanisms of lncRNAs in colorectal cancer (CRC) and their diagnostic significance is rather limited. The diagnostic value of LBX2 antisense RNA 1 (LBX2-AS1) was assessed using public databases and clinical samples. Cell-counting kit 8 (CCK-8), Colony Formation, transwell, and wound scratch assays were performed to assess CRC cell proliferation and metastasis  As a marker of poor prognosis, LBX2-AS1 was highly expressed in CRC tumor tissues and cells (all  This study demonstrates that LBX2-AS1 promotes CRC angiogenesis and activates the glycolysis 				PubMed	https://pubmed.ncbi.nlm.nih.gov/41388614/
CHEMBL5947674	41388579	Fern-Leaf-Inspired Multifunctional Flexible Strain Sensors for Motion Monitoring, Information Communication and Health Alert.	2025				Flexible sensors play a crucial role in various emerging high-tech fields including electronic technology, information industry, and bioengineering. However, achieving excellent comprehensive performances through optimum structural designs remains a great challenge. Here, a facile technique is proposed to prepare high-performance flexible strain sensors based on fern-leaf-inspired hierarchical structures including primary, secondary, tertiary veins, and corrugated surfaces. The primary vein with a deep W-shaped groove plays a critical role in optimizing sensing performances by the formation of staggered cracks and establishment of serpentine conductive paths. This unique sensing mechanism endows the sensor with excellent comprehensive performances including high sensitivity (up to 20940), low detection limit (0.06%), wide detection range (40%), fast response/recovery speed (83/92 ms), good cyclic stability (20000 cycles), and outstanding bidirectional bending capacity. As a demonstration of applications, the fern-leaf-inspired sensor has been used for human motion monitoring, Morse code expressing, information encryption, machine learning-assisted bending recognition, and health alert. This innovative design not only shows the application prospect of biomimetic sensors in the fields of health management and information communication, but also provides a new idea for future intelligent interactive systems.				PubMed	https://pubmed.ncbi.nlm.nih.gov/41388579/
CHEMBL5947674	41388554	Association of MALAT1 gene polymorphisms with neuroblastoma susceptibility in children from Jiangsu Province.	2025				Neuroblastoma, a clinically heterogeneous pediatric tumor, has varying outcomes ranging from spontaneous regression to aggressive metastasis. Recent studies have emphasized non-coding RNAs, particularly long non-coding RNAs (lncRNAs), as crucial regulators of cancer epigenetics. MALAT1 is a dual oncogenic lncRNA with some therapeutic potential but has rarely been studied in neuroblastoma. We genotyped three MALAT1 polymorphisms (rs591291 C > T, rs619586 A > G, and rs3200401 C > T) in 402 neuroblastoma patients and 473 controls via TaqMan. Further stratification analysis was conducted to evaluate the potential associations of rs591291 and rs619586 with neuroblastoma risk. Through the GTEx database, we also investigated the impact of MALAT1 gene polymorphisms on the expression of nearby genes and splicing variants. Finally, Kaplan‒Meier analysis conducted via the R2 platform demonstrated the correlation between gene expression and the prognosis of neuroblastoma patients. We discovered that the MALAT1 gene rs619586 A > G polymorphism significantly reduced neuroblastoma risk, whereas rs3200401 C > T increased the risk of neuroblastoma. Stratification analysis revealed that these significant associations were more pronounced in specific subgroups. Moreover, MALAT1 rs619586 A > G and rs3200401 C > T are significantly associated with increased expression of another lncRNA, NEAT1. These findings indicate that reduced expression of the NEAT1 gene is linked to a greater risk and poorer prognosis for neuroblastomas. MALAT1 rs619586 A > G and rs3200401 C > T significantly contribute to susceptibility to neuroblastoma, and further research is needed to investigate the underlying mechanisms involved.				PubMed	https://pubmed.ncbi.nlm.nih.gov/41388554/
CHEMBL5947674	41388542	Exploring experiences and perceptions of nursing students regarding missed nursing care in Ethiopia: a descriptive qualitative study.	2025								PubMed	https://pubmed.ncbi.nlm.nih.gov/41388542/
CHEMBL5947674	41388514	Factors associated with 30-day mortality in patients with acute heart failure presenting to the emergency department: a retrospective cohort study.	2025								PubMed	https://pubmed.ncbi.nlm.nih.gov/41388514/
CHEMBL5947674	41388490	Genetic Parameters of Methane Emission, Feed Efficiency, Feeding Behaviour, and Growth Traits in Beef Cattle.	2025				Climate change has intensified the need to reduce greenhouse gas emissions, particularly methane (CH				PubMed	https://pubmed.ncbi.nlm.nih.gov/41388490/
CHEMBL5947674	41388470	Uncovering functional divergence and cellular clusters with specific gene signatures in HNSCC clonal spheroids.	2025				Head and neck squamous cell carcinoma (HNSCC) exhibits substantial genetic and functional heterogeneities. We generated clonal spheroids (CS) from HNSCC cell lines and patient tumor cells, uncovering distinct functional differences. Hyperproliferative spheroids (HRPS) showed increased proliferation and tumorigenic potential, whereas hypoproliferative spheroids (HOPS) demonstrated enhanced migration and resistance to cisplatin and radiation. In patient tumor-derived spheroids, spheroid size distribution analysis across various TNM stages indicated that early-stage tumors (T2N0M0) predominantly formed HRPS, while later-stage tumors (T4N2M0) exhibited a higher prevalence of HOPS. Single-cell RNA sequencing (scRNA-seq) identified six clusters in the HOPS and four in the HRPS, each defined by unique gene expression profiles and pathway enrichment. HOPS were enriched with fibroblast, mesenchymal, and keratinizing epithelial cells, indicating a metastatic phenotype. They also expressed genes associated with stemness (KRT15 and ALDH3A1). Conversely, HRPS was characterized by proliferative genes, including TOP2A, AURKA, CKS2, AREG, and ANLN, suggesting an advanced HNSCC proliferative signature. Despite being generated from only two cells/well, the various clusters in both spheroid types mirrored the diverse tumor microenvironment in HNSCC, including neoplastic, epithelial, basal, fibroblast, and mesenchymal cells. Notably, the gene expression profiles of Cluster 3 in the HOPS and Cluster 1 in the HRPS closely matched the expression patterns observed in the HNSCC-TCGA dataset. These clusters also displayed a high transcriptional correlation between patient tumors and their xenografts, reinforcing the clonal nature of HNSCC's genetic and functional diversity of HNSCC.				PubMed	https://pubmed.ncbi.nlm.nih.gov/41388470/
CHEMBL5947674	41388468	Reforming nursing reimbursement: direct payment models under Iran's Nursing Service Act in a global context.	2025								PubMed	https://pubmed.ncbi.nlm.nih.gov/41388468/
CHEMBL5947674	41388457	Survival analysis of borderline ovarian tumors: a 23-year retrospective study in a Middle Eastern cohort.	2025								PubMed	https://pubmed.ncbi.nlm.nih.gov/41388457/
CHEMBL5947674	41388454	Impact of family function on psychological distress and its threshold effect in informal caregivers of elderly people with dementia.	2025								PubMed	https://pubmed.ncbi.nlm.nih.gov/41388454/
CHEMBL5947674	41388443	Association between HIV infection and type 2 diabetes mellitus: global incidence, prevalence, and risk factors - a systematic review and meta-analysis.	2025								PubMed	https://pubmed.ncbi.nlm.nih.gov/41388443/
CHEMBL5947674	41388426	Sepsis and septic shock case identification from electronic health records: an open-source workflow and comparison of cohorts by criteria.	2025				Deploying clinical criteria to identify patients with sepsis from the electronic health record is challenging. We sought to build an open-source data workflow for sepsis and septic shock case identification using three distinct criteria and assess the identified cohorts. We developed a workflow from raw data queries through case identification using the Centers for Disease Control and Prevention Adult Sepsis Event (CDC ASE), Sepsis-3, and International Classification of Diseases criteria. The workflow was then applied to patient encounters between 2012 and 2024 across 25 emergency departments and hospitals in an integrated health system. Separate cohorts of sepsis and septic shock patients by criteria were derived, restricted to a patient's first sepsis encounter, and compared. Pairwise agreement was evaluated with Cohen's kappa (κ) and Jaccard index. Our programming code for the complete workflow is available on a public platform. We identified 302,112 patients with sepsis and 59,043 with septic shock who met one or more of the three criteria. Multiple criteria were satisfied for only 35% of patients meeting at least one sepsis criterion and 45% of patients meeting at least one septic shock criterion. Pairwise agreement was the highest between CDC ASE and Sepsis-3 criteria for both sepsis (κ = 0.39, Jaccard index = 0.31) and septic shock (κ = 0.53, Jaccard index = 0.37). Characteristics and outcomes of patients differed across cohorts identified with the three criteria. Patients meeting both CDC ASE and Sepsis-3 criteria for sepsis and septic shock were more severely ill and had high in-hospital mortality incidence. Our open-source workflow is useful for individuals seeking to build and analyze sepsis and septic shock cohorts. Agreement between case criteria was fair to moderate. Clinicians, researchers, and quality improvement practitioners who identify patient cohorts with sepsis and septic shock retrospectively should consider applying multiple criteria.				PubMed	https://pubmed.ncbi.nlm.nih.gov/41388426/
CHEMBL5947674	41388390	Bisphenol exposure in preterm neonates: a cohort study with measurements at admission and discharge in a neonatal intensive care unit in Ankara, Türkiye.	2025				This study assessed bisphenol exposure in preterm infants (born before 35 weeks of gestation) hospitalized in a neonatal intensive care unit (NICU), along with associated prenatal exposure. Fifty-eight infants and 48 mothers were included. Bisphenol A (BPA) and bisphenol F (BPF) levels were measured in maternal urine, cord blood, and infant urine samples using high-performance liquid chromatography (HPLC). There was a significant negative association between maternal urine BPF (MuBPF) and the newborn's birth weight percentile. A significant positive correlation was found between the BPA levels of the infant's urine taken on the first day (NuBPA1) and the second sample taken on the last day (NuBPA2) in the NICU. There was a significant negative association between tertile levels of cord BPA (cBPA) and stretched penile length (SPL). NuBPF1 levels in the first-born babies were significantly higher compared to the later-borns. Detectable NuBPF1 levels and decreased NuBPF2 compared to NuBPF1 levels were observed more frequently in males. Cord BPA (cBPA) and BPF (cBPF) levels did not significantly correlate with maternal or infant urinary levels. No association was found between NICU procedures and BPA or BPF exposure levels. The absence of significant associations between neonatal urine BPA levels and both maternal urine and cord blood BPA, as well as NICU procedures, suggests that newborns may be exposed to these chemicals through other, unpredictable sources that were not captured in this study. The study highlights the need to minimize BPA and BPF exposure, especially during pregnancy and NICU stays, to protect fetal health and prevent future issues.				PubMed	https://pubmed.ncbi.nlm.nih.gov/41388390/
CHEMBL5947674	41388304	The mechanism of lncRNA LINC01446 in delayed fracture healing and its clinical significance.	2025				Long non-coding RNAs (lncRNAs) exert a vital role in the fracture healing process by interacting with microRNAs (miRNAs) and constructing lncRNA-miRNA regulatory networks. This study focuses on clarifying lncRNA LINC01446's role in delayed fracture healing (DFH) and exploring its potential regulatory mechanism. The expression of LINC01446 and miR-338-3p in serum samples was detected via qRT-PCR, and the predictive ability of LINC01446 for DFH in fracture patients was evaluated by the ROC curve. The targeting interaction between LINC01446 and miR-338-3p was predicted via StarBase and confirmed through the dual-luciferase reporter assay. For the assessment of cell proliferation and apoptosis, the CCK-8 assay and flow cytometry were utilized. In DFH, LINC01446 was significantly downregulated, while miR-338-3p was notably increased. The relationship between LINC01446 and miR-338-3p was identified, showing an inverse regulatory pattern. Knockdown of LINC01446 lowered osteogenic marker gene expression, inhibited the proliferation of MC3T3-E1 cells, and induced cell apoptosis. Additionally, the miR-338-3p inhibitor effectively abrogated the suppressive effects of LINC01446 knockdown on osteoblastic proliferation and differentiation, as well as its promotional effect on cell apoptosis (P < 0.05). LINC01446 can affect DFH via miR-338-3p and may act as a potential therapeutic target.				PubMed	https://pubmed.ncbi.nlm.nih.gov/41388304/
CHEMBL5947674	41388293	Indonesian National Health Insurance scheme longitudinal sample data 2015-2020: overview and potential uses for health policy analysis.	2025				The Indonesian National Health Insurance Agency (BPJS-K) administers one of the largest single-payer healthcare systems in the world, with 95% of Indonesia's population registered by December 2023. Since 2019, BPJS-K has provided sample data representing 1% of insured individuals. Despite its potential, the BPJS-K sample data remains underutilised in research. This study provides an overview of the BPJS-K dataset, including research that has used it, its structure, contents, and key variables from 2015 to 2020. We present descriptive statistics for the sample, including age and gender distributions, insurance membership type, healthcare visits, diagnoses, referrals, and associated tariffs. We illustrate the dataset's potential applications for health policy analysis and its strengths and limitations. The BPJS-K sample data broadly represents the Indonesian population, as evidenced by comparisons to census data. Regional disparities in healthcare utilisation were observed, with lower service access in Eastern Indonesia. Key variables include diagnoses, such as acute respiratory infections (6% of the visits, the highest in primary healthcare), and reimbursement information for visits to referral healthcare providers and for non-capitation services to primary healthcare providers. The data has the potential to facilitate health policy analysis, given its longitudinal nature and possible linkage to other data. However, current shortcomings, such as limited socio-economic information and quality of diagnostic information, should be considered. The BPJS-K sample data offers potential for longitudinal and cross-sectional health policy research. However, further improvements in data quality, diagnostic recording, accessibility, and linkage to socio-economic data are recommended to optimise its usefulness for research.				PubMed	https://pubmed.ncbi.nlm.nih.gov/41388293/
CHEMBL5947674	41388276	The effect of transition training program on nurse interns engagement.	2025								PubMed	https://pubmed.ncbi.nlm.nih.gov/41388276/
CHEMBL5947674	41388252	Enhancing disaster response self-efficacy in red crescent relief workers: an evaluation of a disasters management training program.	2025								PubMed	https://pubmed.ncbi.nlm.nih.gov/41388252/
CHEMBL5947674	41388232	Platform Assessment of Concentration-QTc Relationship Across GalNAc-siRNA Molecules.	2025				GalNAc-conjugated short interfering RNAs (GalNAc-siRNAs) lack a biologically plausible mechanism for QT/QTc prolongation based on their unique physicochemical and absorption, distribution, metabolism, and excretion (ADME) properties. Nevertheless, regulatory agencies require characterization of QTc effects via either a thorough QT (TQT) study or a concentration-QTc (C-QTc) analysis using early-phase data. This manuscript summarizes platform-level experience across eight GalNAc-siRNAs to assess QTc prolongation risk via C-QTc analysis. Time-matched electrocardiogram (ECG) data and plasma concentration data collected from phase 1/2 studies (N = 686), involving healthy subjects and/or patients receiving single ascending doses of study drug or placebo, were used for C-QTc analysis for eight GalNAc-siRNAs. For each drug, individual and mean change from baseline in placebo-corrected values of Fridericia corrected QT interval (∆ΔQTcF) were assessed over time. Linear regression analysis evaluated the relationship between plasma concentrations of parent/metabolite and ∆ΔQTcF. A concentration-dependent QTc effect was defined as an increase of ≥ 10 ms in the upper bound of the 90% confidence interval (CI) for predicted ∆∆QTcF at the clinically relevant exposures. As per International Council for Harmonisation (ICH) E14 guidance, categorical analyses of QTcF interval data were also performed. GalNAc-siRNAs demonstrated similar pharmacokinetics with rapid absorption and short plasma half-lives, with concentrations typically declining to below quantifiable levels within 24-48 h. Across the eight GalNAc-siRNAs, there were no dose-dependent increases in ∆∆QTcF over time. No subject had a QTcF interval > 500 ms or a change from baseline > 60 ms. Slopes of the linear regression of concentration versus ∆∆QTcF were close to zero, and the upper bound of 90% CI for ∆∆QTcF values at mean C No concentration-dependent increase in QTcF was observed with multiple GalNAc-siRNA molecules across diverse targets and indications, confirming that GalNAc-siRNAs are highly unlikely to pose a QT prolongation risk. Hence, dedicated TQT studies are not necessary for the molecules in this platform and assessment of C-QTc relationships from early clinical studies up to maximum feasible clinical doses, which might be less than twofold of the likely therapeutic dose, is sufficient to assess the QT liability. NCT02797847, NCT04565717, NCT02706886, NCT05256810, NCT03338816, NCT03934307, NCT05661916, and NCT05761301.				PubMed	https://pubmed.ncbi.nlm.nih.gov/41388232/
CHEMBL5947674	41388160	The Effect of Psychotropic Medications on Glaucoma Risk and Intraocular Pressure: A Bayesian Meta-Analysis.	2025				Glaucoma is one of the leading causes of irreversible blindness worldwide and is increasingly recognized as a potential adverse effect of various pharmacological agents. It has been suggested that psychotropic medications influence glaucoma risk, but findings across studies have remained inconsistent. We aimed to clarify the association between psychotropic drug use and glaucoma through a Bayesian meta-analysis. We conducted a systematic literature search up to December 2024. Studies that examined the relationship between psychotropic medications and glaucoma or intraocular pressure (IOP), and reported odds ratios (ORs), relative risks (RRs), or mean differences, were eligible. Bayesian random-effects models were applied using informative priors based on existing evidence for specific compounds. Estimates were reported as pooled ORs and Hedges' g with corresponding 95% credible intervals (CrIs). A total of 22 observational studies, including 293,228 users of psychotropic medications, met the inclusion criteria. Selective serotonin reuptake inhibitors (SSRIs) were associated with a modestly reduced risk of open-angle glaucoma (OR = 0.832, 95% CrI: 0.753-0.921) and a small but consistent reduction in IOP (Hedges' g = -0.332, 95% CrI: -0.487 to -0.179). Although tricyclic antidepressants were expected to have a direct causative effect, results did not show a significant association with glaucoma risk (OR = 1.466, 95% CrI: 0.700-3.338). Benzodiazepines were associated with a significantly increased risk of glaucoma (OR = 1.550, 95% CrI: 1.436-1.674), with consistent effects across both short- and long-acting compounds. Topiramate demonstrated a strong association with acute angle-closure glaucoma (OR = 3.930, 95% CrI: 1.784-11.465), in accordance with its known mechanism of inducing anterior displacement of the lens-iris diaphragm. Studies on methylphenidate, limited to pediatric populations, suggested a modest but non-significant reduction in IOP compared with untreated individuals. Evidence on antipsychotics was inconsistent, precluding any quantitative synthesis. While some drug classes (e.g., benzodiazepines, topiramate) show a strong association with glaucoma, results for other compounds must be taken judiciously. The high level of heterogeneity, and the presence of special populations suggest caution when moving to real-life scenarios. Nonetheless, our results highlight the importance of ophthalmologic monitoring in patients prescribed with psychiatric drugs (e.g., benzodiazepines or topiramate), at risk for angle closure.				PubMed	https://pubmed.ncbi.nlm.nih.gov/41388160/
CHEMBL5947674	41388151	NRAV promotes HCC stemness via the m6A-regulated let-7c-5p/LIN28B axis.	2025				Long non-coding RNAs (lncRNAs) plays critical roles in hepatocellular carcinoma (HCC), but their post-transcriptional regulation via N6-methyladenosine (m6A) remains poorly understood. Here, we identify NRAV as an m6A-modified lncRNA that promotes HCC stemness through a defined molecular axis. Integrating bioinformatics analysis of TCGA data with in vitro and in vivo validation, we demonstrated that NRAV is significantly overexpressed in HCC and associated with poor prognosis. Mechanistically, NRAV acts as a competing endogenous RNA (ceRNA), sequestering hsa-let-7c-5p and preventing it from downregulating LIN28B, a key stemness factor. This leads to increased LIN28B protein levels and enhanced expression of cancer stem cell markers. MeRIP-qPCR and site-directed mutagenesis experiments confirm that m6A modification of NRAV is crucial for its function. In animal models and clinical tissues, NRAV expression correlates with disease progression and CSC marker accumulation. Our findings uncover a novel NRAV-let-7c-5p-LIN28B axis that links m6A modification to CSC maintenance in HCC, highlighting a potential therapeutic target for disrupting stemness pathways in liver cancer.				PubMed	https://pubmed.ncbi.nlm.nih.gov/41388151/
CHEMBL5947674	41388037	Engineering filamentous potato virus X as a platform nanotechnology for nucleic acid gene delivery.	2025				Nucleic acid therapeutics and gene delivery platforms have the potential to change the way we treat disease, enabling precision medicine. Advances in biotechnology have allowed for production of virtually any functional protein or peptide in the human body through the introduction of various classes of RNA, including regulatory and coding RNAs (e.g., mRNA) in the form of linear or circular RNA (circRNA). To be effective, nucleic acid therapeutics require safe, stable, and efficient delivery vehicles that protect the otherwise labile cargo from degradation, promote cellular uptake, and facilitate payload release. Lipid nanoparticles (LNPs) have enjoyed recent clinical success for the delivery of mRNA to combat disease - especially against coronavirus 2019 (SARS CoV-2) and, more recently, against high-grade ductal breast carcinoma (clinical trial) - marking significant milestones for RNA nanomedicines. As an alternative to LNPs and mammalian viral vectors, we report the use of nucleoprotein components from a filamentous plant virus, potato virus X (PVX) as an RNA platform delivery technology. Designer nucleoprotein complexes of filamentous and halo-shaped nanoparticles were obtained through self-assembled templating on custom mRNAs and circRNAs. The flexuous nature of the PVX platform enabled the packing of circRNA yielding a unique nanoparticle platform. We explored assembly from coat protein (CP) obtained from PVX particles produced in planta but also extended the design space by producing recombinant CP by bacterial expression. Controlled mixed assemblies were achieved allowing the programming of mosaic particles with integrated functionality; length control was also demonstrated, resulting in bespoke nucleic acid delivery vehicles for tunable pharmacology. Using reporter genes, we demonstrate successful transfection of eukaryotic cells and target protein expression.				PubMed	https://pubmed.ncbi.nlm.nih.gov/41388037/
CHEMBL5947674	41387971	Sleep quality in Spanish adults: an age- and sex-stratified cross-sectional study.	2025				Poor sleep quality is associated with obesity, cardiovascular disease, cognitive impairment, increased hospitalization and mortality. Combining actigraphy with questionnaires effectively evaluates sleep. Age and sex shape both subjective sleep quality and objective actigraphic metrics; however, stratified estimates combining both approaches in Spanish adults are scarce. The aim of this study was to analyse the role of age and sex on sleep quality, in an age-sex stratified random sample of the general Spanish population. For this, it was carried out a cross-sectional descriptive study carried out in Salamanca and Ávila (Spain). The study population included a sample of 500 people aged 25-65 years selected by stratified random sampling by age and sex. Sleep quality was analysed using actigraphy and the Pittsburgh Sleep Quality Index-PSQI. Sociodemographic and clinical variables were also studied. The results were that men obtained a lower mean PSQI score than women. By age group, the poorer subjective sleep quality corresponded to the 25-years group, whereas the 45-year group had the lowest PSQI scores. Actigraphy showed higher efficiency in women. Men had more WASO, more awakenings and higher fragmentation. Midlife groups (35-45 years) showed lower efficiency and higher WASO. Trial registration number: NCT05324267.				PubMed	https://pubmed.ncbi.nlm.nih.gov/41387971/
CHEMBL5947674	41387905	Immunological studies on new rabbit paternal lines with different potentials for growth rate and resilience: pathways towards healthier animals.	2025				This study evaluated leukocyte and immune parameters in female rabbits and their kits from three genetic lines (R, RF, and RFLP) during their first reproductive cycle. The R line was selected for growth rate over 37 generations, the RF line was derived from elite R animals, and the RFLP was obtained by backcrossing the RF line with a maternal line (LP). In females, the total lymphocyte percentage decreased from the first AI to weaning (-15.8 percentage points; p < 0.001; MIXED model); granulocytes peaked at weaning (+12.4 percentage points greater than the AI and +4.4 percentage points greater than parturition; p < 0.01; MIXED model). The CD4				PubMed	https://pubmed.ncbi.nlm.nih.gov/41387905/
CHEMBL5947674	41387839	Challenges in implementing pharmacist-led admission medication reconciliation in hospital practice: a qualitative study.	2025				Pharmacist-led admission medication reconciliation (MedRec) plays a critical role in optimizing pharmacotherapy during care transitions. Despite its benefits are well established, real-world implementation remains limited. To address this gap, this study explored context-specific barriers and facilitators affecting admission MedRec implementation in a hospital setting. This narrative qualitative study used semi-structured interviews to explore factors influencing the implementation of pharmacist-led admission MedRec at a medical center in Taiwan. Fifteen pharmacists with admission MedRec experience and varying seniority levels were purposively recruited for face-to-face interviews. The interview guide was developed using the PRECEDE-PROCEED model and covered predisposing, enabling, and reinforcing factors, as well as physical and social environmental influences. All interviews were audio-recorded, transcribed verbatim, and analyzed using inductive thematic analysis. Although coding was conducted inductively, the resulting themes were subsequently organized within the PRECEDE-PROCEED framework. Five overarching themes were identified. Predisposing factors reflected pharmacists' positive views of admission MedRec but noted challenges with prioritizing it in daily practice. Reinforcing factors pointed to a lack of performance feedback and limited external recognition. Enabling factors highlighted gaps in professional competencies and insufficient training opportunities. Physical and social environmental barriers, including limited information system support, frequent workflow interruptions, and unclear institutional norms, further impeded implementation. Major barriers to implementing pharmacist-led admission MedRec included time constraints, unclear prioritization, and inadequate feedback mechanisms. While pharmacists recognized the value of admission MedRec, it was frequently deprioritized during routine practice. Using the PRECEDE-PROCEED model facilitated a structured assessment of individual and contextual determinants. These findings provide practical direction for developing targeted strategies to support and sustain admission MedRec implementation in hospital settings.				PubMed	https://pubmed.ncbi.nlm.nih.gov/41387839/
CHEMBL5947674	41387835	Design and validation of a questionnaire for perception of academic bullying in the clinical medical education environment.	2025								PubMed	https://pubmed.ncbi.nlm.nih.gov/41387835/
CHEMBL5947674	41387814	Prevalence and factors associated with sero-conversion among HIV exposed infants receiving care at Lira regional referral hospital in Lira City: a cross-sectional study.	2025				Human Immunodeficiency Virus (HIV) is a significant public health concern globally, particularly among vulnerable populations such as infants. Mother-to-child transmission (MTCT) of HIV contributes significantly to infant and child HIV-related mortality. In Uganda, up to 3200 children aged 0 to 14 years die due to HIV-related causes annually, which is highly concentrated in areas heavily affected by HIV, like Lira city. Therefore, this study aimed to find out the prevalence of seroconversion and its associated factors among HIV exposed infants receiving care at Lira Regional Referral Hospital in Lira City, northern Uganda. A cross-sectional study design which used a retrospective approach. 217 patient files of infants under 18 months at the Early Infant Diagnosis Clinic of Lira Regional Referral Hospital from February 2021 to February 2024 were systematically selected. Quantitative methods of data collection using a standardized data extraction form were used. Data were analyzed using SPSS version 27 to obtain results. Bivariable and multivariable logistic regression analysis was done considering the p-values of 0.2 and 0.05 respectively as levels of statistical significance and data was presented in form of tables and pie-chart. There were 217 case records reviewed and the results showed that; The seroconversion rate among exposed infants was 7.3% (16/217), and several factors including infants' sex (aOR 36.177; 95%CI:(1.747-749.045), P = 0.020), Infant's nutrition status (aOR 437.186; 95%CI: (5.248-36,422.893), P = 0.007), Infants' mode of feeding (aOR 10.565; 95%CI: (1.171-96.990), P = 0.036) and Maternal viral load suppression status during lactation (aOR 27.971; 95%CI:(1.049-745.899), P = 0.047) were found to be significantly associated with seroconversion. The seroconversion rates among exposed infants in Lira City are higher than the national estimate of 6.9%. Even now that there has been reduced support towards HIV/AIDs services, stakeholders including midwives, the ministry of health and local leaders should align efforts on strengthening appropriate infant feeding counseling, timely ART initiation for newly tested mothers and adherence counselling for unsuppressed mothers and continuously monitoring PMTCT programs.				PubMed	https://pubmed.ncbi.nlm.nih.gov/41387814/
CHEMBL5947674	41387786	Changes in oxidative stress and inflammation biomarkers in the pathogenesis of migraine: possible relationships with lipid metabolism.	2025				Migraine is a common neurological disease that limits daily life. Researchers have proposed various mechanisms in the pathogenesis of migraine, including vascular dysfunction, neurogenic inflammation, oxidative stress, and stimulation of the trigeminovascular system. Studies consistently demonstrate the impact of oxidative stress and neurogenic inflammation on lipid metabolism. Although causality cannot be definitively established, several studies suggest that migraine may be associated with alterations in lipid metabolism, potentially resulting in an atherogenic lipid profile. This study aimed to investigate the status of oxidative stress and inflammation during the interictal phase of migraine and explore their potential impact on lipid metabolism. The Neurology outpatient clinic included fifty-seven migraine patients and thirty control cases. Migraine diagnosis and classification were made according to the International Classification of Headache Disorders (ICHD-3), with clear categorization into episodic or chronic migraine and migraine with aura (MWA) or without aura (MWoA). Serum levels of malondialdehyde (MDA, a marker of lipid peroxidation), glutathione (GSH, an antioxidant), NOD-like receptor family pyrin domain containing 3 (NLRP3, an inflammasome component), and nuclear factor kappa B (NF-κB, a proinflammatory transcription factor), as well as lipid parameters and headache characteristics, were assessed. CRP levels were measured via standard turbidimetric method; MDA and GSH were determined using spectrophotometric methods; NLRP3 and NF-κB were analyzed using ELISA kits per manufacturer protocols. In migraine patients, MDA and CRP levels significantly increased, while GSH and NLRP3 levels significantly decreased (p < 0.05). Subgroup analysis revealed that CRP and NLRP3 levels were significantly different between MWA and MWoA groups. Additionally, LDL levels were higher in patients with MWA. This study demonstrates a statistically significant association between elevated oxidative stress (increased MDA, decreased GSH), altered inflammatory response (elevated CRP, reduced NLRP3), and migraine. Differences between MWA and MWoA suggest subtype-specific pathophysiological mechanisms. Although this study supports a potential link between oxidative stress, inflammation, and lipid metabolism in migraine, they do not establish causality. These biomarkers may represent targets for future diagnostic and therapeutic strategies.				PubMed	https://pubmed.ncbi.nlm.nih.gov/41387786/
CHEMBL5947674	41387765	Transcranial direct current stimulation of the occipitotemporal cortex enhances identification of ambiguous faces.	2025				Transcranial direct current stimulation (tDCS) has emerged as a promising tool for investigating the neural mechanisms underlying various brain functions and for enhancing related behavioral performance. In this sham-controlled, between-subjects study, we examined the effects of tDCS applied to the right and left occipitotemporal cortex (OTC) on face identification performance using a delayed match-to-sample task with morphed face images of varying discrimination difficulty. Three active montages were tested: (M1) anode on the right OTC and cathode on the left OTC, (M2) anode on the left OTC and cathode on the right OTC, and (M3) anode on the right OTC with the cathode on the left shoulder. A total of 47 participants were randomly assigned to one of four groups: M1 (n = 13), M2 (n = 12), M3 (n = 13), and Sham (n = 9). The results showed a significant improvement in face discrimination performance with the M1 montage relative to the sham condition. Although performance also improved in M2 and M3, these effects were not significantly different from the sham group. Across all montages, the largest impact on non-match discrimination was observed under more ambiguous conditions, particularly at a 30% morph distance, which corresponded to the point of subjective equality. Furthermore, tDCS stimulation led to longer reaction times across all montages, with the significant delays noted in M1 and M3. Findings of this preliminary study suggest a hemispheric laterality bias in face identity discrimination following tDCS-induced neural modulation.				PubMed	https://pubmed.ncbi.nlm.nih.gov/41387765/
CHEMBL5947674	41387750	Real time sugarcane stem health detection with YOLOv8 tinier and RepNCSP ELAN.	2025				Sugarcane is the largest cash crop globally in terms of production and serves as a primary source of sugar and biofuel. The buds naturally present on sugarcane stems are used for vegetative propagation, and determining the health of the sugarcane stems is a crucial preliminary step in automated bud extraction pipelines to achieve better seed quality and higher crop yield. However, automated sugarcane stem health detection is not addressed in prior research. Additionally, agricultural automation models must be extremely lightweight and efficient for edge and embedded deployment on resource-constrained devices, where both model size and inference latency are important considerations. In this paper, we present a new lightweight object detection model, RepNCSP-ELAN-YOLOv8n (Repeated Normalised Cross Stage Partial with Efficient Layer Aggregation Network-You Only Look Once version 8 nano), for real-time sugarcane stem health classification (Fit vs. Unfit). The proposed model achieves ultra-low computational complexity of only 7.2 GFLOPs, 2.2 million parameters, and 4.6 MB model size (in PyTorch)-significantly lower than prior YOLOv8n and all other nano-level YOLO versions-while still providing state-of-the-art performance of 90.1% mAP@50, 64.2% mAP@95, and 14.33 ms average inference time. The model is trained on a self-curated dataset of 3839 images collected under various natural farm conditions in multiple Indian regions. We conduct extensive benchmarking with major YOLO versions, demonstrating our proposed model's superior efficiency and competitive accuracy. Furthermore, we empirically validate the model's real-world deployability across multiple edge AI platforms (Jetson Nano, Raspberry Pi 4B) and inference formats (PyTorch, TorchScript, ONNX, TensorRT, MNN and NCNN). The proposed model offers a real-time framework for automated sugarcane stem health detection, providing a crucial step toward intelligent, edge-enabled agricultural automation solutions for better seed quality and higher crop productivity. Source code: https://github.com/NCU-Pushpendra/project-code/blob/main/real-time-sugarcane-detection.ipynb .				PubMed	https://pubmed.ncbi.nlm.nih.gov/41387750/
CHEMBL5947674	41387647	Hesperidin methyl chalcone alleviates imiquimod-induced psoriasis in mice: effects alone and in combination with methotrexate.	2025				"Psoriasis is a common chronic inflammatory skin disease with an increasing worldwide prevalence. Hesperidin methyl chalcone (HMC), a water-soluble derivative of the flavonoid ""hesperidin"", exhibits antioxidant and anti-inflammatory effects. However, its effects on psoriasis have never been investigated. Therefore, this study aims to evaluate the ameliorative effects of HMC, alone and in combination with methotrexate (MTX) in an imiquimod (IMQ)-induced psoriasis mice model. Twenty-five adult female BALB/c mice were randomized into five groups. Except for the control group, all mice received topical IMQ cream (62.5 mg of 5%) for six consecutive days; controls received Vaseline instead as a vehicle. Treated groups were orally administered MTX (1 mg/kg body weight ""b.wt""), HMC (500 mg/kg b.wt), or their combination once daily. Our data revealed that HMC alone markedly attenuated skin erythema, scaling, epidermal hyperplasia, body weight loss, and histopathological alterations, while significantly (P < 0.001) suppressed splenomegaly and oxidative stress, and reduced the elevated levels of interleukin (IL)-23, IL-17A, and cyclooxygenase-2, as well as downregulated the expression of tumor necrosis factor-α. Importantly, the combination of HMC with MTX demonstrated a significant superior efficacy compared to either agent alone, suggesting potential additive or synergistic benefits. In conclusion, this study provides the first preclinical evidence that HMC, particularly in combination with MTX, ameliorates IMQ-induced psoriasis via modulation of inflammatory cytokines, oxidative stress, and histopathological damage. These findings suggest its potential as a therapeutic candidate that warrants further preclinical and clinical investigation in plaque-type psoriasis."				PubMed	https://pubmed.ncbi.nlm.nih.gov/41387647/
CHEMBL5947674	41387534	Software belief reliability growth model incorporating change point and imperfect debugging based on uncertain differential equation approach.	2025				Many software reliability growth models (SRGMs) have been proposed by researchers within the context of probability theory to estimate software reliability, remaining number of faults and optimal release time. The Fault Detection Rate (FDR) may vary because of changes in testing strategies. Due to lack of knowledge of software code, the testing team might be unable to rectify the detected faults thereby introducing new faults during the fault correction process. The debugging process is imperfect due to factors like human error, insufficient testing and complex codes resulting in epistemic uncertainty. In this paper, we have proposed a new software belief reliability growth model (SBRGM) using uncertain differential equations to deal with epistemic uncertainty effectively. We have incorporated imperfect debugging and change point based on the approach of belief reliability theory, making this model more accurate as compared to some of the previously developed models. Model parameters estimation methodology is derived using the least square method and Python version 3.10. Calculation of change point is done using empirical data analysis based on the First principle of Derivatives. Three real data sets have been used to validate the proposed model. This research contributes to being more flexible and realistic in dealing with epistemic uncertainty effectively as compared to conventional approaches.				PubMed	https://pubmed.ncbi.nlm.nih.gov/41387534/
CHEMBL5947674	41387518	A federated transformer-enhanced double Q-network for collaborative intrusion detection.	2025				With the rapid proliferation of IoT technology, cybersecurity challenges have become increasingly prominent. Traditional centralized network intrusion detection systems (NIDS) exhibit significant limitations including privacy risks and inadequate modeling of spatiotemporal correlations. This paper proposes FedT-DQN (Transformer-based Federated Double Q-Network), a novel federated reinforcement learning framework for dynamic intrusion detection. The method incorporates: (1) A Transformer encoder as federated aggregator using self-attention mechanisms; (2) A dual-layer Q-network architecture decomposing detection into feature extraction and decision optimization; (3) Soft Actor-Critic (SAC) integration for local training considering system heterogeneity. Experimental results on four benchmark datasets show that FedT-DQN achieves over [Formula: see text] detection accuracy with enhanced F1 scores and reduced false positive rates, all while maintaining data privacy. The source code for this study is available at https://github.com/BuLaTaa/FedT-DQN-in-IDS..				PubMed	https://pubmed.ncbi.nlm.nih.gov/41387518/
CHEMBL5947674	41387513	Differential expression of miR-23a-3p/-210-3p and /-18b-5p in sudden sensorineural hearing loss patients: A North American cohort study.	2025				Sudden sensorineural hearing loss (SSNHL) is an acquired idiopathic hearing loss in which recent studies have suggested that microRNAs (miRNAs) have a pathogenetic role. We assessed six specific miRNAs linked to SSNHL in serum samples drawn from 11 SSNHL patients and 11 age and sex matched controls. Quantitative real-time PCR Cycle threshold (Ct) values were normalized to an internal control to determine relative miRNA levels. Inter-group mean age, sex, mean or median normalized Ct values were compared using Independent Sample t, Chi-squared or Mann-Whitney U tests. The relative expression (ΔΔCt) of miR-210-3p, miR-23a-2p, miR18b-5p -2.75, -3.33, and - 1.29, corresponded to statistically different ΔCt values (Students T-test, p = 0.006; Mann-Whitney U, p = 0.001 and 0.02) and fold changes of 6.73, 10.87, and 2.45, respectively, in SSNHL patients compared with controls. No significant difference in the expression levels of miR-15a-5p, miR-143-3p, or miR-183-5p was found. This study supports consistent dysregulation of miR-210-3p/-23a-3p and - 18b-5p across different populations of SSNHL patients, suggesting that they play a key role in the pathogenesis of SSNHL.				PubMed	https://pubmed.ncbi.nlm.nih.gov/41387513/
CHEMBL5947674	41387476	Network pharmacology and molecular docking reveal antiviral mechanisms of silver nanoparticles synthesized by Oscillatoria sp. against HCV pathogenesis.	2025				This study explored the green synthesis of silver nanoparticles (AgNPs) using eco-friendly aqueous and methanolic extracts from Oscillatoria sp. algae. Characterization techniques (Fourier transform infrared spectroscopy, Transmission electron microscopy, Dynamic light scattering technique, and Zeta potential) confirmed the successful synthesis and stability of the AgNPs. Untargeted metabolic profiling via LC-MS tentatively identified 22 potential metabolites (1-22) in the extracts, primarily glycolipids, macrolides, fatty acids, and cyclic polyketides. Notably, the methanolic extract and its derived AgNPs exhibited potent antiviral activity against the Hepatitis C Virus (HCV) in HuH7.5 cells. The AgNPs displayed a significantly lower IC				PubMed	https://pubmed.ncbi.nlm.nih.gov/41387476/
CHEMBL5947674	41387419	The long non-coding RNA UGDH-AS1 encodes an NK-cell-inhibiting micropeptide in triple-negative breast cancers.	2025				NK cells are important for the anti-tumour immune response for their potential to kill MHC class I-deficient tumor cells, but they often become dysfunctional in the immune-hostile tumour microenvironment. Here, using single-cell RNA sequencing, we identify an NK cell subpopulation that is specific to triple-negative breast cancers (TNBC) subtype, characterised by the expression of the long non-coding RNA UGDH-AS1. In these NK cells, UGDH-AS1 encodes the micropeptide, NKSM, which renders these NK cells dysfunctional due to the loss of their activation program, which leads to cancer progression. Conditional NKSM knock-in into NK cells of mice results in NK cell deactivation and increased growth of transplanted tumours. Targeted NKSM therapy effectively reduces tumor growth in TNBC mouse models. We find that UGDH-AS1				PubMed	https://pubmed.ncbi.nlm.nih.gov/41387419/
CHEMBL5947674	41387402	Mass spectrometry-based profiling of single-cell histone post-translational modifications to dissect chromatin heterogeneity.	2025				Single-cell proteomics confidently quantifies cellular heterogeneity, however quantification of post-translational modifications, such as those deposited on histone proteins, remains elusive. Here, we develop a robust mass spectrometry-based method for the unbiased analysis of single-cell histone post-translational modifications (sc-hPTM). sc-hPTM identifies both single- and combinatorial histone post-translational modifications (67 peptidoforms in total), which includes nearly all frequently studied histone post-translational modifications with comparable reproducibility to traditional bulk experiments. As a proof of concept, we treat cells with sodium butyrate, a histone deacetylase inhibitor, and demonstrate that our method can i) distinguish between treated and untreated cells, ii) identify sub-populations of cells with heterogeneous response to the treatment, and iii) reveal differential co-regulation of histone post-translational modifications in the context of drug treatment. The sc-hPTM method enables comprehensive investigation of chromatin heterogeneity at single-cell resolution and provides a further understanding of the histone code.				PubMed	https://pubmed.ncbi.nlm.nih.gov/41387402/
CHEMBL5947674	41387394	Unraveling the mechanisms of LncRNAs in cervical cancer: a comprehensive review.	2025				Cervical cancer (CC) ranks as the fourth most prevalent malignancy and the second leading cause of cancer-related mortality in women. Central to its pathology are long non-coding RNAs (LncRNAs), a class of transcripts exceeding 200 nucleotides that do not encode proteins. Instead, they function as critical regulators of gene transcription, chromatin remodeling, and cell cycle progression by interacting with DNA, RNA, or proteins, thereby influencing a range of physiological and pathological processes. As research on LncRNA function deepens, its critical role in tumor biology has become increasingly apparent. LncRNAs have attracted considerable attention in recent years regarding their role in the development and progression of CC. LncRNAs are involved in the proliferation, migration, and invasion of CC cells, and also regulate multiple signaling pathways by interacting with other molecules to influence tumor progression. Although several LncRNAs have been identified as biomarkers of CC, and research on their potential as therapeutic targets is advancing, their specific mechanisms of action and clinical application remain poorly understood. This review aims to comprehensively analyze the biological functions and mechanisms of LncRNAs in CC and explore their clinical application potential, providing new insights and directions for the early diagnosis and treatment of CC.				PubMed	https://pubmed.ncbi.nlm.nih.gov/41387394/
CHEMBL5947674	41387380	3'UTR variants of ALS-linked RNAs modify subcellular and cellular phenotypes.	2025				While most human genes express mRNA 3'untranslated region (3'UTR) variants of different lengths, their impact on cell physiology and disease remains largely unknown. Here, we studied 3'UTR length heterogeneity in amyotrophic lateral sclerosis (ALS) and determined that three ALS-linked transcripts exhibit lengthening of their 3'UTRs in patient samples. We investigated phenotypical effects in a neuronal cell line expressing these 3'UTRs and observed that expression of these unique 3'UTRs induces morphological changes at different levels. Among the most expressed 3'UTR variants in ALS, NEFH 3'UTR-Long induces the formation of nuclear RNA clusters, and Superoxide Dismutase 1 3'UTR-Long diminishes filopodia in the plasma membrane. Sequestosome 1 3'UTR-Long did not show major changes in nuclear RNA clusters or filopodia. Our findings provide the first evidence that 3'UTRs can modulate cellular phenotype independent of the coding region, further expanding the impact of alterations in mRNA biogenesis in ALS.				PubMed	https://pubmed.ncbi.nlm.nih.gov/41387380/
CHEMBL5947674	41387094	Simultaneous Visualization of Distinct Posttranslational Modification States of β-Catenin Using Genetic Code Expansion and Click Chemistry.	2025				A novel strategy based on genetic code expansion combined with click chemistry for the simultaneous visualization of distinct posttranslational modification (PTM) states of a single protein within living cells. As a model, it is focused on threonine 41 (T41) of β-catenin, a regulatory hotspot implicated in epithelial cancers and known to be phosphorylated, O-GlcNAcylated, or left unmodified. Using site-specific incorporation of the unnatural phenylselenocysteine, a β-catenin-EGFP fusion protein is engineered allowing selective installation of a S-GlcNAc moiety via oxidative elimination and thiol-Michael ligation. Additional β-catenin variants, phosphomimetic T41E-mCherry and wild-type-blue fluorescent protein fusions, are produced to represent other PTM states. All constructs are successfully introduced into Hep3B and HeLa cells by lipofection or TAT-mediated transduction. Fluorescence microscopy revealed distinct subcellular localization profiles for each PTM form. Notably, the S-GlcNAcylated β-catenin exhibited enhanced resistance to proteasomal degradation, consistent with known roles of O-GlcNAcylation in protein stability. This approach provides a versatile platform to functionally probe PTMs in a comparative, cell-based context.				PubMed	https://pubmed.ncbi.nlm.nih.gov/41387094/
CHEMBL5947674	41387083	Evaluating the role of preemptive intravenous ketorolac in preventing post-operative pain in patients undergoing hemorrhoidectomy: A randomized clinical trial.	2025				Post-hemorrhoidectomy pain remains a common and distressing factor that negatively affects the patient's recovery and satisfaction following the operation. Preemptive analgesia is a therapeutic measure before surgery initiation to prevent central sensitization and reduce the postoperative pain in the early period. To evaluate the preemptive effect of intravenous ketorolac on pain severity in patients post-hemorrhoidectomy. In this randomized clinical trial, 61 adults scheduled for hemorrhoidectomy were allocated to receive either 30 mg intravenous ketorolac just before induction (intervention group) or no preemptive analgesic (control). Both groups received postoperative pethidine as needed for breakthrough pain. Pain severity was assessed at 1 and 4 h postoperatively using the verbal rating scale (VRS), and postoperative opioid consumption was recorded. 32 out of 61 patients were enrolled in the intervention group and 29 in the control group. There was no difference in age or sex between the two groups (p > 0.05). The results showed that pain severity in the 1st and 4th hours after the operation was significantly lower in the intervention group (p < 0.001). Also, the postoperative demand for opioids was significantly lower in the intervention group (p = 0.002). We found that NSAIDs, particularly ketorolac, can be used as preemptive medication to reduce postoperative pain and decrease the use of opioids. This might lead to a decrease in the side effects of opioids. However, further evaluations with larger populations and longer follow-up periods are essential. This randomized clinical trial registration code is IRCT20240808062692N1.				PubMed	https://pubmed.ncbi.nlm.nih.gov/41387083/
CHEMBL5947674	41386828	Genetic differentiation and conservation insights into Salicornia iranica subsp. sinus-persica from Musa Bay using SCoT markers and DNA barcodes.	2025				Understanding genetic diversity is essential for the conservation and management of halophyte species, especially in ecologically sensitive and industrially impacted regions. In this study, 52 accessions of Salicornia iranica subsp. sinus-persica were collected from diverse microhabitats across Musa Bay, including coastal zones, islands, and petrochemical sites. Following comprehensive morphological assessments showing high phenotypic similarity, and to ensure broad ecological coverage, 16 accessions representing all major microhabitats were selected for molecular analysis. SCoT markers and DNA barcoding (ITS and trnH-psbA regions) were employed to investigate their genetic structure. The SCoT markers revealed considerable polymorphism and partial genetic differentiation, especially between accessions from petrochemical and natural saline habitats. ITS sequencing identified five haplotypes without forming a monophyletic clade, indicating shallow divergence and possible ancestral polymorphism. In contrast, no variation was detected in the plastid region trnH-psbA. These results represent the first global report of ITS and trnH-psbA haplotypes for this subspecies. While the findings are preliminary due to limited sample size and marker coverage, they provide a critical baseline for future studies employing high-resolution genomic tools. Our findings underscore the influence of habitat fragmentation and anthropogenic pressures on genetic patterns and emphasize the importance of conserving genetically distinct accessions in ecologically vulnerable habitats to support the long-term survival and sustainable utilization of this coastal halophyte.				PubMed	https://pubmed.ncbi.nlm.nih.gov/41386828/
CHEMBL5947674	41386802	Access to palliative care services within patient-sharing networks for patients with breast, colorectal and non-small cell lung cancers.	2025				Timely delivery of palliative care (PC) services improves outcomes for patients with cancer; however, utilisation remains low. This study aimed to determine access to PC clinicians for patients with early and advanced-stage cancer and assess collaboration with oncology physicians using patient-sharing networks. Using Surveillance, Epidemiology, and End Results-Medicare data (2016-2019), we identified patients with stage I-IV breast, colorectal or non-small cell lung cancer. PC encounters within 12 months after diagnosis were included. PC clinicians were defined as those with at least one PC encounter and further categorised as formally trained PC specialists or non-specialists (billing code only). Patient-sharing networks evaluated the extent of collaboration between oncology physicians and PC specialists. Direct connections were defined as physicians sharing patients with a PC specialist; indirect connections as sharing patients with another clinician who was directly connected to a PC specialist. Among 100 891 patients, 6% received PC services, with higher rates observed for stage IV disease (15%) compared with stages I-III (3%). Only 33% of PC encounters were delivered by PC specialists (36% in stages I-III; 32% in stage IV). In 2019, 85% of medical oncologists had either a direct (16%) or indirect (69%) connection with a specialist. Patient-sharing network analysis revealed limited integration of specialty PC, with most oncologists indirectly collaborating with PC specialists. Expanding the specialist workforce and strengthening collaboration are essential to improve access and quality of PC delivery.				PubMed	https://pubmed.ncbi.nlm.nih.gov/41386802/
CHEMBL5947674	41386749	Dietary Diversity and Risk of Developing Gout: A Cohort Study of 161,213 Participants.	2025				Various epidemiological studies have shown the effects of certain foods on the risk of developing gout. However, the associations have not been comprehensively confirmed in the prospective studies. Using data from 161,213 participants (54.32% Female) aged 56.5 years in a large cohort, we examined the association between the food intake of five major groups (grain, vegetables, fruits, meat, and dairy product) and gout. The diet diversity score (DDS) was calculated using five rounds of 24-hour dietary recall records. Genetic risk for gout was characterized using a weighted polygenic risk score (PRS). The International Classification of Diseases (ICD-10) code was used to identify gout cases. Cox proportional hazard models were used to estimate the hazard ratios (HRs) for each food group and the total DDS with the outcome of gout. Restricted cubic spline regressions were used to examine the dose-response association between DDS and gout risk. During a median follow-up of 13.26 years, 2,004 cases of gout occurred. After fully adjusting for confounders, intermediate (HR 0.798, 95% CI 0.707-0.900) and high (HR 0.807, 95% CI 0.701-0.928) DDS, as well as consumption of grain products (HR 0.852, 95% CI 0.789-0.919), dairy products (HR 0.889, 95% CI 0.846-0.933), vegetables (HR 0.960, 95% CI 0.927-0.993), and fruits (HR 0.924, 95% CI 0.879-0.972), were all associated with a reduced risk of gout (all P < 0.05). The protective association of dairy products with gout was particularly notable in the high genetic risk subgroup (HR 0.885, 95% CI 0.832-0.942; P=1.089×10 Our findings support dietary recommendations that advocate for moderately diverse diets rich in specific healthy foods as an effective measure for gout prevention, especially in high-risk populations.				PubMed	https://pubmed.ncbi.nlm.nih.gov/41386749/
CHEMBL5947674	41386531	Graph-spa: A Spatiotemporal Graph Neural Network based framework for ARDS prediction and interpretability.	2025				Traditional deep learning models for multivariate time-series data often fall short in capturing long-range temporal dependencies critical for early prediction of the onset of acute respiratory distress syndrome (ARDS). To address this gap, we introduce Graph-spa, a dynamic Spatiotemporal Graph Neural Network (STGNN) based framework that not only improves ARDS prediction by modeling evolving interactions among clinical variables but also enhances interpretability through model-agnostic feature attribution. Graph-spa at its core integrates temporal convolution layers with an STGNN model that dynamically updates the adjacency structure, capturing both local and non-local temporal dependencies across three datasets (HiRID, MIMIC-IV, and eICU). We benchmarked our model against four traditional deep learning models (GRU, LSTM, TCN, Transformer) and an STGNN baseline. To complement the prediction framework, we applied mask-based interpretability approaches to generate feature-time attribution scores. These scores guide a subsequent co-occurrence analysis that identifies clusters of sustained feature activations in the 12-hour window preceding ARDS onset. Our experiments demonstrate that Graph-spa consistently outperforms the baseline models in both internal and external validations. On the AUC F1-MCC metric, chosen for this imbalanced classification task, Graph-spa achieves 50.02% vs 45.61% on HiRID, 48.52% vs 46.88% on MIMIC-IV, and 46.64% vs 45.41% on eICU-CRD compared with the STGNN baseline. Graph-spa also outperforms recurrent, convolutional, and attention-based models evaluated under identical settings (Wilcoxon signed-rank; Holm-adjusted p-values ¡ 0.05). The dynamic adjacency enhancement allows the model to capture complex, evolving feature interactions, as evidenced by more diversified connectivity patterns compared to the baseline. In addition, interpretability analysis reveals that sustained abnormalities in potassium levels, along with declining Glasgow Coma Scale scores, form a critical composite risk profile that may serve as an early indicator of ARDS. Graph-spa advances dynamic clinical event prediction and also offers significant promise for early detection of organ failure in acute care settings by illustrating an end-to-end approach covering spatiotemporal modeling, interpretability, and discovery of sub-clinical signatures. Because its core modules, dynamic spatiotemporal graph construction, mask-based attribution, and co-occurrence mining, are model-agnostic, the framework can easily be extrapolated to any dynamic classification or regression task in the ICU. The code is available at https://github.com/vsubbian/Graph-spa.				PubMed	https://pubmed.ncbi.nlm.nih.gov/41386531/
CHEMBL5947674	41386423	A study on the susceptibility of Helice tientsinensis to infectious hypodermal and hematopoietic necrosis virus (IHHNV).	2025				Infectious hypodermal and hematopoietic necrosis virus (IHHNV) is a widely distributed and highly pathogenic virus affecting shrimp. Helice tientsinensis, a key benthic crab commonly found in shrimp ponds in northern China, has unknown susceptibility to IHHNV and a potential role in viral transmission. In this study, healthy H. tientsinensis individuals were experimentally infected with IHHNV through non-invasive oral way to mimic natural exposure pathways in shrimp aquaculture systems. By day 15 post-infection, some individuals developed small black lesions on the carapace, which mostly resolved after molting. IHHNV-challenged crabs exhibited no mortality. Histopathological examination revealed the presence of Cowdry type A eosinophilic inclusion bodies in hemal sinuses and hepatopancreatic tubules of challenged crabs. In situ hybridization detected strong IHHNV-specific signals in the hepatopancreas, confirming viral infection. Quantitative PCR analysis showed relatively high IHHNV loads in the gills, hepatopancreas, and stomach, with the hepatopancreas exhibiting the highest viral load. Furthermore, this study confirmed cross-species transmission of IHHNV from infected H. tientsinensis to juvenile Penaeus vannamei by qPCR detection and histopathological analysis. These findings meet the WOAH criteria for confirming susceptibility as outlined in Chapter 1.5 of the Aquatic Animal Health Code, supporting the conclusion that H. tientsinensis is a susceptible host of IHHNV. Additionally, a survey conducted from the year 2021 to 2023 revealed the persistent presence of IHHNV in H. tientsinensis populations across various shrimp farming periods along China's coastal regions, with notably high viral loads detected within pond environments. This study highlights the overlooked risk of cross-species pathogen transmission by wild crab species. The foraging behavior of H. tientsinensis may facilitate the spread of IHHNV within aquaculture systems, posing a potential threat to the health management of shrimp pond farming.				PubMed	https://pubmed.ncbi.nlm.nih.gov/41386423/
CHEMBL5947674	41386389	LncRNA SNHG6 Attenuates Ferroptosis in High Glucose-treated Renal Tubular Epithelial Cells by Stabilizing YY1 to Activate the PI3K/AKT/GSK-3β Pathway.	2025				Ferroptosis has emerged as a critical mechanism contributing to renal tubular epithelial cell injury in diabetic nephropathy (DN), though its mechanisms require further elucidation. This study investigated the expression and regulatory role of long non-coding RNA small nucleolar RNA host gene 6 (SNHG6) in DN-associated ferroptosis. Bioinformatics analysis confirmed the significant downregulation of SNHG6 in DN and its diagnostic value, while real-time quantitative PCR experiments demonstrated that high glucose treatment for 24 hours induced the downregulation of SNHG6 in renal tubular epithelial cells HK-2. Overexpression of SNHG6 alleviated high glucose-triggered ferroptosis of HK-2 cells by promoting the expression of glutathione peroxidase 4 and reducing the expression of acyl-CoA synthetase long chain family member 4 and transferrin receptor, manifested by increased cell viability, decreased lactate dehydrogenase activity, and suppressed lipid peroxidation. Mechanistic studies revealed that SNHG6 stabilized YY1 mRNA by promoting its binding to the FUS RNA-binding protein, subsequently activating the PI3K/AKT/GSK-3β signaling pathway to exert a protective effect. Blocking the YY1-PI3K signaling cascade abolished SNHG6 overexpression-mediated inhibition of high glucose-induced cellular ferroptosis. In summary, SNHG6 exerts renoprotective effects in DN by modulating ferroptosis through the YY1-PI3K/AKT/GSK-3β axis.				PubMed	https://pubmed.ncbi.nlm.nih.gov/41386389/
CHEMBL5947674	41386287	Improving the observed to expected mortality ratio with the combination of standardized documentation and a multi-disciplinary mortality review committee.	2025				Many academic medical centers (AMCs) rely on systems like the Vizient Quality and Accountability Scorecard to track quality metrics such as the observed-to-expected (O/E) mortality ratio. The O/E mortality ratio calculation relies on clinical documentation. Missed documentation of diagnoses and risk factors for mortality leads to an underestimated expected mortality which negatively affects the O/E metric. We aimed to reduce our O/E mortality ratio from a median of 1.08 (± 0.10) to a median well below 0.90 within 12 months by improving the accuracy of clinical documentation. We used a continuous quality improvement process that began with creating a rule-based tool within a standardized documentation template. The tool was designed to pull pertinent discrete electronic health record data into clinician documentation. The tool only pulled in data which was present on admission and it especially prioritized inclusion of frequently missed risk factors according to prior coding query data. We then formed a multidisciplinary mortality review committee where providers reviewed mortality cases, made suggestions for documentation clarification, and found potential diagnoses and risk factors that the patient had which were missing from the documentation. We then leveraged the committee's expertise and feedback to improve the rule-based clinical tool. Over the 21-month period following implementation, the median O/E mortality ratio decreased by 30%, from 1.08 (± 0.10) to 0.72 (± 0.13) and consistently remained below the prior levels. Importantly, the intervention also led to a reduction in the total number of coding queries sent to clinicians, indicating a lower administrative burden for clinicians and coders. Our interventions showed a clear improvement in the O/E mortality ratio at our AMC and in the expected mortality percentage compared to other similar institutions without significantly increasing burden on clinicians or coding specialists.				PubMed	https://pubmed.ncbi.nlm.nih.gov/41386287/
CHEMBL5947674	41386158	CNER-Omni: A unified dynamic modality learning framework for Chinese named entity recognition across text and speech.	2025				With the proliferation of multimodal data in real-world applications, Chinese Named Entity Recognition (CNER) has extended beyond textual inputs to incorporate speech and speech-text multimodal scenarios. However, existing methods often treat text-based, speech-based, and multimodal NER as independent tasks, leading to redundant architectures and limited cross-modal generalization. In this paper, we propose CNER-Omni, a unified framework for Integrated Multimodal Named Entity Recognition (IMNER) that consolidates the three subtasks into a single model. To this end, we design a unified input representation schema and introduce IMAGE, an Integrated Multimodal Generation framework that formulates NER as an entity-aware sequence generation task. IMAGE leverages pseudo-modal inputs, where one modality is synthetically generated to complement the other, enabling effective cross-modal representation learning. In addition, a modality-composition-aware mixture-of-experts (MoE) module is introduced to dynamically adapt the model to various input configurations. Extensive experiments on AISHELL-NER, CNERTA, and MSRA benchmarks demonstrate that IMAGE achieves state-of-the-art performance across all three modalities while significantly reducing model complexity. Notably, our approach excels in both flat and nested NER settings and exhibits strong robustness in low-resource and cross-modal scenarios. Code is publicly available at: https://github.com/NingJinzhong/IMAGE4IMNER.				PubMed	https://pubmed.ncbi.nlm.nih.gov/41386158/
CHEMBL5947674	41386155	Graph based multi-agent reinforcement learning with evolutionary population for cooperation.	2025				In fully cooperative environments, agents aim to learn a joint policy to achieve a shared goal. However, existing Multi-Agent Reinforcement Learning (MARL) approaches struggle when scaling to complex coordination tasks. However, as the complexity of joint tasks increases and the policy space expands, agents face significant challenges in achieving the convergence of optimal policies. The limited observational capabilities of agents, coupled with time-varying interaction weights among neighboring agents, lead to challenges in maintaining stable policy evaluations. To address these challenges, we propose GDE, a MARL framework that combines Graph-based value Decomposition with staged Evolutionary policy optimization. To enhance the efficiency of policy exploration and convergence, we use Evolutionary Algorithms (EAs) with diverse in-population characteristics to conduct gradient-free random search. We employ Graph Neural Networks (GNNs) to extend agents' receptive fields, improving information propagation across neighbors and enhancing coordination in dynamic environments without requiring state consensus. Furthermore, the permutation invariance of topological graphs allows GNNs to maintain stable convergence when processing dynamic data. The formation of multiple agent teams enhances GNNs' ability to capture complex coordination dynamics within the multi-agent system. Our method enables staged optimization of agent policies through evolutionary mechanisms while continuously updating joint policies based on graph relationships. Experiments conducted on micro-management in StarCraft II, robot cooperation in MAMuJoCo, and autonomous driving in SUMO demonstrate the superior performance of GDE, validating the effectiveness and necessity of each proposed module. Our code is available: https://github.com/MercyM/GDE.				PubMed	https://pubmed.ncbi.nlm.nih.gov/41386155/
CHEMBL5947674	41386153	Reference-aware image harmonization.	2025				Image harmonization is a crucial task in image composition and editing, which aims to adjust the foreground to be harmonious with the background. Due to the lack of clear reference standards for foreground appearance adjustment, image harmonization is a highly ill-posed problem. Recent works have shown that the appearance of similar content between the background and foreground can provide reliable guidance to reduce this ill-posedness. However, when there is no similar content to the foreground object in the background, these methods often fail to achieve satisfactory results. To address this problem, we propose a Reference-Aware Image Harmonization Network (RANet). First, we introduce a Style-aware Reference Module that utilizes a diffusion model as an estimator to generate reference style features, thereby achieving global style alignment. Second, we design a Region-aware Reference Module that adaptively identifies and utilizes relevant reference regions between the foreground and background by predicting soft masks, effectively avoiding interference from irrelevant background areas while leveraging useful reference information from the background for better local visual consistency. Experiments on the iHarmony4 dataset and a real mobile phone captured dataset validate the effectiveness of our method. The code and the new dataset are available at https://github.com/thenotshyshyshy/Reference-Aware-Image-Harmonization.				PubMed	https://pubmed.ncbi.nlm.nih.gov/41386153/
CHEMBL5947674	41386152	FedPCL-CDR: A federated prototype-based contrastive learning framework for privacy-preserving cross-domain recommendation.	2025				Cross-domain recommendation (CDR) aims to improve recommendation accuracy in sparse domains by transferring knowledge from data-rich domains. However, existing CDR approaches often assume that user-item interaction data across domains is publicly available, neglecting user privacy concerns. Additionally, their performance degrades under sparse overlapping-user conditions because they rely on a large number of fully shared users for knowledge transfer. To address these challenges, we propose a Federated Prototype-based Contrastive Learning (CL) framework for Privacy-Preserving CDR, called FedPCL-CDR. This approach utilizes non-overlapping user information and differential prototypes to improve model performance within a federated learning framework. FedPCL-CDR comprises two key modules: local domain (client) learning and global server aggregation. In the local domain, FedPCL-CDR first clusters all user data and utilizes local differential privacy (LDP) to learn differential prototypes, effectively utilizing non-overlapping user information and protecting user privacy. It then conducts knowledge transfer by employing both local and global prototypes returned from the server in a CL manner. Meanwhile, the global server aggregates differential prototypes sent from local domains to learn both local and global prototypes. Extensive experiments on four CDR tasks across Amazon and Douban datasets demonstrate that FedPCL-CDR surpasses SOTA baselines. Specifically, it outperforms the strongest baseline by an average of 5.76 % in HR@10, 7.36 % in NDCG@10, and 13.53 % in MRR@10 across all tasks. We release our code at https://github.com/Lili1013/FedPCL_CDR.				PubMed	https://pubmed.ncbi.nlm.nih.gov/41386152/
CHEMBL5947674	41386136	pH-dependent overestimation of heavy metals mobility risk in soils: Implications for soil quality assessment.	2025				Risk Assessment Code (RAC), which treats the percentage of the Bureau Communautaire de Référence (BCR) acid-extractable fraction (P				PubMed	https://pubmed.ncbi.nlm.nih.gov/41386136/
CHEMBL5947674	41385715	Support Strategies and Interventions for eHealth Inclusion: Scoping Review.	2025				Policymakers increasingly promote eHealth as a way to improve health care efficiency. However, digitalization risks excluding individuals and groups who cannot fully engage with eHealth, for example, due to limited digital literacy or restricted access to resources. Targeted support, such as skills training, personalized guidance, or system-level initiatives, may help, but evidence on how such support is organized and on their outcomes for eHealth inclusion remains limited. This scoping review aimed to map proposed strategies to promote eHealth inclusion, identify concrete support interventions, and report evidence on their outcomes. This scoping review followed the PRISMA-ScR guidelines (Preferred Reporting Items for Systematic Reviews and Meta-Analyses extension for Scoping Reviews). Our search included PubMed, Scopus, Web of Science, and Embase for peer-reviewed studies published from 2014 onward, and the search was completed on January 29, 2024. We included empirical studies reporting on support to enhance eHealth inclusion. In total, 40 studies met the criteria: 19 examined support strategies and 21 evaluated targeted interventions. Strategies and interventions were categorized by actors at the microlevel (interpersonal, such as family members, friends, or peers), mesolevel (organizations, such as health care organizations or community organizations), and macrolevel (policy or system). Support strategies and interventions addressed a range of eHealth types, including video consultations, mobile health applications, and patient portals. Strategy studies often emphasized interpersonal support from family, friends, or peers, whereas interventions more often involved health care providers. Intervention outcomes, as identified during analysis, were grouped into adoption, use, skills, and attitudes. Adoption-focused interventions led by health care organizations showed limited or not statistically demonstrated effectiveness. Interventions targeting use partly demonstrated positive effects, such as increased completion of video visits, whereas outcomes related to attitudes were mixed. Nearly all multiactor interventions-combining efforts across micro-, meso-, and macrolevels-effectively improved eHealth skills, including digital and eHealth literacy. Examples include programs linking health care providers with community organizations and initiatives pairing students with older adults, both of which improved these skills. Regional differences were also observed: health care providers played a dominant role in studies from the United States, community organizations were more prominent in African contexts, and multiactor approaches were common in European studies. Overall, interventions yielded mixed results, but multiactor collaborations frequently improved eHealth skills. These findings underscore the value of combining interpersonal, organizational, and policy-level efforts when designing support structures. For health care organizations, initiatives led solely by health care actors may suffice for promoting the use of specific applications (such as video consultations), but they seem insufficient for fostering broader eHealth literacy. Future research should address the sustainability and scalability of multiactor interventions and how health system contexts and cultural factors shape their outcomes.				PubMed	https://pubmed.ncbi.nlm.nih.gov/41385715/
CHEMBL5947674	41385700	Core Collapse Beyond the Fluid Approximation: The Late Evolution of Self-Interacting Dark Matter Halos.	2025				We show that the gravothermal collapse of self-interacting dark matter (SIDM) halos can deviate from local thermodynamic equilibrium. As a consequence, the self-similar evolution predicted by the commonly adopted conducting fluid model can be altered or broken. Our results are obtained using a novel, efficient kinetic solver called kiss-sidm for tracing the gravothermal evolution based on the direct simulation Monte Carlo framework. In the long mean free path stage, the code is a viable alternative to the fluid model, yet requires no calibration parameters. Further, this method enables a fully kinetic treatment well into the late, short mean free path, stage of the collapse. We apply the method to a canonical case with isotropic, velocity independent scattering. We find that although a fluid treatment is appropriate deep in the short mean free path core, departures from local thermodynamic equilibrium develop in the intermediate mean free path region bounding the core, which modify the late-time evolution.				PubMed	https://pubmed.ncbi.nlm.nih.gov/41385700/
CHEMBL5947674	41385660	Logical Operations with a Dynamical Qubit in Floquet-Bacon-Shor Code.	2025				Quantum error correction (QEC) protects quantum systems against inevitable noises and control inaccuracies, providing a pathway toward fault-tolerant (FT) quantum computation. Stabilizer codes, including surface code and color code, have long been the focus of research and have seen significant experimental progress in recent years. Recently proposed time-dynamical QEC, including Floquet codes and generalized time-dynamical code implementations, opens up new opportunities for FT quantum computation. By employing a periodic schedule of low-weight parity checks, Floquet codes can generate additional dynamical logical qubits, offering enhanced error correction capabilities and, potentially, higher code performance. Here, we experimentally implement the Floquet-Bacon-Shor code on a superconducting quantum processor. We encode a dynamical logical qubit within a 3×3 lattice of data qubits alongside a conventional static logical qubit. We demonstrate FT encoding and measurement of the two-qubit logical states and stabilize these states using repeated error detection. We showcase universal single-qubit logical gates on the dynamical qubit. Furthermore, by implementing a logical controlled-not (cnot) gate, we entangle the dynamical and static logical qubits, generating an error-detected logical Bell state with a fidelity of 75.9%. Our results highlight the potential of Floquet codes for resource-efficient FT quantum computation.				PubMed	https://pubmed.ncbi.nlm.nih.gov/41385660/
CHEMBL5947674	41385524	"""This needs to be told to everyone"": Content analysis of written immediate responses from an online experiment examining health warning messages about alcohol consumption and breast cancer risk."	2025				Alcohol consumption increases breast cancer risk. We evaluated the responses of 748 United States female participants ages 21-29 to health warning messages addressing the relationship between alcohol consumption and increased breast cancer risk. In an online experiment, participants were randomly assigned to view standalone health warning messages about alcohol, breast cancer, and breast cancer health effects with varying picture and text attributes. Participants then completed post-message exposure assessments that included an immediate open-ended response to the message prompt. We conducted a qualitative content analysis of the responses and coded deductively based on constructs from the Message Impact Framework including message reactions, attitudes and beliefs, and behavioral intentions. These constructs and corresponding variables were present in participants' responses. Response type did not vary by participants' demographics or the attributes of the health warning message they viewed. The code new information was applied to 20% of the responses, indicating that those participants had no prior knowledge of alcohol and breast cancer risk. Alcohol and breast cancer messaging could impact drinking behaviors. Given the frequency of responses indicating a lack of awareness, more work in cancer prevention and population health messaging is warranted.				PubMed	https://pubmed.ncbi.nlm.nih.gov/41385524/
CHEMBL5947674	41385504	PyFibers: An open-source NEURON-Python package to simulate responses of model nerve fibers to electrical stimulation.	2025				Computational modeling of peripheral nerve fibers is a key tool for designing improved neuromodulation therapies. The NEURON software is commonly used to create biophysical simulations of nerve fibers, often in the outdated HOC language. Whether written in HOC or Python, implementing fiber simulations involves a steep learning curve and requires a large amount of standard, boilerplate code that is typically written anew for each project. There is a need for a code package that standardizes and simplifies the creation of model fibers, the execution of simulations of electrical stimulation, and the analysis of the resulting data. We created PyFibers, a NEURON-Python package that provides tools for accomplishing all these tasks and supports the development of new fiber models and stimulation protocols. PyFibers includes 11 fiber models from prior publications under a shared framework, and we validated each model's implementation in PyFibers against the original results. Our open-source tool simplifies and standardizes computational modeling of peripheral nerve fiber responses to electrical stimulation, providing a platform for the development of novel therapies using electrical stimulation, block, and recording.				PubMed	https://pubmed.ncbi.nlm.nih.gov/41385504/
CHEMBL5947674	41385440	Generating Any Changes in the Noise Domain.	2025				Change detection is essential in Earth observation, yet current models heavily rely on large-scale annotated datasets. Generative models offer a promising alternative by synthesizing training data, but generating temporally coherent image pairs with realistic, semantically meaningful changes remains a significant challenge. Existing approaches typically simulate changes by generating pre- and post-change label maps using either heuristic rules (e.g., copy-pasting) or text prompts. However, the former offers limited change diversity, while the latter often fails to maintain spatial consistency between image pairs. We observe that the noise space of diffusion models encodes strong generative capacity and spatial controllability: localized perturbations in the noise can yield meaningful, interpretable changes in corresponding image regions. Motivated by this, we propose Noise2Change, a framework for simulating change directly in the noise domain. The key idea is to manipulate the semantic composition of the initial noise sampled from the noise domain, such that the diffusion process generates structurally consistent pre- and post-change images reflecting realistic transformations. Since the unperturbed noise is shared between both images, the resulting pairs exhibit strong temporal alignment and semantic coherence, effectively addressing the trade-off between realism and consistency. Concretely, we employ a discrete diffusion model to extract high-level semantics from the initial noise. Guided by these semantics, we introduce a change simulation strategy that optimizes the noise to encode intended changes. The modified noise is then used to drive the diffusion process, yielding pre- and post-change label maps with natural structural transitions. These maps are passed through a unified framework for image generation and label refinement, producing highly aligned image-label pairs. Our framework supports diverse change types across a wide range of scenarios. Extensive experiments on multiple change detection tasks demonstrate that our method achieves superior performance compared to existing generative approaches. Code will be available at https://github.com/chiangliu/noise2change.				PubMed	https://pubmed.ncbi.nlm.nih.gov/41385440/
CHEMBL5947674	41385434	Diverse Semantic Image Editing With Style Codes.	2025				Semantic image editing involves inpainting pixels guided by a semantic map. This is a challenging task, as the inpainted regions must both align harmoniously with the surrounding context and strictly adhere to the semantic constraints. Most prior methods approach this by attempting to encode all necessary information from the erased regions alone. However, when adding new objects-such as a car-to a scene, their style often cannot be inferred solely from the surrounding context. On the other hand, the models that can output diverse generations struggle to output images that have seamless boundaries between the generated and unerased parts. In this work, we propose a framework that can encode visible and partially visible objects with a novel mechanism to achieve consistency in the style encoding and final generations. We extensively compare with previous conditional image generation and semantic image editing algorithms. Our extensive experiments show that our method significantly improves over the state-of-the-art. Our method not only achieves better quantitative results but also provides diverse results. Demo and code will be released.				PubMed	https://pubmed.ncbi.nlm.nih.gov/41385434/
CHEMBL5947674	41385431	Self-Supervised Continuous Colormap Recovery from a 2D Scalar Field Visualization without a Legend.	2025				This supplementary material provides comprehensive experimental details and results to complement our main paper. We present: (1) motivation for this paper; (2) the qualitative results of our method in the LAB color space; (3) a detailed introduction to our network architecture, including a specific description of the cubic B-spline interpolation; (4) explorative abalation studies using the intermediate data and visualizations generated during the fine-tuning process; (5) quantitative results using different parameters and numbers of control points; (6) computation performance comparisons with training and testing time; (7) details about our interactive visualization tool; and (8) a detailed explanation of the stimuli in our perceptual study. Our full experimental datasets implementation code and trained models are available at https://osf.io/gb2tx/?view_only = 4d2a269b59bc4144b2806ec2d1a34e11.				PubMed	https://pubmed.ncbi.nlm.nih.gov/41385431/
CHEMBL5947674	41385415	Co-Seg++: Mutual Prompt-Guided Collaborative Learning for Versatile Medical Segmentation.	2025				Medical image analysis is critical yet challenged by the need of jointly segmenting organs or tissues, and numerous instances for anatomical structures and tumor microenvironment analysis. Existing studies typically formulated different segmentation tasks in isolation, which overlooks the fundamental interdependencies between these tasks, leading to suboptimal segmentation performance and insufficient medical image understanding. To address this issue, we propose a Co-Seg++ framework for versatile medical segmentation. Specifically, we introduce a novel co-segmentation paradigm, allowing semantic and instance segmentation tasks to mutually enhance each other. We first devise a spatio-sequential prompt encoder (SSP-Encoder) to capture long-range spatial and sequential relationships between segmentation regions and image embeddings as prior spatial constraints. Moreover, we devise a multi-task collaborative decoder (MTC-Decoder) that leverages cross-guidance to strengthen the contextual consistency of both tasks, jointly computing semantic and instance segmentation masks. Extensive experiments on diverse CT and histopathology datasets demonstrate that the proposed Co-Seg++ outperforms state-of-the-arts in the semantic, instance, and panoptic segmentation of dental anatomical structures, histopathology tissues, and nuclei instances. The source code is available at https: //github.com/xq141839/Co-Seg-Plus.				PubMed	https://pubmed.ncbi.nlm.nih.gov/41385415/
CHEMBL5947674	41385363	The relevance of context in memory tasks influences the magnitude of hippocampal remapping.	2025				The hippocampus is proposed to associate the context of an episode to its content, facilitating contextual discrimination or generalization between memories depending on the situation. While much is known about how context is encoded by neurons in the hippocampus, little is known about how contextual representations are impacted by disparate cognitive demands. Here, we recorded neuron calcium dynamics during a hippocampal-dependent discrimination/generalization task in which the necessity of attending to context was manipulated. Decoding of context was more robust when context was required to solve the task. Context relevance impacted place cell remapping, with the strongest effects observed in fields near reward locations. Other neuron types, such as non-place cells and directional modulated cells, encoded context to the same extent irrespective of whether context was required. These data suggest that when context is behaviorally important, the hippocampus heightens context specificity, primarily through a place-cell-mediated spatiotemporal code.				PubMed	https://pubmed.ncbi.nlm.nih.gov/41385363/
CHEMBL5947674	41385318	"Response to the commentary by Melidis et al. on ""Untargeted CUT&Tag reads are enriched at accessible chromatin and restrict identification of potential G4-forming sequences in G4-targeted CUT&Tag experiments""."	2025				"In their Matters Arising commentary, Melidis et al. critically evaluate our work (Nucleic Acids Research, volume 53, gkaf678). In our response, we emphasize why our approach supports the validity of our conclusions. The authors' suggestion that we failed to include ""explicit disclosure of the analytical methods and code"" in our original publication is misleading; we used publicly available tools and disclosed explicit parameters and detailed methods for each process in our original publication. While the authors raise several important points, such as the difference in DNA recovery between targeted and untargeted samples, we argue that this difference does not abrogate the need to control for untargeted tagmentation. Due to the co-localization of G4s and preferential Tn5 tagmentation in accessible chromatin, our suggestion that G4 CUT&Tag data be validated is both reasonable and scientifically rigorous."				PubMed	https://pubmed.ncbi.nlm.nih.gov/41385318/
CHEMBL5947674	41385176	Network-based identification of regulatory hubs and therapeutic targets in multiple sclerosis: an integrated transcriptomic and molecular docking approach.	2025								PubMed	https://pubmed.ncbi.nlm.nih.gov/41385176/
CHEMBL5947674	41385166	The effects of environmentally relevant concentrations of enrofloxacin on growth performance, oxidative stress, and mRNA expression of apoptotic enzymes (caspase-3, caspase-8)/pro-inflammatory cytokines (IL-1β, TNF-β, and IL-6) in gills of Oreochromis niloticus.	2025				Aquatic habitats that include antibiotic residues pose the risk of causing antibiotic resistance as well as negative health impacts on human and non-target species. To assess the effects of enrofloxacin at environmentally relevant concentrations on Oreochromis niloticus, growth performance of O. niloticus, oxidative stress, and the transcriptional gene expressions of apoptotic enzymes and pro-inflammatory cytokines were determined in the gills. Environmentally relevant concentrations of enrofloxacin (1-10-100 µg/L) were exposed to fish for periods of 7 days and 21 days. The results demonstrated that enrofloxacin negatively affected growth performance at high applied concentrations in O. niloticus in the long-term effect. Furthermore, enrofloxacin disrupts the GSH-dependent antioxidant system in the gills, leading to oxidative stress through increased lipid peroxidation. Short-term exposure to low and medium concentrations of enrofloxacin increased the mRNA expression of apoptotic enzymes (caspase-3, caspase-8) and pro-inflammatory cytokines (IL-1β, TNF-α, and IL-6) in the gills. Considering the research findings, environmentally relevant concentrations of enrofloxacin negatively impact growth performance in O. niloticus and induce toxicity through the induction of inflammation and apoptosis, coupled with oxidative stress in the gills. In conclusion, the ecotoxicological impact of enrofloxacin necessitates careful consideration due to its potential to negatively affect non-target organisms.				PubMed	https://pubmed.ncbi.nlm.nih.gov/41385166/
CHEMBL5947674	41385158	Ameliorative Effect of Vitamin C Against Tramadol-Induced Learning and Memory Impairment in Juvenile Rat Via Attenuation of Oxidative Stress and Dysfunctional Synaptic Plasticity.	2025				Tramadol (TM) abuse negatively affects the central nervous system, especially brain regions like the hippocampus involved in cognition. Recent studies have demonstrated neuroprotective effects of Vitamin C (Vit C) in various neurological diseases. No study has yet examined the effects of Vit C on tramadol-induced synaptic plasticity impairment. Therefore, we aimed to investigate the neuroprotective effects of Vit C on cognitive performance and synaptic plasticity in tramadol-exposed rats. Fifty-two juvenile male rats (30 days old) were divided into four groups: TM (30 mg/kg/day, intraperitoneally in the first week, 40 mg/kg/day in the second week and 50 mg/kg/day in third and fourth weeks), Vit.C (200 mg/kg/day, orally for 4 weeks), TM + Vit.C (as in the TM and Vit C groups, Vit C administered half an hour prior to TM), and Ctrl (0.25 mL saline/day for 4 weeks). Behavioral tests (open field, Morris water maze, novel object recognition) assessed locomotor activity and memory. In vivo recordings evaluated synaptic plasticity, and hippocampal oxidative stress markers [malondialdehyde (MDA), superoxide dismutase (SOD), catalase (CAT), total antioxidant capacity (TAC)] were measured according to the manufacturers' protocols with ELISA. TM caused learning and memory deficits, reduced long-term potentiation (LTP) induction, and disrupted the oxidative stress balance in the hippocampus. In contrast, Vit C inhibited these changes. These findings suggest that Vit C can attenuate cognitive impairments associated with chronic TM consumption, likely through modulation of hippocampal oxidative stress and enhancement of LTP induction. Therefore, Vit C could be a promising candidate for further investigation as a potential therapeutic agent to mitigate cognitive dysfunction associated with TM use.				PubMed	https://pubmed.ncbi.nlm.nih.gov/41385158/
CHEMBL5947674	41385144	Antibacterial Pharmacokinetics in Critically Ill Patients Receiving Extracorporeal Membrane Oxygenation (ECMO): A Systematic Review of Population Pharmacokinetic Studies.	2025				Achieving optimal antibacterial dosing in critically ill patients is challenging owing to the pathophysiological changes that alter drug pharmacokinetics. Extracorporeal membrane oxygenation (ECMO) further complicates pharmacokinetics, hypothesized to act as another pharmacokinetic compartment influencing drug concentrations. Ensuring therapeutic antibacterial concentrations is crucial to prevent treatment failure and resistance. This systematic review aimed to identify and evaluate published population pharmacokinetic studies of antibacterials in critically ill adult ECMO patients. A systematic search of PubMed, Embase, and Cochrane databases was conducted from database inception to March 2025. Studies were included if they were population pharmacokinetic analyses of antibacterial agents in adult (aged ≥ 18 years) ECMO patients; non-compartmental analyses and non-antibacterial agents were excluded. Data on study characteristics, patient demographics, ECMO parameters, pharmacokinetic models, and covariates were extracted. The search yielded 31 eligible population pharmacokinetic studies. Most studies indicated that ECMO-specific variables (mode, flow rate, oxygenator type) did not significantly influence the pharmacokinetics of the majority of antibacterials. Instead, pharmacokinetic variability was primarily driven by critical illness-related factors, notably renal function and presence of renal replacement therapy. Dosing recommendations frequently highlighted the need for individualized therapy and therapeutic drug monitoring. Our findings indicate that ECMO itself does not consistently alter the pharmacokinetics of most antibacterials in critically ill adult patients. Observed pharmacokinetic variability and subsequent dosing recommendations are primarily attributable to critical illness factors. Therapeutic drug monitoring is recommended to optimize exposure but minimize toxicity. Further prospective studies with standardized reporting of covariates and clinical endpoints are needed to enhance the evidence base. PROSPERO Registration and date: CRD420251165914 (15 October, 2025).				PubMed	https://pubmed.ncbi.nlm.nih.gov/41385144/
CHEMBL5947674	41385096	Medicines, Diseases, Indications, and Contraindications (MeDIC): a foundational resource to support drug repurposing.	2025				Drug databases typically aim to provide reference information on medications and their uses but often lack strict definitions of the terms drug (e.g. approved or a clinical candidate) or disease, and do not focus on any specific context of use. The recent emergence of biomedical knowledge graphs, which integrate diverse biomedical data into a contiguous, harmonized knowledge network, has enabled innovation in drug repurposing (identification of novel uses of existing drugs). This objective has created a new set of requirements and challenges for drug databases to be used for generating high-confidence, testable drug repurposing hypotheses. To address this challenge, we have developed MeDIC as an open, foundational database built from government regulatory sources only, which comprises highly curated lists of drugs (including combination therapies), diseases, indications (i.e. drug approvals to treat specific diseases), contraindications, and additional metadata. MeDIC allows for easy maintainability, open-source adaptability, and ongoing updates concordant with updates of primary sources. To facilitate downstream use, MeDIC is provided in a tabulated format, and each drug, disease, indication, or contraindication entry is mapped to multiple ontologies. We offer MeDIC as a web-based, freely accessible (https://medic.renci.org), downloadable (including lists and source code), searchable, and machine learning-friendly resource for patients, providers, and researchers.				PubMed	https://pubmed.ncbi.nlm.nih.gov/41385096/
CHEMBL5947674	41384800	LinkML: An Open Data Modeling Framework.	2025				Scientific research relies on well-structured, standardized data; however, much of it is stored in formats such as free-text lab notebooks, non-standardized spreadsheets, or data repositories. This lack of structure challenges interoperability, making data integration, validation, and reuse difficult. LinkML (Linked Data Modeling Language) is an open framework that simplifies the process of authoring, validating, and sharing data. LinkML can describe a range of data structures, from flat, list-based models to complex, interrelated, and normalized models that utilize polymorphism and compound inheritance. It offers an approachable syntax that is not tied to any one technical architecture and can be integrated seamlessly with many existing frameworks. The LinkML syntax provides a standard way to describe schemas, classes, and relationships, allowing modelers to build well-defined, stable, and optionally ontology-aligned data structures. Once defined, LinkML schemas may be imported into other LinkML schemas. These key features make LinkML an accessible platform for interdisciplinary collaboration and a reliable way to define and share data semantics. LinkML helps reduce heterogeneity, complexity, and the proliferation of single-use data models while simultaneously enabling compliance with FAIR data standards. LinkML has seen increasing adoption in various fields, including biology, chemistry, biomedicine, microbiome research, finance, electrical engineering, transportation, and commercial software development. In short, LinkML makes implicit models explicitly computable and allows data to be standardized at its origin. LinkML documentation and code are available at linkml.io.				PubMed	https://pubmed.ncbi.nlm.nih.gov/41384800/
CHEMBL5947674	41384510	Hofmeister Effect-Driven Mussel-Inspired Hydrogel with Tunable Mechanics for Flexible Sensors.	2025				Inspired by the adhesive proteins of mussels, we developed a dual-network hydrogel with robust adhesion and tunable mechanical properties for wearable sensors. A catechol-functionalized polymer (PAA-				PubMed	https://pubmed.ncbi.nlm.nih.gov/41384510/
CHEMBL5947674	41384388	"""He needs to die in the hospital"": A caregiver's distress call."	2025				The setting in which patients face the end of life (EOL) is shaped by complex, individualized needs beyond physical care. Mr. X, a man in his mid-50s with glioblastoma, endured treatment complications and progressive decline. Supportive care was engaged to manage symptoms and support his wife, Mrs. X, who was simultaneously the family's financial provider and caregiver for both her husband and their autistic adult son. As his condition worsened, she resisted hospice and code status changes, citing emotional, logistical, and financial barriers, while fiercely advocating for his wish to die in the hospital. Counseling and empathic validation helped her share her burdens and reframe her advocacy as rooted in love and grief. She ultimately consented to comfort-focused care, and Mr. X died peacefully in the hospital after a 31-day stay. This case underscores the need to integrate psychosocial factors into individualized EOL planning and to strengthen person-centered care.				PubMed	https://pubmed.ncbi.nlm.nih.gov/41384388/
CHEMBL5947674	41384295	Deciphering epigenetic regulation in cardiac developmental toxicity: Mechanisms and implications (Review).	2026				As the first functional organ to form during vertebrate embryogenesis, the heart exhibits heightened susceptibility to developmental toxicity. Epigenetic regulatory mechanisms, including DNA methylation, histone modifications, non‑coding RNAs, N6‑methyladenosine methylation and chromatin accessibility alterations, mediate cardiac developmental toxicity induced by exogenous compounds including environmental chemicals and pharmaceuticals. The present review comprehensively summarizes the current understanding of the molecular mechanisms through which these compounds exert cardiac developmental toxicity through epigenetic regulation. An in‑depth analysis of research progress and technical challenges across diverse epigenetic pathways is provided. By summarizing recent evidence, the present review proposes candidate epigenetic biomarkers for cardiac developmental toxicity monitoring and explores potential intervention strategies targeting these pathways. Future research should prioritize multi‑omics integration technologies and clinical translation system development. These advances are anticipated to foster innovation in both mechanistic research and preventive strategy development for cardiac developmental toxicity.				PubMed	https://pubmed.ncbi.nlm.nih.gov/41384295/
CHEMBL5947674	41384194	Patient Satisfaction With Dental Implants in the Upper and Lower Arches Placed in a Tertiary Care Setting: A Qualitative Study.	2025				Dental implants offer functional and aesthetic rehabilitation for edentulous patients. Despite high survival rates, patient satisfaction hinges on more than osseointegration of titanium. This study explores subjective patient satisfaction with implants in maxillary and mandibular anterior and posterior regions in a tertiary care hospital, emphasizing aesthetic, emotional, and logistical dimensions.  Methods: A qualitative design was used involving in-depth semi-structured interviews with 30 patients (17 females, 13 males; aged 35-80) who had received dental implants at least six months prior. Transcripts were thematically analysed using QDA (Qualitative Data Analysis) Miner Lite software (Provalis Research, Montreal, Canada). Coding was based on five predefined domains: overall treatment experience, treatment coordination, perceived aesthetic outcomes, functional challenges, and review and recommendations.  Results: Of 30 patients, 26 reported an overall positive experience, one was neutral, and three were dissatisfied. Dissatisfaction arose from delays, travel difficulties, language barriers, and aesthetic mismatches. Emotional responses were positive: patients expressed joy in regaining chewing ability, confidence from restored appearance, and gratitude for empathetic care. Conversely, disappointed patients with aesthetic mismatches said they were not likely to recommend the centre or the treatment. Implant success must be evaluated holistically, incorporating patient emotions, expectations, and experience. Understanding the full patient journey, including non-clinical barriers, can help practitioners refine care delivery, communication, and prosthetic planning.				PubMed	https://pubmed.ncbi.nlm.nih.gov/41384194/
CHEMBL5947674	41384167	The Evolution of Automated Medical Billing With Artificial Intelligence: A Review With a Global and Saudi Perspective.	2025				Medical billing is a complex and evolving aspect of healthcare administration that requires accurate documentation and efficient reimbursement processes to maintain institutional financial sustainability. This review explores how artificial intelligence (AI) is transforming medical billing through automation, error reduction, and fraud detection, with emphasis on global developments and initiatives in Saudi Arabia. A comprehensive review of recent studies and real-world applications was conducted to assess AI-driven innovations in automated coding, claims processing, and financial management. AI-based platforms have demonstrated substantial reductions in coding errors and faster claim turnaround times. AI algorithms trained on large billing datasets identify discrepancies in submitted claims, detect potential fraud, and recommend corrective actions, enhancing transparency and compliance. Automated coding systems translate clinical documentation into standardized billing terminology, a global coding framework that assigns numeric identifiers to medical procedures and services, thus improving consistency and reducing human error. Despite these advancements, challenges remain, including data privacy, algorithmic bias, and infrastructure limitations. In conclusion, integrating AI into medical billing can revolutionize administrative efficiency, reduce operational costs, and promote financial sustainability across healthcare systems worldwide, including Saudi Arabia.				PubMed	https://pubmed.ncbi.nlm.nih.gov/41384167/
CHEMBL5947674	41383982	Role of HOXA transcript antisense RNA myeloid-specific 1 in cancer (Review).	2026				A newly recognized class of master regulators known as long non-coding RNAs (lncRNAs) has emerged as key modulators of cancer. Among them, HOXA transcript antisense RNA myeloid-specific 1 (HOTAIRM1) was initially identified in acute promyelocytic leukemia, where it resides within the HOXA gene cluster. The involvement of HOTAIRM1 has been indicated in the pathogenesis of multiple cancer types, including glioma, acute myeloid leukemia and osteosarcoma, has been well documented. HOTAIRM1 controls the growth, invasion and migration of tumors through different mechanisms and it is associated with the clinicopathological characteristics of patients with tumors. The present review describes the expression, function and molecular mechanism of HOTAIRM1 in different types of cancer and discusses the future obstacles in diagnosing and treating malignant tumors.				PubMed	https://pubmed.ncbi.nlm.nih.gov/41383982/
CHEMBL5947674	41383824	Economic Feasibility of Routine First Postoperative Radiographs in Minimally Invasive Bunion Surgery.	2025				Orthopaedic surgical interventions are often costly, not only due to the procedures themselves, but also due to the need for frequent follow-up and imaging tests. Recent orthopaedic literature across several subspecialties has produced evidence suggesting that routine immediate postoperative radiographs do not provide any clinical advantage to justify their costs. This study aims to evaluate the economic feasibility of first postoperative radiographs after minimally invasive (MIS), fourth-generation MIS transverse double osteotomy for treatment of hallux valgus. We retrospectively evaluated patients with hallux valgus treated with fourth-generation MIS transverse double osteotomy between January 2019 and December 2021. Medical records were reviewed to assess changes in management following initial radiographs taken on average 1.38 ± 0.83 weeks after surgery. Direct costs of radiographs at the first postoperative visit (FPOV) were estimated using 2025 Medicare Fee Schedule data (HCPCS Code 73630), United Healthcare cost estimator website (zip code 33146), and multiple locally available public self-pay resources. National costs were estimated using Medicare data for the estimated 110,000 to 220,000 annual bunion procedures performed in the United States. A total of 245 patients were included in our analysis. Four patients (1.6%, 95% CI 0.64%-4.12%) had an FPOV radiographic finding that warranted a change in management. Reasons included 1 (0.4%) loss of reduction of the first metatarsal osteotomy, 1 (0.4%) fracture through the Akin proximal phalanx osteotomy, and 2 (0.8%) subluxations of lesser toes fixated via K-wire. The cost per 3-view radiograph of the foot ranged from $31.68 to $106, depending on provider and payment type. National costs of routine radiographs for MIS bunion were estimated to be between $3.5 million to $23.3 million annually. Routine radiographs after fourth-generation MIS transverse double osteotomy surgery at FPOV rarely result in a change of management. In patients without clinically visible signs or symptoms warranting intervention, radiographs in the FPOV are rarely justified for MIS bunionectomy patients. We recommend physical evaluation at FPOV but suggest that substantial health care expenses could be saved by removing unnecessary FPOV radiographic analysis. Level IV, therapeutic/economic case series.				PubMed	https://pubmed.ncbi.nlm.nih.gov/41383824/
CHEMBL5947674	41383559	Uncertainty- and hardness-weighted loss functions for medical image segmentation.	2026				Accurate segmentation of medical images is essential for various image processing tasks and is now predominantly achieved using deep learning techniques. However, existing approaches often employ loss functions that fail to account for pixel-level differences in prediction uncertainty or hardness. This limitation frequently results in relatively large segmentation errors, particularly in object boundary regions. To address the limitation, we developed a novel class of uncertainty- / hardness-weighted loss functions by introducing two distinct pixel-wise weighting schemes: probability-guided uncertainty (PGU) and region-enhanced hardness (REH) weights. These weights, derived from the differences between network predictions and their corresponding ground truths, were designed to emphasize challenging pixels while reducing segmentation uncertainties. We validated these loss functions by integrating them with two classical neural networks, i.e., Swin Transformer based U-shape network (Swin-Unet) and V-shape network (V-Net) to segment two- and three-dimensional target objects across four different images datasets, including Retinal Fundus Glaucoma Challenge (REFUGE) dataset, Retinal Vascular Tree Analysis (RETA) dataset, optical coherence tomography (OCT) dataset, and Atria Segmentation Challenge (ASC) dataset. Extensive experiments demonstrated that our developed loss functions outperformed classical losses, such as cross-entropy (CE) and Dice losses, along with their variants, highlighting the effectiveness and generalization of the introduced weighting schemes. The source code is available at https://github.com/wmuLei/uhLoss.				PubMed	https://pubmed.ncbi.nlm.nih.gov/41383559/
CHEMBL5947674	41383488	Adapting Palliative and End-of-Life Care Training for Emergency Physicians in Japan: A Modified Grounded Theory Study.	2025				In Japan, the aging population has led to an increase in seriously ill patients requiring emergency care. Although palliative care training opportunities are limited in Japan, established programs exist in the United States (U.S.). To inform future adaptation of such programs for use in Japan, this study aims to identify barriers that emergency physicians (EPs) in Japan encounter when providing palliative care. This qualitative study explored the end-of-life care decision-making processes of EPs in Japan. Semi-structured interviews were conducted with board-certified EPs using snowball sampling. Data were analyzed using a modified grounded theory approach, which was chosen for its ability to capture culturally nuanced decision-making, emphasizing reflection, theoretical clarity, and practical applicability. Iterative coding was conducted to inductively generate concepts and develop a conceptual framework describing EPs' decision-making processes. Data collection continued until theoretical saturation was achieved. Data were collected through online interviews conducted between January and August 2024. Thirteen board-certified EPs in Japan completed interviews. Most participants were male (76.9%) and most were 11-15 years after medical school graduation ( This study highlights the challenges EPs in Japan face when making urgent decisions with limited time and information while building trust with patients and families. These findings clarify the current barriers to integrating palliative and end-of-life care in emergency settings and provide a foundation for developing culturally adapted educational programs.				PubMed	https://pubmed.ncbi.nlm.nih.gov/41383488/
CHEMBL5947674	41383388	﻿Taxonomic and nomenclatural history of 	2025				The complex taxonomic history of the moss genus 				PubMed	https://pubmed.ncbi.nlm.nih.gov/41383388/
CHEMBL5947674	41383242	Complementary therapies intervention in Parkinson's disease: systematic review and meta-analysis.	2025				Parkinson's disease (PD) is a progressive neurodegenerative disorder characterized by both motor and non-motor impairments, leading to significant declines in quality of life (QoL). While physiotherapy remains a mainstay of non-pharmacological management, interest in complementary therapies-such as music therapy, dance, and art therapy-has grown due to their potential to address motor, cognitive, emotional, and social aspects of PD within a holistic framework. To evaluate the effectiveness of complementary therapies compared to usual care (e.g., physiotherapy) in improving balance, functional mobility, freezing of gait (FOG), and QoL in individuals with PD. A systematic review and meta-analysis was conducted following PRISMA guidelines and registered in the PROSPERO database (registration code: CRD42025636700). Search was performed on PubMed, Cochrane, Web of Science, and Embase. Eligible studies included randomized or quasi-randomized controlled trials and clinical controlled trials comparing complementary therapies (e.g., music, dance, drama) to usual care in individuals with PD. Primary outcome was balance, whereas functional mobility, FOG, and QoL were set as secondary outcomes. Risk of bias was assessed using the Cochrane RoB2 tool and meta-analyses were performed. Out of 723 identified records, 29 studies met inclusion criteria and were included for qualitative synthesis. Among these, 17 studies were included in the meta-analysis, whereas risk of bias was performed on 29 studies, revealing scarce methodological quality of the included studies. Balance and functional mobility meta-analyses showed a significant benefit of complementary therapies over usual care. Complementary therapies demonstrate moderate evidence of benefit in improving balance and functional mobility in individuals with PD, with less conclusive evidence for QoL and FOG. High heterogeneity and methodological limitations across studies highlight the need for more rigorous research. https://www.crd.york.ac.uk/prospero/, CRD42025636700.				PubMed	https://pubmed.ncbi.nlm.nih.gov/41383242/
CHEMBL5947674	41383239	Epilepsy-associated 	2025				The  The dataset of pathogenic and control  A total of 27 missense variants which were classified as pathogenic or likely pathogenic were used as a positive set, and 57 missense variants were used as a negative set. The top tools in accuracy are MutPred2, ESM1b, AlphaMissense, and PROVEAN. In terms of the MCC and F score, the higher degree was observed in MutPred2 and AlphaMissense (MCC score >0.8). ClinPred, AlphaMissense, and BayesDel_addAF had a higher AUC score (AUC > 0.99). SIFT, SIFT4G, Polyphen2_HDIV, Polyphen2_HVAR, ClinPred, and AlphaMissense scores exhibited a distinct bimodal distribution. While scores from other predictors showed a wider distribution range. Our study highlights the significant variation in the performance of different 				PubMed	https://pubmed.ncbi.nlm.nih.gov/41383239/
CHEMBL5947674	41382978	Characterising inequalities in accessing primary care psychological therapies services for people living with dementia: the example of NHS talking therapies in England.	2025				In England, psychological therapies provided in primary care are recommended as first-line treatment for people living with mild-to-moderate dementia experiencing depression or anxiety. It is known that people living with dementia experience more barriers to accessing therapy than people without dementia, but such inequalities in terms of rates of access to primary care services are yet to be characterised. In this retrospective, observational study of linked electronic healthcare records, the national database of the National Health Service (NHS) Talking Therapies for anxiety and depression programme was used to compare pathways to accessing therapy between 6623 people living with dementia and 4 825 489 without dementia between 2012 and 2019. Outcomes included access to an assessment, to therapy and reasons for discharge. Primary analyses used a propensity-score matched cohort to compare outcomes. Exact matching was used for the NHS service entity. The prevalence of dementia in the study cohort was lower than the prevalence of dementia in a representative population, based on an estimation of prevalence in people with mild-to-moderate age over 35 (0.23% in our study vs 3.82% in previous research). Compared to people without dementia, people living with dementia were less likely to access an assessment (odds ratio [OR] = 0.60; 95% confidence interval [CI]: 0.55-0.65), to subsequently receive therapy (OR = 0.67; 95% CI: 0.61-0.73) and more likely to be discharged because services were deemed not suitable before having an assessment (relative rate ratio [RRR] = 4.90; 95% CI: 4.20-5.72) and starting therapy (RRR = 2.74; 95% CI: 2.24-3.35). Female gender, social deprivation, Asian ethnicity and less common dementia subtypes (such as frontotemporal dementia) were also associated with poorer access rates and a higher likelihood of services being deemed not suitable. Involvement of care partners in the referral process was associated with better access rates. Pathways to accessing primary care psychological therapy services must be made more accessible for people living with dementia. Better access could be achieved by increasing referrer awareness and training for staff within services to promote access for people living with dementia (especially for groups under-represented in services), better understanding how to involve care partners in the process, as well as when specialist support might be more suited in secondary care. More granularity in the medical coding of rarer dementia diagnoses in electronic health records would also allow for better statistically powered research for these groups.				PubMed	https://pubmed.ncbi.nlm.nih.gov/41382978/
CHEMBL5947674	41382304	Does workers' experience of knowledge on emotional demands protect against burnout?	2025				Burnout is prevalent in human service work, such as healthcare, social work, and education. Within these professions, workers are often required to regulate and express their emotions according to their professional role and the organizational context, which can lead to high emotional demands and consequently burnout. Inspired by prevention strategies in professions with physical hazards, where instruction and information on risk factors are essential for safety procedures, this study aims to assess if workers' experience of their own knowledge on the strain and possible reactions to emotional demands, moderates the association between emotional demands at work and symptoms of burnout. The study utilized a longitudinal survey design, collecting data at baseline and six months follow-up. The sample consisted of workers from various professions with high emotional demands (n = 1336) and Generalized linear mixed models were used to analyze the data. The findings show that higher levels of emotional demands are positively associated with burnout symptoms across the six months (b = 0.2, t = 6.0, p < .001). Additionally, workers' experience of knowledge on emotional demands acted as a moderator on this association (b = 0.02, t = 2.5, p = .014). Stratified analysis showed that workers with higher level of knowledge exhibited lower levels of burnout at both baseline (T1) and six months follow-up (T2) Contrast estimates at T1 = High vs. Low, contrast estimate = -1.9, t=-5.5, p < .001; High vs. Medium, contrast estimate = -0.8, t = -2.7, p = .007; Medium vs. Low, contrast estimate = -1.1, t = -4.2, p < .001. Contrast estimates at T2 = High vs. Low, contrast estimate = -2.0, t = 5.2, p < .001; High vs. Medium, contrast estimate = -0.7, t=-2.0, p = .045; Medium vs. Low, contrast estimates= -1.3, t = -4.3, p < .001. These findings were consistent across various levels of emotional demands. The findings suggest that enhancing workers' experience of knowledge of emotional demands might be a simple preventive measure that can supplement existing workplace initiatives on burnout prevention.				PubMed	https://pubmed.ncbi.nlm.nih.gov/41382304/
CHEMBL5947674	41382300	Does early screentime exposure or duration affect M-CHAT-R autism screening tool score?	2025								PubMed	https://pubmed.ncbi.nlm.nih.gov/41382300/
CHEMBL5947674	41382261	Initial programme theory developing for interprofessional case discussions (InCaD) in acute hospital care: a realist approach.	2025				Interprofessional case discussions (InCaD) are vital for managing complex patient care in acute hospital settings. Despite their widespread use, the absence of theoretical frameworks hinders consistent implementation and evaluation. This study aims to develop an initial programme theory for InCaD using a realist methodology to identify Context-Mechanism-Outcome (CMO) configurations. This study employed a multi-method approach grounded in the realist methodology following a prospective approach of the RAMESES II reporting standards for realist evaluations. Data were collected from three sources: internal programme documents, a systematic review (N = 42), and stakeholder focus group interviews (N = 17) involving nurses, physicians, managers and therapists. Internal programme documents provided an understanding of theoretical foundations and informed the review and interview design. The systematic review followed PRISMA 2020 guidelines and included studies on multiprofessional case discussions in inpatient settings. Focus group interviews were conducted with hospital stakeholders to explore practical insights into the implementation and impact of InCaD. Data synthesis involved generating CMO-configurations through thematic coding and iterative team discussions. The analysis identified direct mechanisms, such as interprofessional reflection, structured protocols, and shared decision-making, and indirect mechanisms, such as fostering team trust and a culture of learning. Key outcomes for patients included improved care quality, satisfaction, and continuity, while staff outcomes encompassed enhanced job satisfaction, team cohesion, and workflow efficiency. Contextual factors, including leadership support and tailored adaptations, were crucial for successful implementation. Nurse leadership emerged as a significant driver of InCaD's effectiveness. This study provides a theory-driven framework for systematically implementing and evaluating InCaD in clinical practice. By understanding the interactions of context, mechanisms, and outcomes, healthcare organizations can enhance patient safety, care quality, and staff well-being. Future research should validate and refine these findings in diverse healthcare settings to inform broader applications.				PubMed	https://pubmed.ncbi.nlm.nih.gov/41382261/
CHEMBL5947674	41382259	Organising housing and service provision for persons with co-occurring substance use and mental health problems: a scoping review in the ROP Municipal.	2025				Persons with co-occurring disorders, both substance use and mental health problems (COP) may be encountered within various disciplinary systems and organisational levels of treatment. In western countries, the most common evidence-based housing programme for persons with complex, long-term needs due to severe mental illness and substance use is Housing First. The context of this study were the Nordic countries, granting universal access to treatment and free public services. The aim was to examine how multidisciplinary and integrated housing services are organised and coordinated for persons with COP. We conducted a systematic search for literature in six databases (i.e. CINAHL, Ovid, SocINDEX, Web of Science, Scopus, and Social Services Abstracts), along with manual searches. After blinded review by two authors in Rayyan, the full texts of 75 articles were reviewed for inclusion, the quality of the selected research articles was completed according to checklists from the Joanna Briggs Institute. A thematic analysis of nine articles was completed according to a coding scheme. From the Nordic perspective, introduced as a model in this article, regions need to develop the organisation and the workforce skills of health and social services as an integrated whole, with special focus on defining responsibilities at different levels, maintaining and improving relationships within a multidisciplinary, integrated, comprehensive, and community-based system of care inclusive of housing services. Supporting the recovery of persons with COP means giving them a voice and having professionals skilled in COP aid them. The approach of emphasizing primary care and multidisciplinary mental health is yet today a challenge even in high-income areas. The integration of services was not on an ideal level, even though the housing policies were rights-based. We identified societal responsibilities stemming from national policies. It is possible that functional integration does not take place in all regions. As the working methods were based on active relationship building to be able to help persons with COP, we interpreted this as a sign of clinical integration. The recommendations for the organisation and coordination of services for persons with COP include ensuring the right to a home, ensuring social integration and community involvement, combatting stigma, and systemising user involvement. There are research gaps in all Nordic countries and the research within housing for persons with COP is scarce. We call for using multi-dimensional research approaches. Not applicable.				PubMed	https://pubmed.ncbi.nlm.nih.gov/41382259/
CHEMBL5947674	41382207	Research advances in epigenetic modifications and post-translational modifications in endothelial-mesenchymal transition.	2025				Endothelial-mesenchymal transition (EndMT) is a biological process in which endothelial cells lose intercellular junctions and endothelial characteristics under specific pathophysiological stimuli and acquire mesenchymal traits. It plays a critical role in cardiac development, tissue fibrosis, tumor metastasis, atherosclerosis, and other diseases. In recent years, growing evidence has demonstrated that epigenetic modifications and post-translational modifications are central to the precise regulation of EndMT initiation and progression. This review systematically elaborates on how epigenetic mechanisms-such as DNA methylation, histone modifications, and non-coding RNAs-as well as post-translational modifications, including protein phosphorylation, acetylation, and ubiquitination, regulate EndMT by modulating key signaling pathways (e.g., TGF-β, Wnt, Notch) and transcription factors (e.g., Snail, Slug, Twist, ZEB1/2). A deeper understanding of these regulatory networks may provide novel diagnostic biomarkers and therapeutic strategies for diseases targeting EndMT.				PubMed	https://pubmed.ncbi.nlm.nih.gov/41382207/
CHEMBL5947674	41382190	Immune cell uptake of glycinated nanoparticles conjugated to anti-fibrotic peptides enables their prolonged activity and oral administration.	2025				Fibrosis is a hallmark of various chronic diseases, for which there is no effective cure. Whilst the recombinant form of the human peptide hormone, relaxin (RLX), is being clinically evaluated for its cardioprotective including anti-fibrotic effects in heart failure patients, this is as an injectable which is invasive. This study therefore used biodegradable nanoparticles as a delivery platform to facilitate the prolonged activity and oral application of RLX and a related mimetic as therapeutics. RLX was conjugated to glycine-functionalised biodegradable superparamagnetic iron oxide nanoparticles (SPION-RLX), enabling therapeutic levels of RLX to be systemically or orally delivered to a murine model of cardiomyopathy. The oral (p.o) application of SPION-RLX was evaluated via daily drinking water (125 ng/5mls/day) from days 7-14 or via oral gavage every 72 h (25 ng/day) from days 14-42 post-injury. The longer-term anti-fibrotic effects of p.o administered SPION-RLX (25 ng/day) or SPION-B7-33 (25 ng/day), a single-chain RLX derivative and relaxin family peptide receptor 1 (RXFP1) agonist were compared to the frontline ACE inhibitor, perindopril (60 ng/day) from days 14-42 post-injury. SPION-RLX was likely phagocytosed by surveiling RXFP1-expressing dendritic cells (DCs) and transported to the circulation and target site. This allowed for the systemic or oral administration of SPION-RLX to maintain its anti-fibrotic efficacy in mice with cardiomyopathy and restore organ dysfunction after 7 days of treatment. Single-cell transcriptomics provided insights into the phagosomal uptake of SPION-RLX which may have been mediated via scavenger receptors expressed by DCs. When orally administered every 72 h to mice with established cardiomyopathy over a 4 week period, SPION-RLX or SPION-B7-33 demonstrated greater anti-fibrotic efficacy than perindopril. The conjugation of RXFP1-binding peptides to glycine-functionalised biodegradable SPIONs allowed for their circumnavigation of the gut, and prolonged activity as orally administered therapies. These findings have significant ramifications for the oral administration of peptide therapies in general.				PubMed	https://pubmed.ncbi.nlm.nih.gov/41382190/
CHEMBL5947674	41382149	Engineering rank queries on bit vectors and strings.	2025				Adding rank support to strings over a fixed-sized alphabet has numerous applications. Prominent among those is the (bidirectional) FM-Index which is commonly utilized to index and analyze genomic data. At its core lies the rank operation on the Burrows-Wheeler-Transform (BWT) which, given a position in the BWT and a character, answers how often the specified character appears from the start to that position. Implementing those rank queries is usually based on bit vectors with rank support. In this work, we discuss three implementation improvements. First, a novel approach named paired-blocks that reduces the space overhead of the support structure by half to a total of only 				PubMed	https://pubmed.ncbi.nlm.nih.gov/41382149/
CHEMBL5947674	41382131	Self-efficacy and oral health-related quality of life among immigrants in Southeast Iran: a cross-sectional study.	2025				Oral health is a key component of overall well-being. This study examined the relationship between self-efficacy and oral health-related quality of life (OHRQoL) among Afghan immigrants in Southeast Iran. In this cross-sectional study, 400 immigrants were surveyed using convenience sampling. Data were collected using validated questionnaires on oral health self-efficacy (OHSQ) and OHRQoL (OHIP-14). Data analysis included Pearson correlation, one-way ANOVA, independent t-tests and multiple linear regression. The mean age of participants was 31.22 ± 14.03 years. A significant disparity was observed in self-efficacy scores, with the overall mean at 2.81 (SD = 3.09), brushing at 2.76 (SD = 3.02), and flossing notably low at 0.05 (SD = 0.40). The mean OHIP-14 score of 19.46 ± 8.01 indicated a moderate level of oral health-related impairment. Higher education and income were significantly associated with greater self-efficacy, while female gender and lower educational levels were associated with poorer OHRQoL. Critically, a significant negative correlation was found between overall self-efficacy and OHIP-14 scores, supporting the association between higher self-efficacy and better OHRQoL. This study confirms that higher self-efficacy correlates with better oral health in Afghan immigrants in Iran. Essential interventions include culturally-adapted education in native languages and addressing key barriers like lack of insurance and low education. Despite the cross-sectional design limitations, integrated public health strategies combining self-efficacy building and healthcare access are strongly recommended.				PubMed	https://pubmed.ncbi.nlm.nih.gov/41382131/
CHEMBL5947674	41382112	Mechanism for credibility assessment of online health information by medical students in the digital-intelligent age-a grounded theory study in China.	2025				The increasing complexity of disease spectra and the rising public demand for health have led to a continuous expansion in the need for health information acquisition. However, the rapid development of digital and intelligent technologies has posed greater challenges to the credibility assessment of online medical and health information. The professional medical attributes of medical students necessitate their ability to discern health information in the digital-intelligent age. To explore the intrinsic mechanisms of health information credibility assessment among medical students in the digital-intelligent age and to provide a theoretical basis for enhancing their health information discernment capabilities. We conducted a grounded theory study following Corbin & Strauss. Through purposive sampling, 23 medical students from diverse academic backgrounds were selected for in-depth interviews. Open coding, axial coding, and selective coding were employed to analyze the interview data, systematically constructing a theoretical model of health information credibility assessment among medical students. (1) Intelligent technologies in the digital-intelligent age have significantly transformed the ecology of health information dissemination, with tools such as GenAI, IAT, and Big Data increasing the difficulty of health information discernment for medical students. (2) Individual heterogeneity is a critical factor leading to variations in health information discernment among medical students, primarily manifested across three dimensions: health information acquisition, health information cognitive processing, and social connectedness. (3) In the process of health information acquisition, differences in platforms, channels, and presentation formats influence individual discernment. (4) In health information cognitive processing, factors such as information familiarity, degree of involvement, and depth of processing affect discernment. (5) Regarding social connectedness, professional identity, clinical practical experience, and medical social support shape individuals' health information discernment. This study reveals the potential for individuals to proactively generate information in the digital-intelligent age transforming from passive information recipients into active participants in content creation, thereby highlighting the critical importance of individual heterogeneity. A theoretical framework for individual heterogeneity is constructed: health information acquisition → cognitive processing of health information → social connectedness → credibility assessment.				PubMed	https://pubmed.ncbi.nlm.nih.gov/41382112/
CHEMBL5947674	41382111	Priming of rat bone marrow-derived mesenchymal stem cells with curcumin induces an anti-inflammatory M2 phenotype in J774A.1 macrophage cell line.	2025								PubMed	https://pubmed.ncbi.nlm.nih.gov/41382111/
CHEMBL5947674	41382105	Comparing cryotherapy and ketorolac tromethamine against room-temperature saline irrigation using interleukin-8 levels and post-operative pain within single-visit endodontic treatment of symptomatic irreversible pulpitis superimposed by apical periodontitis; a comparative randomized controlled trial.	2025								PubMed	https://pubmed.ncbi.nlm.nih.gov/41382105/
CHEMBL5947674	41382087	What scientific inferences can be made with randomized implementation rollout trials.	2025				Randomized rollout trial designs, including stepped wedge designs, are commonly used to examine how well an evidence-based intervention or package is being implemented in community or healthcare settings. The multitude of implementation research questions and specific hypotheses suggest the need for diverse randomized rollout implementation trial designs, assignment principles and procedureds, and statistical modeling. We separate key research questions and identify mixed effect models for randomized implementation rollout trials involving 1) a single implementation strategy that tests how this strategy varies over time and/or resources that are allocated, 2) comparison of two distinct implementation strategies, and 3) three distinct strategies or components tested in a single trial. Appropriate rollout designs, optimal assignment methods, and other design and analysis considerations are discussed for trials of up to three distinct implementation strategies. To examine improvement in implementation outcomes we present a Fixed-Length Staggered Rollout Trial Design to examine how well a sustainment period continues to produce outcomes, The Rollout Implementation Optimization (ROIO) methodology illustrates testing for quality improvement. For comparing an existing to new strategy, we focus on a Stepped Wedge design, and for comparing two new strategies we describe a Head-to-Head Rollout trial design. To test for synergy between two components, we introduce a Head-to-Head Rollout trial design, and for testing an existing strategy to a new one followed by a sustainment period, we recommend using a Three-Phase Sequential Rollout Implementation trial design. Modeling choices are described, including options for specifying random effects that capture variations in site and clustering. We discuss comparisons of superiority versus non-inferiority testing and multiple contrasts. To support uses of these six designs and analyses, we provide computational code. The large class of randomized rollout implementation trial designs provides rich opportunities to address research questions posed by implementation scientists. Balance in assigning sites to cohorts is important before random assignment to time of transition to a new implementation occurs. Specific hypotheses are tested with mixed effects models where fixed effects include comparisons of implementation conditions and random effects that account for variation in sites and clustering.				PubMed	https://pubmed.ncbi.nlm.nih.gov/41382087/
CHEMBL5947674	41382049	The relationship between resilience, financial toxicity, and quality of life in patients with primary liver cancer: a cross-sectional study.	2025								PubMed	https://pubmed.ncbi.nlm.nih.gov/41382049/
CHEMBL5947674	41382021	Independent risk factors of hypertension in patients with chronic heart failure: insights from univariate and multivariate analyses.	2025				To explore the clinical characteristics and influencing factors of patients with chronic heart failure (CHF) complicated with hypertension. CHF patients hospitalized in our hospital from June 2022 to January 2024 included 120 patients with hypertension (hypertension group) and 120 patients without hypertension (no hypertension group). The clinical characteristics and risk factors were analyzed by univariate analysis and multi-factor logistic regression model. The results of univariate analysis showed that age, course of CHF, complicated with diabetes, left ventricular ejection fraction (LVEF), 6-minute walking distance, New York Heart Association (NYHA) cardiac function classification, systolic blood pressure (SBP), DBP(diastolic blood pressure), peripheral blood hemoglobin (Hb), serum creatinine(Scr), blood urea nitrogen (BUN), The differences in uric acid and glycosylated hemoglobin A1c (HbA1c) levels between the hypertension group and the non-hypertension group were statistically significant (all p < 0.05). Further multi-factor logistic regression analysis showed that age, NYHA cardiac function classification, complicated with diabetes, LVEF, peripheral blood Hb and HbA1c levels are independent influencing factors of CHF combined with hypertension (all p < 0.05), among which LVEF and peripheral blood. A lower Hb level was associated with a higher risk of hypertension, indicating that a higher Hb level is an independent protective factor against hypertension in patients with CHF; while the higher the age, NYHA cardiac function classification, complicated with diabetes and HbA1c level, the higher the risk of hypertension. Age, NYHA cardiac function classification, complicated with diabetes, LVEF, peripheral blood Hb and HbA1c levels are all independent influencing factors of CHF combined with hypertension.				PubMed	https://pubmed.ncbi.nlm.nih.gov/41382021/
CHEMBL5947674	41381974	Deep neural networks and genome-wide associations reveal the polygenic architecture of local brain aging.	2025				Local brain age (LBA) is a regional metric of brain aging that offers a spatially resolved alternative to global brain age, but whose genetic basis is unexplored. This study reports the first genome-wide association study of cortical LBA, as estimated by a deep neural network from the T				PubMed	https://pubmed.ncbi.nlm.nih.gov/41381974/
CHEMBL5947674	41381964	Development of a Komagataella phaffii-based expression system for high-activity anti-SARS-CoV-2 neutralizing antibodies.	2025								PubMed	https://pubmed.ncbi.nlm.nih.gov/41381964/
CHEMBL5947674	41381958	The use of ICD-10 coding for children hospitalized with suspected child physical abuse at a tertiary care pediatric hospital in Greece.	2025				Child physical abuse (CPA) is under-documented in hospital databases, posing challenges for its identification. The use of abuse-specific ICD-10 codes in identifying suspected CPA cases remains limited. This study investigated the use of ICD-10 codes to document suspected CPA cases in a pediatric hospital in Greece. We examined data from all hospitalized children younger than 18 years evaluated for suspected CPA by the country's first Child Safety Care Unit (CSCU) between June 2016 and September 2021. ICD-10 codes extracted from the hospital's electronic medical records (EMR) were compared with those assigned in the CSCU database by child abuse pediatricians (CAPs). CAPs also rated the likelihood of abuse for each case using the Thomas-Leventhal Scale, a 7-point clinical abuse scale. Of the 119 cases evaluated, significant discrepancies were observed between the ICD-10 codes used in the EMR and those assigned by CAPs in the CSCU. In 61.3% of cases, there was no overlap in ICD-10 codes. In the EMR, there was underutilization of specific ICD-10 codes to identify cases of suspected CPA and predominant use of general, non-specific codes. Based on the Thomas-Leventhal Scale, cases assigned specific CPA codes by CAPs had a higher likelihood of abuse.  Underutilization of specific ICD-10 codes in this hospital's EMR hindered accurate CPA identification. Implementing systematic coding practices, including the integration of tools, such as the Thomas-Leventhal Scale, alongside ICD-10 coding, or allowing CAPs to code during consultations, may enhance CPA documentation and support screening and intervention strategies in pediatric hospitals. • Child physical abuse (CPA) remains under-documented in hospital databases. • Abuse-specific ICD-10 codes are underused by physicians, resulting in low sensitivity for CPA detection. • In a Greek hospital, the underutilization of specific ICD-10 codes for CPA or accidents and the predominant use of general codes hinder accurate CPA identification in the Electronic Medical Records (EMR). • The systematic use of the Thomas-Leventhal Scale and EMR coding by Child Abuse Pediatricians (CAPs) could improve CPA documentation and enhance the accuracy of abuse identification in hospital databases.				PubMed	https://pubmed.ncbi.nlm.nih.gov/41381958/
CHEMBL5947674	41381886	Declining FXR expression coordinates neonatal beta cell mass development with microbial bile acid metabolism maturation in mice.	2025				Diet switch during weaning induces gut microbiome maturation, accompanied by the formation of adequate functional beta cell mass. Bile acid (BA), an essential microbial metabolite, regulates host glucose homeostasis by binding to its main receptor, farnesoid X receptor (FXR, encoded by NR1H4). However, the precise roles of microbial BA metabolism and FXR signalling in neonatal beta cell development are still unclear. Islet FXR levels were determined at different perinatal stages. Postnatal changes in gut microbiome and BA profiles were examined in mice, with changes in germ-free mouse BAs serving as the control. We genetically modified beta cells to sustain FXR expression after birth (using Nr1h4-knockin [βFxrKI] mice) and performed morphological and functional analysis on murine islets. Single-cell RNA-seq and single-cell assay for transposase-accessible chromatin sequencing of islet cells were used to study FXR-mediated downstream regulation in islets. Lineage tracing was performed to evaluate beta cell fate transition. Mendelian randomisation (MR) and human islet proteomics data analysis were applied to study the pathological relevance in human diabetes. FXR expression in beta cells declined after birth (positive cell proportion, 29.1 ± 3.1% at embryonic day 18.5 vs 4.2 ± 2.4% at 3 weeks postnatal in mice, p<0.001). This physiological change paralleled the ascending of FXR-agonistic BAs derived from gut microbiome maturation (unconjugated BA proportion, 0.9 ± 0.6% at 1 week vs 14.0 ± 5.6% at 3 weeks, p<0.05). βFxrKI mice had limited beta cell mass growth (approximately 70% of the control level at 1 week of age and only 15% of the control level at 8 weeks of age) and developed high blood glucose levels by weaning (random blood glucose, 15.2 ± 1.7 mmol/l in βFxrKI vs 7.7 ± 0.5 mmol/l in control, p<0.001), mainly resulting from elevated cell apoptosis (1.95-, 1.79-, and 3.27-fold increase vs control at 1, 2 and 3 weeks, respectively) and altered beta cell identity. Casp6 was identified as a key downstream target in beta cell FXR. Intervention with antibiotics or a specific caspase-6 (CASP6) inhibitor partially recovered the phenotypes of βFxrKI mice. Further validation in humans showed that islet FXR/CASP6 levels were elevated in individuals with type 2 diabetes (FXR, -0.039 ± 1.257 a.u. in donors without diabetes vs 0.646 ± 1.140 a.u. in donors with diabetes, p=0.0371; CASP6, -1.575 ± 0.307 a.u. in donors without diabetes vs -1.325 ± 0.381 a.u. in donors with diabetes, p=0.011). MR analysis further supported the effect of human islet FXR expression in elevating HbA The declining FXR-CASP6 signals in neonatal beta cells could serve as a programmed host response to the maturing gut microbial BA metabolism to maintain normal postnatal beta cell mass development and ensure glycaemic homeostasis in adults. Raw data of scRNA-seq and scATAC-seq are deposited in the Gene Expression Omnibus (GEO) database under the accession number GSE241408. The code used in this Mendelian randomisation study is publicly available at https://github.com/Angela-linyt/Gene_Glu_MR.git .				PubMed	https://pubmed.ncbi.nlm.nih.gov/41381886/
CHEMBL5947674	41381865	Brain CB2 receptor: a new target in medication development for treating opioid use disorder in rodents.	2025				Opioid use disorder (OUD) remains a major public health crisis, underscoring the urgent need for safer and more effective treatments. Cannabinoid CB2 receptor (CB2R) agonists show therapeutic promise for neuropsychiatric disorders and pain, with minimal psychoactive effects by themselves, but their potential in treating OUD is not well defined. Here, we report that MRI-2594, a novel, highly selective CB2R agonist, reduced heroin self-administration and heroin-primed reinstatement of drug-seeking behavior in rats. MRI-2594 produced modest analgesia by itself without impairing oxycodone-induced analgesia, hyperlocomotion, or causing sedation. Local infusion of MRI-2594 into the ventral tegmental area (VTA) or nucleus accumbens (NAc) also inhibited heroin self-administration in rats. Systemically administered MRI-2594 reduced dopamine (DA) release in the NAc, as measured by fiber photometry. In DAT-Cre mice, MRI-2594 attenuated brain-stimulation reward driven by optogenetic activation of VTA DA neurons - an effect blocked by the selective CB2R antagonist MRI-2687. To confirm CB2R mechanism, we generated a new strain of CB2-KO-eGFP mice in which the CB2R coding region was replaced with an eGFP reporter. Immunostaining revealed CB2R-driven GFP expression in tyrosine hydroxylase (TH)-positive VTA DA neurons of CB2-KO-eGFP, but not wild-type, mice. Lastly, MRI-2594 inhibited heroin self-administration in wild-type but not CB2-KO-eGFP mice. These findings demonstrate that brain CB2Rs mediate the anti-addictive effects of MRI-2594 and highlight CB2R as a potential target for OUD therapy.				PubMed	https://pubmed.ncbi.nlm.nih.gov/41381865/
CHEMBL5947674	41381842	USP10 promotes cell proliferation and gemcitabine resistance in pancreatic cancer by the regulation of IGF2BP3-STEAP3.	2025				Gemcitabine resistance remains a major obstacle in the treatment of pancreatic adenocarcinoma (PDAC). Through gain- and loss-of-function experiments, we identified USP10 as a positive regulator of tumor growth and gemcitabine resistance. Mechanistically, we demonstrate that USP10 stabilizes IGF2BP3 by removing its K48- and K63-linked ubiquitin chains, thereby inhibiting proteasomal degradation. The stabilized IGF2BP3 binds to and enhances the stability of STEAP3 mRNA in an m⁶A-dependent manner. Upregulation of STEAP3 suppresses ferroptosis by increasing glutathione levels and reducing lipid peroxidation, ultimately promoting tumor proliferation and gemcitabine resistance. Our study identifies the USP10-IGF2BP3-STEAP3 axis as a critical mechanism underlying chemoresistance in pancreatic cancer, suggesting that targeting USP10 may offer a promising therapeutic strategy for overcoming gemcitabine resistance.				PubMed	https://pubmed.ncbi.nlm.nih.gov/41381842/
CHEMBL5947674	41381832	Measurement properties of the Spanish version of assessment of survivor concerns in cancer patients.	2025								PubMed	https://pubmed.ncbi.nlm.nih.gov/41381832/
CHEMBL5947674	41381816	Non-Specific Strength Changes Between High- and Low-Load Isotonic Resistance Training: A Systematic Review and Meta-Analysis.	2025				In comparisons between high- and low-load isotonic resistance training, it has become common to include non-specific strength tests (e.g., isometric and isokinetic strength tests), presumably in attempt to minimize the influence of training specificity and better understand the efficacy of low-load training for developing maximal strength. Many have suggested that high- and low-load isotonic resistance training are similarly effective for increasing non-specific strength, provided exercise is performed to task failure. However, little work has been completed to examine the accuracy of such statements. We aimed to quantitatively identify whether high-load isotonic resistance training results in differential changes in non-specific strength compared to low-load isotonic training. A systematic search of the literature was conducted using PubMed, Scopus, and Embase from inception to 14 June, 2025. To be included in the present review, a study needed to: (a) be performed in healthy adult humans ≥ 18 years of age; (b) include isotonic high- and low-load isotonic resistance training protocols that were prescribed to task failure; (c) have measured non-specific strength at both pre- and post-intervention via an isometric or isokinetic maximum strength task; (d) matched the number of strength tests between the high- and low-load training groups; (e) be published in a peer-reviewed journal; and (f) published in the English language. A random-effect meta-analysis using robust estimation variation was then implemented on the changes (i.e., pre- to post-intervention) in non-specific strength between high- and low-load isotonic resistance training. The literature search yielded 7885 unique articles, of which ten studies were selected for inclusion in the present analysis. Using effect size values calculated from the change score standard deviations resulted in 44 ES from ten studies (245 total participants; high load, n = 114; low load, n = 131). The overall effect size (Cohen's d) was 0.322 with a standard error of 0.17, a 95% confidence interval of - 0.08 to 0.72 (p = 0.104), and 95% prediction intervals that ranged from - 0.45 to 1.1. A supplemental analysis using pre-standard deviations resulted in similar conclusions. The results of the current analysis were inconclusive as to whether high- and low-load isotonic training induced differential changes in non-specific strength. The overall effect size appeared to be biased towards favoring high-load isotonic training; however, the confidence intervals were wide and crossed zero.				PubMed	https://pubmed.ncbi.nlm.nih.gov/41381816/
CHEMBL5947674	41381815	An integrated graph neural network model for joint software defect prediction and code quality assessment.	2025				Current software defect prediction and code quality assessment methods treat these inherently related tasks independently, failing to leverage their complementary information. Existing graph-based approaches lack the ability to jointly model structural dependencies and quality characteristics, limiting their effectiveness in capturing the complex relationships between defect patterns and code quality indicators. This paper proposes a novel integrated model that simultaneously tackles both objectives using graph neural networks to leverage the inherent graph structure of software systems. Our novelty lies in the first-of-its-kind integration of multi-level graph representations (AST, CFG, DFG) with a dual-branch attention-based GNN architecture for simultaneous defect prediction and quality assessment. Our approach constructs multi-level graph representations by integrating abstract syntax trees, control flow graphs, and data flow graphs, capturing both syntactic and semantic relationships in source code. The proposed dual-branch GNN architecture employs shared representation learning with attention mechanisms and multi-task optimization to exploit complementary information between defect prediction and quality assessment tasks. Comprehensive experiments on six real-world software projects demonstrate significant improvements over traditional methods, achieving F1-scores of 0.811 and AUC values of 0.896 for defect prediction, while showing 9.3% average improvement in code quality assessment accuracy across multiple quality dimensions. The integration strategy proves effective in capturing complex structural dependencies and provides actionable insights for software development teams, establishing a foundation for intelligent software engineering tools that deliver comprehensive code analysis capabilities.				PubMed	https://pubmed.ncbi.nlm.nih.gov/41381815/
CHEMBL5947674	41381800	Beyond Proton Pump Inhibitors: Evaluating Treatment Strategies for Immune-Mediated Gastroenteritis from Cancer Immunotherapy.	2025				Immune-mediated gastroenteritis (IMG) has been commonly managed with proton pump inhibitors (PPIs), though their effectiveness is unclear. Histological analysis has shown depletion of parietal cells in the gastric mucosa during IMG, which inhibits PPI action. Extending on a small cohort study, we assessed the role of PPIs, and alternatives such as corticosteroids, for managing IMG. This was a retrospective study at a tertiary care cancer center, including patients with malignancy who received an immune-checkpoint inhibitor (ICI) between 2010 and 2024 and developed IMG. A total of 399 patients were included, of whom 281 (70.4%) received PD-1/PD-L1 inhibitors. Of these, 190 (47.6%) had exclusive IMG, and 69 (36.3%) were treated with PPIs. PPI use did not significantly impact clinical outcomes. In contrast, 156 (39.1%) received corticosteroids, showing improved clinical outcomes (75.8% vs 65%; p = 0.027) and a trend towards faster symptom resolution (41.5 vs 53 days; p = 0.064). Endoscopic remission was achieved in 71.1% of the steroid group and 36.7% of the non-steroid group. ICI discontinuation was more frequent with steroids (73.5% vs 50.7%; p < 0.0001), as was symptom recurrence within 6 months (16.7% vs 3.6%; p < 0.0001). All-cause mortality was higher in the non-steroid group (51.5% vs 41%; p = 0.042), which had a shorter follow-up period (0.7 vs 1.1 years; p = 0.004). Binary logistic regression showed that steroid use (OR 1.7, 95% CI 1.06-2.7; p = 0.027) and ICI discontinuation (OR 1.9, 95% CI 1.1-3.0; p = 0.007) were associated with clinical improvement. Our findings show faster clinical improvement and higher endoscopic remission rates with steroids, while PPIs demonstrated no significant effectiveness.				PubMed	https://pubmed.ncbi.nlm.nih.gov/41381800/
CHEMBL5947674	41381760	A novel migrasome-associated lncRNA model for clear cell renal cell carcinoma prognosis and immune response prediction.	2025				The most common kind of kidney cancer, clear cell renal cell carcinoma (ccRCC), presents challenges in clinical management and prognosis. Although the roles of long non-coding RNAs (lncRNAs) and migrasomes in tumorigenesis and tumor development have gradually attracted attention, there is currently relatively little research on migrasomes in ccRCC. The objective of this research was to construct a migrasome-associated lncRNAs model and assess its predictive value for immune reactions and survival outcomes in patients with ccRCC. First, the Cancer Genome Atlas (TCGA) database was utilized to acquire transcriptome data and clinical information pertaining to ccRCC. Using this data, Pearson correlation identified migrasome-associated lncRNAs, and Cox regression analysis was utilized to build a prognostic model. Subsequently, the model's utility was validated against clinical characteristics from multiple perspectives. Enrichment results, immune infiltration analysis, Tumor Mutational Burden (TMB), and Tumor Immune Dysfunction and Exclusion (TIDE) analysis delineated differences in the tumor immune microenvironment. Quantitative real-time polymerase chain reaction (qPCR) confirmed the expression of key lncRNAs in the model. Finally, a interference plasmid for UBE2Q1-AS1 was constructed and transfected into 786-O cells. The CCK-8 assay and Transwell assay were then used to verify its effects on cell proliferation and migration. A prognostic model incorporating 12 migrasome-associated lncRNAs with independent prognostic value was developed, demonstrating robust predictive power across various clinical features. Enrichment and immune infiltration analyses revealed significant disparities in immune responses between groups. TMB and TIDE analyses indicated that high TMB groups had lower survival rates compared to low TMB groups, and TIDE scores were greater for high-risk groups than for low-risk groups. Additionally, the quantities of expression for migrasome-associated lncRNAs were validated in human ccRCC cell line. Cell experiments revealed that interference of UBE2Q1-AS1 significantly inhibited the proliferation and migration of 786-O cells. The migrasome-associated lncRNA model accurately predicts ccRCC patient prognosis, offering new insights for immunotherapy and clinical applications.				PubMed	https://pubmed.ncbi.nlm.nih.gov/41381760/
CHEMBL5947674	41381707	SRAM based Gaussian noise generation for post quantum cryptography.	2025				As quantum computing progresses, conventional public-key cryptographic schemes such as RSA and ECC face increasing vulnerability to quantum attacks. Post-quantum cryptography (PQC), especially schemes based on the learning with errors (LWE) problem, depends on Gaussian-distributed noise for security. However, traditional Gaussian noise generation methods-such as Box-Muller, rejection sampling, and Ziggurat-incur high computational and memory costs, making them unsuitable for lightweight or embedded systems. This paper proposes a hardware-based Gaussian noise generator that uses the inherent randomness of static random access memory (SRAM) power-on states. The method aggregates SRAM start-up bits and computes their Hamming weight to efficiently generate Gaussian-distributed integers without analog components, large lookup tables, or external random number generators. Experimental results show that the output closely matches a Gaussian distribution under various group sizes and environmental conditions. Statistical tests, including Shapiro-Wilk and Kolmogorov-Smirnov, achieve over 95% pass rates, while Kullback-Leibler divergence remains below 0.01. The generator also maintains Gaussian properties across a wide thermal range (- 20 to 100 °C). These results demonstrate that the proposed SRAM-based generator offers a practical, lightweight, and thermally robust solution for PQC, particularly in lattice- and code-based cryptographic schemes.				PubMed	https://pubmed.ncbi.nlm.nih.gov/41381707/
CHEMBL5947674	41381668	Dynamic context-aware multi-modal deep learning for longitudinal prediction of Parkinson's disease progression.	2025				Accurately forecasting the progression of Parkinson's disease (PD) motor symptoms in early-to-moderate stages is essential for timely intervention and personalized patient care but remains challenging due to heterogeneous and longitudinal symptom evolution. We present a novel dynamic context-aware multi-modal deep learning framework that predicts future motor symptom severity by integrating advanced voice biomarkers with signal processing techniques, clinical progression features, demographic metadata, and semantically enriched patient summary embeddings derived from comprehensive clinical narratives via state-of-the-art natural language processing. Leveraging bidirectional LSTMs augmented with multi-head self-attention, our architecture captures complex temporal dependencies while preventing information leakage. To ensure robust evaluation despite limited sample size (42 patients), we implemented repeated 5-fold cross-validation at the patient level (8 repetitions, 40 total folds), substantially exceeding standard evaluation rigor. Our approach achieves exceptional performance ([Formula: see text] = 0.9925 ± 0.0027, RMSE = 0.67 ± 0.19, MAE = 0.50 ± 0.15) with all 40 folds achieving [Formula: see text] > 0.989, significantly outperforming classical machine learning baselines ([Formula: see text] and 0.002785) and all previously published methods on this dataset. Cross-validated ablation studies (240 total model trainings across 6 configurations) reveal that clinical features establish a strong baseline ([Formula: see text] = 0.9887 ± 0.0043), while text embeddings provide the largest incremental gain (3.82% RMSE reduction). Voice biomarkers contribute modestly to accuracy (2.72%) but substantially enhance stability (10-fold lower variability). The full multi-modal model achieves optimal performance (7.50% RMSE reduction vs. clinical-only) with the lowest variability (CV = 0.27%), demonstrating that dynamic cross-modal fusion enhances both accuracy and robustness. These findings, validated through 40 independent evaluations with each patient tested 8 times, demonstrate that integrating engineered temporal dynamics and contextual embeddings through advanced temporal modeling enables accurate longitudinal predictions of early-to-moderate PD progression. Complete code and implementation details are publicly available to ensure reproducibility.				PubMed	https://pubmed.ncbi.nlm.nih.gov/41381668/
CHEMBL5947674	41381652	RDLK-YOLO enhanced pipeline defect detection in uneven illumination.	2025				Effective detection and timely treatment of drainage pipeline defects are crucial for maintaining underground pipeline systems and urban environments. Traditional image processing methods often struggle under complex lighting conditions. This study proposes a lighting compensation and feature enhancement algorithm to address feature degradation in uneven illumination, offering high-quality preprocessing for defect detection. We further develop an efficient object detection network, Rectangular Deformable Large Kernel-YOLO (RDLK-YOLO), based on YOLOv11. Key innovations include a Deformable Multi-scale Axial Calibration Module (DMACM), a Dynamic Large-Kernel Attention (DLKA) mechanism, Wavelet Transform Convolution (WT-Conv), and a hybrid loss function. Experimental results demonstrate that RDLK-YOLO achieves 94.7% precision, 88% recall, and 92.5% mAP@50, outperforming existing methods in accuracy and robustness under uneven illumination. This study highlights the practical utility of RDLK-YOLO in real-world pipeline defect detection scenarios. The code and dataset required to reproduce these findings are available in the following GitHub repository: https://github.com/aussup/RDLK-YOLO.git.				PubMed	https://pubmed.ncbi.nlm.nih.gov/41381652/
CHEMBL5947674	41381588	Electrical energy reduction based on residential densification for passive heating and cooling load reduction in Jordan.	2025				In Jordan, housing is one of the largest consumers of electricity due to total heating and cooling requirements. This research looks at how populated spaces impact energy consumption. The case study is mid-rise apartments, and it takes a cross-disciplinary approach by merging the fields of electrical engineering and architectural design. The study, through simulation and the national building code of Jordan, especially the 2018 building code and its code regarding urban density, considers the effect on energy consumption of increasing building height by adding floors in categories A, B, and C. The aim is to identify passive design. Such a goal, inspired by low energy building schemes, looks at how to reduce electricity demand without active systems. Key factors like the number of floors, building height, and shade coverage also matter. The simulations indicated that increasing the residential density to 6 floors, the mean values of the spent electricity per square meter of floor area decreased considerably. The averages were down 26% for category A, 28.6% for category B, and 28.3% for category C. Overall, these findings capture the essence of the strategic civil and architectural design needed to really understand the abstraction of energy demand and offer the basis for energy efficient construction to be adopted in Jordan, especially concerning the national electrical grid.				PubMed	https://pubmed.ncbi.nlm.nih.gov/41381588/
CHEMBL5947674	41381576	CRISPR-Cas12a-based rapid detection of Babesia gibsoni and Ehrlichia canis in dogs using fluorometer platform.	2025								PubMed	https://pubmed.ncbi.nlm.nih.gov/41381576/
CHEMBL5947674	41381109	Intermittent-vigorous intensity physical activity as a strategy for recovery in severe mental illness: study protocol for a pragmatic clinical trial.	2025				Achieving physical activity recommendations for health as part of mental healthcare for adults with severe mental illness (SMI) could enhance clinical, functional and quality of life outcomes. We have co-designed a protocol to evaluate the impact of an intervention which combines High Intensity Interval Training (HIIT) and Vigorous Intermittent Lifestyle Physical Activity (VILPA) on clinical, functional and quality of life outcomes in people who have SMI. Pragmatic clinical trial with an intervention and control arms. Participants will be recruited from two mental health services in two different cities in the same geographical area. Participants who meet the inclusion criteria (>18 years, SMI diagnosis, not at medical risk to practise vigorous physical activity, living in the community) will be included. Those from one service will be assigned to the intervention group and those from the other to the control group. The intervention will take place in the mental healthcare centre and will comprise 16 weeks of group-based HIIT, with transition to an individual lifestyle intervention VILPA over the next 12 weeks-for a total intervention period of 28 weeks. Primary outcome (clinical and functional and quality of life) measures and secondary (self-perception and device-measured fitness, physical activity and sedentary behaviour, and experience) measures will be assessed at baseline and at 16-week, 28-week and 40-week follow-ups. Group differences in change scores will be assessed using linear mixed-effects models with time, group and their interaction as fixed effects, accounting for within-subject correlations. The study was approved by the Human Ethics Committee of the Institute for Research and Innovation in Life and Health Sciences in Central Catalonia (Spain, CEIm code: 24/007). Data will be shared following publication of results with no end date. Results will be disseminated in peer-reviewed journals and at national and international conferences and will inform the development of recovery protocols for people with SMI. ClinicalTrials.gov NCT06338917.				PubMed	https://pubmed.ncbi.nlm.nih.gov/41381109/
CHEMBL5947674	41381053	Linking the NETSARC+ National Sarcoma Database With the SNDS to Evaluate Adjuvant and/or Neoadjuvant Therapy: Report on the Linkage Process and Result (Health Data Hub's DEEPSARC Pilot Project).	2026				DEEPSARC, one of the first projects running on the Health Data Hub, aimed to identify real-life treatment regimens that could improve overall survival. The project is based on matching the national database of the sarcoma reference network with the SNDS. We aimed to report a transparent description of the linking process and its results. The sarcoma database encompasses 33 548 patients matching the selection criteria divided into three subsets: 13507 patients with a complete dataset gathering clinical and pathological data; 5844 patients with clinical data alone; and 14 197 patients with pathological data alone. As no ICD-10 code reliably identifies patients with sarcoma, the subpopulation extracted from the SNDS was extended to 3 million patients who underwent surgery for their cancer. An indirect record linkage process used a combination (called a signature) of so-called chaining variables to uniquely identify a pair of patients from each of the bases. Two metrics (signature robustness and overall quality) were calculated for ease of interpretation. The overall matching rate of 73.1% (24 539 pairs out of 33 548 observations), reaching 90.5% in the intersection of the sarcomas databases (with extended data, 12 225 pairs out of 13 507 observations). An optimized and transparent process led to a moderate matching rate but enhanced the confidence in true matching. Representativeness is an issue related to the missing data pattern across the three NETSARC databases. For instance, an individual present only in the RREPS database has a greater probability of not being linked.				PubMed	https://pubmed.ncbi.nlm.nih.gov/41381053/
CHEMBL5947674	41380833	Cumulative pregnancy rates among patients with bowel endometriosis according to therapeutic approach. A Systematic Review and Meta-Analysis.	2025				To establish the cumulative pregnancy rate for the different therapeutic options usually offered to patients with bowel endometriosis-associated infertility. A systematic search was conducted using the PubMed, Cochrane, LILACS, and Google Scholar databases to identify relevant studies published in English, French, or Spanish and limited to those published between 2009 and July 2025. Observational and randomized studies that reported cumulative pregnancy rates in women with documented bowel endometriosis who wished to conceive (with or without proven infertility), after expectant management, first-line medically assisted reproduction, or primary bowel surgery (with or without further fertility treatments). For quality assessment, two reviewers independently assessed the risk of bias using the Newcastle-Ottawa scale for observational studies. A random-effects model meta-analysis was conducted to estimate the overall size effect for each outcome. Heterogeneity between studies was evaluated using I², Chi², and Tau² statistics. Publication bias was assessed using a funnel plot for meta-analyses and quantified using the Rosenthal method. 48 studies, including 5963 patients with bowel endometriosis, were included. Among patients without surgical intervention, the spontaneous cumulative pregnancy rate was 36% (95% CI: 15-57%) and 40% (95% CI: 25-55%) for those with first-line medically assisted reproduction. Among patients with a primary surgical approach, spontaneous cumulative pregnancy rate was 29% (95% CI: 25-34%) and 56% (95% CI: 49-63%) for those following strictly medically assisted reproduction; overall after surgery pooled cumulative pregnancy rate was 56% (95% CI: 51-62%). A sub-analysis among patients with previously confirmed infertility following surgery showed a spontaneous cumulative pregnancy rate of 24% (95% CI: 19-30%). High heterogeneity was observed among most studies, with an overall low risk of publication bias. Available evidence advocates for a patient-centered approach. Surgical intervention followed by medically assisted reproduction is an effective strategy for many; therefore, the choice between surgery and medically assisted reproduction should not be binary but tailored to the specific patient goals and symptoms.				PubMed	https://pubmed.ncbi.nlm.nih.gov/41380833/
CHEMBL5947674	41380827	Navigating the Nexus: Dysregulation of Non-Coding RNAs in Breast Cancer Under Therapeutic Interventions - Mechanisms and Clinical Implications.	2025				Non-coding RNAs (ncRNAs)-including micro RNAs (miRNAs), long ncRNAs (lncRNAs), and circular RNAs (circRNAs)-are key regulators of gene expression in the biological processes of breast cancer (BC) development. The dysregulation of these ncRNAs also contributes majorly to the initiation, progression, and treatment resistance of BC. This review summarizes the current understanding of how systemic therapeutic strategies (e.g. chemotherapy, endocrine therapy, targeted therapy, radiotherapy, and immunotherapy) can induce ncRNA changes which subsequently alter treatment responses. The underlying dysregulation of ncRNAs in BC occur through genetic events, epigenetic alterations, and complex transcriptional and post-transcriptional regulatory events, including competing endogenous RNA (ceRNA) networks. Some ncRNAs are important mediators of drug resistance (e.g. miR-21 in chemoresistance, HOTAIR in endocrine resistance, and ncRNAs regulated by ALKBH5 in HER2-targeted therapy resistance), modulating biological pathways such as apoptosis, DNA repair, and drug metabolism. The sensitivity of ncRNAs in biofluids make them appealing candidates for non-invasive biomarkers for diagnosis, prognosis, and real-time monitoring of response to treatment interventions. Despite the clear potential for ncRNAs to serve as therapeutic targets and as biomarkers in clinical management of BC, additional work is required to generate optimal delivery methods, achieve specificity, and standardize detection methods. Future studies, encompassing 'multi-omics' strategies in BC research together with enhanced computational tools, will also be warranted to fully establish ncRNA discoveries into personalized BC care, and improved treatment outcomes for patient management through precision nanomedicine and liquid biopsy platforms.				PubMed	https://pubmed.ncbi.nlm.nih.gov/41380827/
CHEMBL5947674	41380705	Lung cancer screening recommended in latest European Code Against Cancer.	2025								PubMed	https://pubmed.ncbi.nlm.nih.gov/41380705/
CHEMBL5947674	41380457	Assessing stray neutron dose variability across Monte Carlo codes in a proton therapy scenario.	2025				Monte Carlo (MC) simulations are widely used in proton therapy dosimetry, but neutron dose estimates vary significantly across different MC codes, nuclear models, and cross-section libraries. This study provides an overview of the expected differences in neutron fluence and dose equivalent calculations across five MC codes (PHITS, MCNP, FLUKA, GATE, and TOPAS) for a clinically-relevant proton beam model in a reference phantom. A spread-out Bragg peak (SOBP) proton beam was simulated in a water phantom. Neutron fluence spectra and dose equivalents were evaluated at multiple out-of-field positions using each code's default nuclear models and cross-section libraries. Additional simulations explored the impact of alternative cross-section libraries (JENDL-5, JEFF-3.3, TENDL-2021) and nuclear models. While proton dose distributions were consistent across codes (spatial variations < 2 mm), neutron fluences differed by up to 130 %, and dose equivalents varied by 88 % depending on nuclear data. Proton cross-sections had a greater influence on neutron spectra than neutron cross-sections. Codes using the same nuclear data libraries produced comparable results, highlighting cross-section selection as a key source of variability. These results provide MC users with a reference for expected differences in neutron dose calculations. While default MC settings offer reasonable internal consistency, the observed variability underscores the need for benchmarking against experimental data to ensure accurate neutron dose predictions in proton therapy.				PubMed	https://pubmed.ncbi.nlm.nih.gov/41380457/
CHEMBL5947674	41380339	AGFS-tractometry: A novel atlas-guided fine-scale tractometry approach for enhanced along-tract group statistical comparison using diffusion MRI tractography.	2025				Diffusion MRI (dMRI) tractography is currently the only method for in vivo mapping of the brain's white matter (WM) connections. Tractometry is an advanced tractography analysis technique for along-tract profiling to investigate the morphology and microstructural properties along the fiber tracts. Tractometry has become an essential tool for studying local along-tract differences between different populations (e.g., health vs disease). In this study, we propose a novel atlas-guided fine-scale tractometry method, namely AGFS-Tractometry, that leverages tract spatial information and permutation testing to enhance the along-tract statistical analysis between populations. There are two major contributions in AGFS-Tractometry. First, we create a novel atlas-guided tract profiling template that enables consistent, fine-scale, along-tract parcellation of subject-specific fiber tracts. Second, we propose a novel nonparametric permutation testing group comparison method to enable simultaneous analysis across all along-tract parcels while correcting for multiple comparisons. We perform experimental evaluations on synthetic datasets with known group differences and in vivo real data. We compare AGFS-Tractometry with two state-of-the-art tractometry methods, including Automated Fiber-tract Quantification (AFQ) and BUndle ANalytics (BUAN). Our results show that the proposed AGFS-Tractometry obtains enhanced sensitivity and specificity in detecting local WM differences. In the real data analysis experiments, AGFS-Tractometry can identify more regions with significant differences, which are anatomically consistent with the existing literature. Overall, these demonstrate the ability of AGFS-Tractometry to detect subtle or spatially localized WM group-level differences. The created tract profiling template and related code are available at: https://github.com/ZhengRuixi/AGFS-Tractometry.git.				PubMed	https://pubmed.ncbi.nlm.nih.gov/41380339/
CHEMBL5947674	41380182	Geogenic determinants of indoor radon exposure in İzmir (West Türkiye).	2025				Radon, a naturally occurring product of uranium decay, is the second leading cause of lung cancer. İzmir Province in western Türkiye, situated within the Aegean extensional regime, comprises complex fault-bounded basins that favor indoor radon accumulation. This study evaluates the spatial variability and geogenic controls of indoor radon to delineate radon-prone zones with public-health relevance. Indoor radon was measured in 79 dwellings distributed across major lithologies and structural settings; detectors were deployed in basements to capture soil-gas infiltration. Concentrations ranged from 12 to 366.5 Bq/m				PubMed	https://pubmed.ncbi.nlm.nih.gov/41380182/
CHEMBL5947674	41380045	A Qualitative Study of Senior Residents' Strategies to Prepare for Unsupervised Practice.	2025				As emergency medicine (EM) residents prepare for the transition into unsupervised practice, their focus shifts from demonstrating competencies within familiar training environments to anticipating their new roles and responsibilities as attending physicians, often in unfamiliar settings. Using the self-regulated learning framework, we explored how senior EM residents proactively identify goals and enact learning strategies leading up to the transition from residency into unsupervised practice. In this study we used a constructivist grounded theory approach, interviewing EM residents in their final year of training at two residency programs. Using the self-regulated learning framework as a sensitizing concept for analysis, we conducted inductive, line-by-line coding of interview transcripts and grouped codes into categories. Theoretical sufficiency was reached after 12 interviews, with four subsequent interviews producing no divergent or disconfirming examples. We interviewed16 senior residents about their self-regulated learning approaches to preparing for unsupervised practice. Participants identified two types of gaps that they sought to address prior to entering practice: knowledge/skill gaps, and autonomy gaps. We employed specific workplace learning strategies to address each type of gap, which we have termed cherry-picking, case-based hypotheticals, parachuting, and making the call, and reflection on both internal and external sources of feedback to assess the effectiveness of these learning strategies. This study presents participants' identification of gaps in their residency training, their learning strategies, and reflections as cyclical processes of self-regulated learning. In their final months of training EM residents strategically leverage learning strategies to bridge gaps between their self-assessed capabilities and those they anticipate needing to succeed in unsupervised practice. These findings show that trainees have agency in how they use goal setting, strategic actions, and ongoing reflection to prepare themselves for unsupervised practice. Our findings also suggest tailored approaches whereby programs can support learning experiences that foster senior residents' agency when preparing for the challenges of future practice.				PubMed	https://pubmed.ncbi.nlm.nih.gov/41380045/
CHEMBL5947674	41379931	The Range-Resident Logistic Model: A New Framework to Formalise the Population-Dynamics Consequences of Range Residency.	2025				Individual movement is critical in shaping population dynamics. However, existing frameworks linking these two processes often rely on unrealistic assumptions or numerical simulations. To address this gap, we introduce the range-resident logistic model, an easy-to-simulate and mathematically tractable extension of the spatial logistic model that incorporates empirically supported range-resident movement. Our framework unifies non-spatial and (sessile) spatial formulations of the logistic model as limiting cases. Between these regimes, the long-term population size depends nonlinearly on home-range size and spatial distribution. Neglecting range residency can hence lead to under- or overestimating population carrying capacity. To better understand these results, we also introduce a novel crowding index that depends on movement parameters and can be estimated from tracking data. This index captures the influence of spatial structure on population size, and serves as a robust predictor of abundance. The range-resident logistic model is thus a unifying framework bridging movement and population ecology.				PubMed	https://pubmed.ncbi.nlm.nih.gov/41379931/
CHEMBL5947674	41379920	Unveiling Fine-grained Deceptive Patterns in Multi-modal Fake News: An Explainable Neuro-Symbolic Framework with LVLMs.	2025				The widespread proliferation of fake news on the Internet, especially in multi-modal formats, poses a substantial threat to society. Most deep learning-based approaches for fake news detection yield accurate predictions but lack explainability. Existing models focusing on explainability visualize key components from results or generate surface causes via Large Language Models. However, they can hardly provide the deep rationale behind the fabrication of fake news, which is indispensable for misinformation mitigation. Thus, we approach explainability from a different perspective, focusing on explaining how fake news is fabricated, which we term deceptive patterns, at its very source. First, four types of deceptive patterns are pre-established, namely Image Manipulation, Cross-modal Inconsistency, Image Repurposing and Others. Based on this, we propose GE-NSLM, a General Explainable Neuro-Symbolic Latent Model that integrates the power of Large Vision Language Models, which not only provides accurate judgments but also offers insights on deceptive patterns. Specifically, each deceptive pattern is represented as a binary learnable latent variable, obtained through amortized variational inference and weak supervision guided by logical rules. Experiments show GE-NSLM achieves competitive performance. More importantly, it provides interpretable insights into the underlying reasons why specific news items are fake. Our code is available at https://github.com/hedongxiao-tju/GE-NSLM.				PubMed	https://pubmed.ncbi.nlm.nih.gov/41379920/
CHEMBL5947674	41379914	Unified Granularity Controller for Interactive Segmentation.	2025				Interactive Segmentation (IS) segments specific objects or parts by deducing human intent from sparse input prompts. However, the sparse-to-dense mapping is ambiguous, making it challenging for users to obtain segmentations at the desired granularity and causing them to engage in trial-and-error cycles. Although existing multi-granularity IS models (e.g., SAM) alleviate the ambiguity of single-granularity methods by predicting multiple masks simultaneously, this approach has limited scalability and produces redundant results. To address this issue, we introduce a creative granularity-controllable IS paradigm that resolves ambiguity by enabling users to precisely control the segmentation granularity. Specifically, we propose a Unified Granularity Controller (UniGraCo) that supports multi-type optional granularity control signals to pursue unified control over diverse segmentation requirements, effectively overcoming the limitation of single-type control in adapting to different needs, thus boosting the system efficiency and practicality. To mitigate the excessive cost of annotating the multi-granularity masks and the corresponding granularity control signals for training UniGraCo, we construct an automated data engine capable of generating high-quality and granularity-abundant mask-granularity data pairs at low cost. To enable UniGraCo to learn unified granularity controllability in an efficient and stable manner, we further design a granularity-controllable learning strategy. This strategy leverages the generated data pairs to incrementally equip the pre-trained IS model with granularity controllability while preserving its segmentation capability. Extensive experiments on intricate scenarios at both instance and part level demonstrate that our UniGraCo has significant advantages over previous methods, highlighting its potential as a practical interactive tool. Code and model weights are available at https://github.com/Zhao-Yian/UniGraCo.				PubMed	https://pubmed.ncbi.nlm.nih.gov/41379914/
CHEMBL5947674	41379896	Multi-Perturbation Consistency Learning for Semi-Supervised Medical Image Segmentation.	2025				Existing semi-supervised learning (SSL) methods primarily rely on consistency learning to enhance model performance. However, most current approaches only validate the effectiveness of consistency learning under single perturbations, while introducing multiple perturbations may lead to the failure of consistency learning and degrade model performance. To address this issue and effectively leverage multiple perturbations for consistency learning, we propose a semi-supervised medical image segmentation method based on multi-perturbation consistency learning. Specifically, we design a cross-teaching framework integrating sparsely annotated 3D and 2D networks, introducing network perturbations through multidimensional architectures while combining strong and weak data augmentation techniques to achieve input perturbations. Furthermore, to address the instability issue in multi-perturbation consistency learning, we develop two complementary uncertainty-aware correction algorithm targeting labeled and unlabeled data. These designs effectively enhance the model's robustness to both labeled and unlabeled data, overcoming the instability problem in multi-perturbation consistency learning. To validate the proposed method, we conducted experiments on four datasets(ProstateX, HPH55, ACDC, and LA). Experimental results demonstrate that our algorithm outperforms existing methods across all validation datasets and exhibits strong generalization capabilities. This indicates that our approach can maintain excellent performance with limited annotated data while achieving efficient medical image segmentation.The project code will be made publicly available upon acceptance.				PubMed	https://pubmed.ncbi.nlm.nih.gov/41379896/
CHEMBL5947674	41379888	Polar Subarea-Aware Fusion Net for Posterior Eyeball Shape Reconstruction.	2025				High-fidelity reconstruction of the Posterior Eyeball Shape (PES) is crucial for early diagnosis and timely intervention of sight-threatening diseases such as high myopia, diabetic retinopathy, and glaucoma. However, existing magnetic resonance imaging (MRI)- and optical coherence tomography (OCT)-based methods either provide only coarse scleral geometry or suffer from suboptimal PES representations due to limited field of view (FOV) and detail loss, hindering accurate assessment of intact retinal pigment epithelium (RPE) abnormalities. In this study, we propose the Polar Subarea-Aware Fusion Net (PSAFNet), a novel end-to-end framework that reconstructs complete and high-fidelity PES directly from a single local OCT scan, even under clinically common settings with only 6.25% FOV. To avoid information loss, we reformulate PES reconstruction as a 2D dense regression task and introduce the Ocular Shape Map (OSM), an innovative lossless 2D representation that encodes 3D coordinate attributes into corresponding image channels. PSAFNet then leverages three dedicated modules-Subarea Feature Embedding Module (SFEM), Channel- and Patch-wise Fusion Blocks (CFB/PFB), and Reassemble and Up-sample Module (RUM)-to enhance positional awareness, integrate local-global features, and achieve high-resolution OSM prediction. Furthermore, we construct two large-scale datasets, POSDiag and PESGen, comprising 794 ultra-widefield OCT scans from diverse health conditions and imaging devices, providing a comprehensive benchmark for PES reconstruction. Extensive experiments demonstrate that PSAFNet consistently outperforms existing methods (e.g., EMD=5.58, AAL=97.3%) and exhibits strong clinical relevance, validated by superior performance in downstream disease classification and ophthalmologist evaluations (Expert-Score=82.78%). The source code of the proposed PSAFNet is released at https://github.com/HKUZJ77/PSAFNet.				PubMed	https://pubmed.ncbi.nlm.nih.gov/41379888/
CHEMBL5947674	41379887	DuaDiff: Dual-Conditional Diffusion Model for Guided Thermal Image Super-Resolution.	2025				Thermal imaging offers valuable properties, but suffers from inherently low spatial resolution, which can be enhanced using a high-resolution (HR) visible image as guidance. However, the substantial modality differences between thermal and visible images, coupled with significant resolution gaps, pose challenges to existing guided super-resolution (SR) approaches. In this article, we present dual-conditional diffusion (DuaDiff), an innovative diffusion model featuring a dual-conditioning mechanism to enhance guided thermal image SR. Unlike typical conditional diffusion models, DuaDiff integrates a learnable Laplacian pyramid to extract high-frequency details from the visible image, serving as one of the conditioning inputs. By capturing multiscale high-frequency components, DuaDiff effectively focuses on intricate textures and edges in the HR visible images, significantly enhancing thermal image fidelity. Furthermore, we project both thermal and visible images into a semantic latent space, constructing another conditioning input. Leveraging these complementary conditions, DuaDiff employs a multimodal latent feature cross-attention module to facilitate effective interaction between noise, thermal, and visible latent representations. Extensive experiments on the FLIR-ADAS and CATS datasets for $4\times $ and $8\times $ guided SR demonstrate that combining learnable Laplacian conditioning with semantic latent conditioning enables DuaDiff to surpass state-of-the-art methods in both visual quality and metric evaluation, particularly in scenarios with a large resolution gap. Besides, the applications to downstream tasks further confirm the capability of DuaDiff to recover high-fidelity semantic information. The code will be released.				PubMed	https://pubmed.ncbi.nlm.nih.gov/41379887/
CHEMBL5947674	41379886	Robust Traffic Forecasting With Disentangled Spatiotemporal Graph Neural Networks.	2025				Traffic prediction is a cornerstone of intelligent transportation systems (ITSs). The effectiveness of existing spatiotemporal graph neural networks (STGNNs) heavily relies on the independent identically distributed (i.i.d.) assumption of traffic data, which is frequently violated in practice because of distribution shifts owing to exogenous factors. While learning features that remain stable across all environments is promising for modeling robust frameworks, the fundamental challenge involves the decomposition of invariant features from the dynamic nature of spatiotemporal dependencies. In this article, we propose the disentangled spatiotemporal (DIST) graph neural networks, a novel framework for robust traffic forecasting considering distribution shifts. In DIST, latent invariant variables are explicitly decoupled from dynamically evolving spatiotemporal dependencies, enabling the learning of topology-agnostic representations resilient to distribution shifts. Specifically, we formulate a causality-driven learning objective that guides the separation of invariant variables from various exogenous factors. We then propose a spatiotemporal graph modeling module that can adaptively capture spatiotemporal dependencies in evolving traffic systems. Furthermore, we present a graph perturbation module to simulate topology variations during training, thereby encouraging the model to identify perturbation-sensitive dependencies and infer invariant and variant features for prediction and intervention tasks. The prediction risk and its variance on multiple interventional distributions are minimized in our learning strategy, allowing the model to identify invariant features, thus improving its robustness. The results of comprehensive real-world experiments demonstrate the superiority of our approach. The source code is available: https://github.com/tingwang25/DIST.				PubMed	https://pubmed.ncbi.nlm.nih.gov/41379886/
CHEMBL5947674	41379880	An open-source bio-logger for studying cetacean behavior and communication.	2025				Over the past decade, bioacoustics associated with diverse marine life has become the focus of increasing research. While fixed acoustic devices play important roles in characterizing localized soundscapes, animal-worn devices that record audio alongside physiological metrics provide richer portals to understanding cetacean communication and characterizing sounds in their environment. To facilitate scaling the collection of such multimodal datasets for deep learning applications and to encourage rapid prototyping for new recording capabilities, we present an open-source non-invasive bio-logger that can be deployed on marine animals to record high-quality audio synchronized with an extensible suite of behavioral and environmental sensors. The current implementation is tailored to investigating sperm whale communication and biology. It features four suction cups, three high-bandwidth synchronized hydrophones for audio analysis including directionality, GPS logging and transmission, and sensors for pressure, motion, orientation, temperature, and light. Its hardware and software are both open-source, with designs, fabrication details, and code available online. Lab-based experiments characterize and validate performance including shear adhesion forces, withstanding pressures equivalent to 560 m depths, battery life up to 16.8 hours, audio sensitivity of -205 dB re FS/μPa with a 96 dB dynamic range, multi-threaded data acquisition, drone-based deployments, and GPS-based recoveries. Field experiments record sperm whale vocalizations and behaviors spanning 10 deployments, 44 hours of recording, 20 dives, and up to 967 m depths. Altogether, this platform aims to advance the understanding of marine animal biology and communication within the rapidly evolving and intersecting areas of robotics, bioacoustics, and machine learning.				PubMed	https://pubmed.ncbi.nlm.nih.gov/41379880/
CHEMBL5947674	41379824	Empowering sexual self-care in HPV-positive women: A randomized trial of health belief model-Based education.	2025				The human papillomavirus (HPV) is the most common sexually transmitted infection worldwide. The present study aimed to examine the impact of an educational intervention based on the Health Belief Model (HBM) on sexual self-care among women of reproductive age infected with HPV. This study was a randomized controlled trial with two parallel groups. Seventy-two women with HPV were selected through simple random sampling from Arash and Imam Khomeini hospitals in Tehran, Iran, and were allocated to a control group (n = 35) and an intervention group (n = 37). Participants in the intervention group received Health Belief Model (HBM)-based sexual self-care education during four weekly sessions, each lasting 45-60 minutes. The sessions were conducted using lectures, group discussions, question-and-answer sessions, PowerPoint presentations, pamphlets, educational videos, and role-playing. Data were collected using a demographic and obstetric information questionnaire, the Sexual Self-Care Questionnaire, and the HBM Questionnaire at three stages: before the intervention, immediately after, and 8 weeks after the completion of the intervention. Data analysis was performed using independent t-tests, Fisher's exact test, chi-square test, and repeated measures ANOVA, with SPSS version 26 software. Both groups participating in the study were homogeneous in terms of demographic and obstetric characteristics (p > 0.05). The mean total score of sexual self-care and all its dimensions did not show a statistically significant difference between the intervention and control groups before the intervention (p = 0.275). However, immediately after and 8 weeks after the completion of the intervention, a significant increase was observed in the intervention group (p < 0.001). Additionally, the implementation of the intervention in the intervention group led to a significant increase in the constructs of perceived sensitivity, perceived benefits, cues to action, and self-efficacy, as well as a significant decrease in perceived barriers, both immediately and 8 weeks after the completion of the intervention (p < 0.001). However, the construct of perceived severity regarding sexual self-care did not show a statistically significant difference between the two groups at any time point (p > 0.05). Based on the results of the study, education based on the Health Belief Model has been effective in improving sexual self-care and enhancing the constructs of the model in women with human papillomavirus (HPV). Therefore, it is recommended that this theory be considered by healthcare providers and midwives when educating patients with human papillomavirus. This study was registered in the Iranian Registry of Clinical Trials on 2024/01/01 (code: IRCT20231223060503N1) URL: https://irct.behdasht.gov.ir/trial/74692.				PubMed	https://pubmed.ncbi.nlm.nih.gov/41379824/
CHEMBL5947674	41379684	Borderline personality disorder does not predict treatment outcome in a partial hospital program independent of internalizing and harmful substance use dimensions.	2025				Borderline personality disorder (BPD) diagnoses reliably predict worse mental health treatment outcomes. It is unknown whether multidimensional models of psychopathology, increasingly viewed as viable alternatives to traditional diagnostic systems, can match BPD's predictive power in clinical settings. In a sample of 2,625 partial hospital patients, we compared BPD with internalizing and harmful substance use dimensions as predictors of treatment success, defined by improvement in symptom severity, functional impairment, and quality of life. On a bivariate level, BPD features were moderately related to posttreatment functional impairment (				PubMed	https://pubmed.ncbi.nlm.nih.gov/41379684/
CHEMBL5947674	41379682	Intention to Engage in Advance Care Planning Among Community Dwelling Adults: A Quasi-Experimental Study.	2025				AimsTo explore whether intention, knowledge, contemplation, self-efficacy, and readiness related to advance care planning change over time following advance care planning education, and to examine how sociodemographic factors help predict engagement in advance care planning among community-dwelling adults.DesignA quasi-experimental, one group, pre-test, post-test study was conducted with 78 community-dwelling adults in the United States between November 2024 and March 2025.MethodsThe validated Advance Care Planning Engagement Survey measured intention, knowledge, contemplation, self-efficacy, and readiness at baseline, 2-weeks, and 3-months following use of The Conversation Project Starter Guide. Sociodemographic predictors included age, race, gender, marital status, education, employment, insurance, chronic illness, and zip code. Data were analyzed using descriptive statistics, repeated measures ANOVA, chi-square, and binary logistic regression.ResultsAdvance care planning education positively influenced both the intention to engage (commitment to making a change soon) and readiness to engage in advance care planning among community-dwelling adults. The Conversation Project Starter Guide had a significant impact on intention to engage scores over time, with the most dramatic change observed between baseline and 2-weeks post-education. Chronic illness was a significant predictor of advance care planning engagement among community-dwelling adults.ConclusionFindings suggest that implementing advance care planning education may positively enhance engagement in awareness and readiness to engage in advance care planning.				PubMed	https://pubmed.ncbi.nlm.nih.gov/41379682/
CHEMBL5947674	41379563	Investigating ocular ischemic events following pars plana vitrectomy.	2025				ObjectiveTo assess the incidence of post-vitrectomy ocular ischemic events, including retinal artery occlusion (RAO), retinal vein occlusion (RVO), and non-arteritic ischemic optic neuropathy (NAION).MethodsThis retrospective cohort study examined 120,350 patients who underwent vitrectomy. Using a multicenter healthcare database, patients with a CPT code for any vitrectomy procedure were assessed for subsequent ocular ischemic events. A follow-up analysis of 510,915 patients was performed to determine the risk attributable to vitrectomy versus clinical characteristics. Exclusion criteria included history of prior ocular ischemic events and less than 6 months of follow up.ResultsThe first post-operative month had a significantly higher risk of vascular occlusions compared to the 6-12-month period, with incidence rate ratios (IRRs) of 9.69 (95% CI: 6.9-13.7) for RAO, 11.43 (95% CI: 9.3-14.1) for RVO, and 8.75 (95% CI: 5.2-14.7) for NAION. The IRR for overall ischemic events was also increased during the first month following vitrectomy at 10.7 (95% CI: 9.0-12.7) and remained elevated up to 6 months later with an IRR of 1.49 (95% CI: 1.2-1.8) for the 3-6-month period compared to 6-12-months postoperatively. A separate multivariate analysis revealed that the risk of overall ischemic events was most correlated to vitrectomy (hazard ratio [HR] 3.32, 95% CI: 3.10-3.57) over multiple variables including cataract surgery (HR 1.49, 95% CI: 1.42-1.56) and nicotine use (HR 1.15, 95% CI: 1.08-1.22).ConclusionsVitrectomy is correlated with significantly increased risk of ocular ischemic events, particularly within the first month following surgery. This risk gradually declines but remains elevated up to 6 months postoperatively.				PubMed	https://pubmed.ncbi.nlm.nih.gov/41379563/
CHEMBL5947674	41379422	Quantum hierarchical Fokker-Planck equations with U(1) gauge fields [U(1)-QHFPE]: A computational framework for Aharonov-Bohm effects.	2025				We present a software package that solves the quantum Fokker-Planck equation with gauge fields, formulated within the hierarchical equations of motion framework [U(1)-QHFPE]. The framework rigorously preserves gauge invariance and rotational symmetry under non-Markovian and non-perturbative system-bath (S-B) interactions, enabling accurate simulations of transport phenomena such as the Aharonov-Bohm effect under thermal environments. In a strong S-B coupling regime, quantum S-B entanglement emerges naturally. The demonstration programs perform calculations of response functions in Aharonov-Bohm ring geometries with a mechanical potential that may induce quantum tunneling, thereby illustrating the software's capability to resolve topological quantum interference in dissipative open systems. Written in C++, the code includes a central processing unit version with highly readable OpenMP directives and a graphics processing unit version tailored for high-performance computing.				PubMed	https://pubmed.ncbi.nlm.nih.gov/41379422/
CHEMBL5947674	41379411	[Clinical outcomes of patients following apical surgery with retrograde root-end filling using two different materials].	2025				In certain clinical cases where orthograde treatment of chronic apical periodontitis is either impossible or ineffective, apical surgery with retrograde filling is considered the preferred method. When selecting a retrograde filling material, key factors such as biocompatibility, ability to provide a reliable seal, ease of use, and availability are taken into account. Despite numerous studies investigating the influence of various retrograde filling materials on the outcomes of apical surgery, there is still no consensus on the most effective material. Therefore, further research in this area remains an important and relevant task. The aim of this study was to evaluate the effectiveness of mineral trioxide aggregate (MTA) and glass ionomer cement as retrograde filling materials. The study included 40 patients diagnosed with chronic apical periodontitis (ICD-10 code K04.5). Patients were randomly assigned to two groups: the first group (24 patients) received retrograde filling with the new material Dia-Root BioMTA, while the second group (16 patients) was treated with glass ionomer cement Ketac Cem. Healing dynamics were assessed using the periapical index (PAI) before surgery and at 3, 6, and 12 months postoperatively. The results demonstrated a significant and sustained reduction of inflammation in both groups, with no statistically significant differences between them, indicating comparable effectiveness of the materials used. В ряде клинических случаев при невозможности либо неэффективности ортоградного пломбирования хронического апикального периодонтита предпочтение отдается апикальной хирургии с ретроградным пломбированием. При выборе ретроградного пломбировочного материала учитываются такие ключевые характеристики, как биосовместимость, способность обеспечивать надежную герметизацию, удобство использования и доступность. Несмотря на множество исследований, посвященных влиянию различных пломбировочных материалов на результаты апикальной хирургии, единого мнения о наиболее эффективном из них до сих пор не сформировано. Поэтому дальнейшее изучение этого вопроса остается важной и актуальной задачей. Оценка эффективности использования минерал триоксид агрегата и стеклоиономерного цемента в качестве материала при ретроградном пломбировании. В исследовании приняли участие 40 пациентов с диагнозом хронический апикальный периодонтит (К04.5 по МКБ-10). Пациенты были случайным образом распределены на две группы: в 1-й (24 пациента) ретроградное пломбирование проведено минерал триоксид агрегатом («Dia-Root BioMTA», Южная Корея), во 2-й (16 пациентов) — стеклоиономерным цементом («Ketac Cem», США). Динамику заживления оценивали с помощью периапикального индекса (PAI) до операции и через 3, 6 и 12 мес после вмешательства. Показано значительное и устойчивое снижение воспаления в обеих группах, при этом различия между ними по критерию χ Полученные данные свидетельствуют о сопоставимой эффективности применяемых материалов и расширяет возможность выбора для клиницистов.				PubMed	https://pubmed.ncbi.nlm.nih.gov/41379411/
CHEMBL5947674	41379382	Societal Economic Burden of Antibiotic Resistance in Uganda: A Cost of Illness Study.	2025				Antibiotic resistance (ABR), largely owing to inappropriate prescriptions and misuse of antibiotics, threatens the effectiveness of current and future antibiotic treatments, resulting in prolonged hospitalization and premature mortality. We estimated the economic burden of ABR in nine regional referral hospitals (RRHs) in Uganda. This prevalence-based cost-of-illness study was conducted from the societal perspective. We used a top-down micro-costing approach to identify and measure direct healthcare (capital and recurrent) costs in nine RRHs in Uganda. Patient costs, including informal care (absenteeism, foregone leisure, presenteeism, and out-of-pocket expenses), and lost productivity owing to ABR were estimated using clinical outcomes data and relevant literature. We used the human capital approach to estimate productivity losses due to ABR-related morbidity and premature mortality. A one-way sensitivity analysis was conducted to assess the impact of individual parameters on the economic burden estimates. The annual societal cost of ABR in nine RRHs was estimated at US$1.43 million, representing 0.003% of Uganda's gross domestic product. Lost productivity costs accounted for 82% of the total, while informal care and direct healthcare costs represented 10% and 8%, respectively. Premature mortality associated with ABR accounted for 62% of the total cost of productivity loss; accommodation, food, and out-of-pocket costs represented 55% of the informal care costs; and recurrent costs accounted for 89% of direct healthcare costs. The overall annual societal, health system, and patient costs per ABR-patient were US$4983, US$423, and US$4560, respectively. ABR health system costs were 3% higher (US$61,293 versus US$59,646) among females than among males. Patient costs associated with ABR were higher among females than males, with informal care costs being 4% higher (US$70,657 versus US$67,886), and lost productivity costs 34% higher (US$622,510 versus US$410,354). Overall, societal total costs and per-patient costs of ABR were 29% (US$754,461 versus US$537,886) and 21% (US$5063 versus US$4014) higher in females than in males, respectively. The one-way sensitivity analysis revealed that the societal economic burden of ABR estimates were most influenced by uncertainties in construction cost per square meter of space utilized by ABR patients, reduced hospital capacity, and the discount rate. ABR poses a substantial societal burden that necessitates urgent and targeted gender-based interventions to prevent its escalation. These estimates may be used for future economic evaluation studies of ABR-mitigating interventions and to inform antimicrobial stewardship policies.				PubMed	https://pubmed.ncbi.nlm.nih.gov/41379382/
CHEMBL5947674	41379380	Omadacycline Pharmacokinetics: Characteristics, Contributing Factors, and Clinical Significance.	2025				Omadacycline is a novel tetracycline with a wide range of antibacterial activity. A comprehensive understanding of the factors influencing its metabolic processes is essential to optimize its therapeutic benefits and minimize any potential negative effects. It was found that the metabolism of omadacycline does not rely on UDP-glucosyltransferase or cytochrome P450 enzymes, which gives it a clear advantage in terms of drug interactions, bioavailability, and metabolic stability. The review offers a thorough analysis of the many elements influencing the pharmacokinetics of omadacycline, including its intrinsic properties, individual differences, dietary influences, and possible drug interactions. To achieve maximum efficacy and safety in clinical practice, a thorough understanding of the pharmacokinetic properties of omadacycline is essential, which helps to better customize dosing regimens and maximize therapeutic outcomes.				PubMed	https://pubmed.ncbi.nlm.nih.gov/41379380/
CHEMBL5947674	41379326	Gastrointestinal symptoms in neuronal ceroid lipofuscinoses (NCLs): an observational study on prevalence, timing of progression, and impact on quality of life.	2025				Neuronal ceroid lipofuscinoses (NCLs) are rare, inherited lysosomal storage disorders (LSDs) of the brain and retina. Gastrointestinal (GI) manifestations are reported in clinical practice but remain largely underexplored. Lysosomal dysfunction affects both the central and the peripheral nervous systems, including the enteric nervous system (ENS) where accumulation of storage material and neuronal loss may directly contribute to GI dysmotility. These insights, combined with emerging gene therapies targeting both brain and ENS pathology, underscore the need for validated GI endpoints in NCL research. We present a cross-sectional study assessing prevalence, progression, and clinical impact of GI symptoms in an Italian NCL cohort. Using caregiver-reported data and standardized tools - including the PedsQL™ GI Symptoms Scales and the Hamburg rating Scale - we evaluated GI burden and its correlation with neurological severity. Over 60% of caregivers reported GI disturbances, with constipation as the most prevalent and earliest onset symptom. Nutritional issues, such as dysphagia, were common but tended to appear later. GI symptoms correlated well with decline in quality of life, especially for Trouble Swallowing (p				PubMed	https://pubmed.ncbi.nlm.nih.gov/41379326/
CHEMBL5947674	41379314	Age-dependent evaluation of organ and effective doses in pediatric full-spine radiography: influence of anteroposterior and posteroanterior projection and copper filtration using Monte Carlo simulation.	2025				"Repeated full-spine radiography for scoliosis follow-up in children results in increased radiation exposure, especially to anterior radiosensitive organs. Optimizing projection direction and beam filtration is essential for dose reduction. To quantitatively evaluate the age-dependent effects of anteroposterior (AP) and posteroanterior (PA) projections, with and without a 0.1-mm copper filter, on organ and effective doses in pediatric full-spine radiography. Monte Carlo simulations were performed using the Particle and Heavy Ion Transport code System with 5-, 10-, and 15-year-old female hybrid phantoms. Full-spine radiography from the first cervical vertebra to both femoral heads was modeled under AP and PA conditions, with or without copper filtration. Organ doses were calculated, with active bone marrow and bone surface evaluated using the ""International Commission on Radiological Protection Publication 116"" dose response functions. Percentage depth dose analysis was performed to assess the effect of body thickness. PA projection markedly reduced doses to anterior radiosensitive organs, with maximum reductions of approximately 93% for the breast (AP/PA ratio 14) and over 80% for the thyroid. Copper filtration provided additional reductions of 15-19% in AP and 5-6% in PA. In contrast, dose increases were observed in posterior and deep-seated organs such as the kidneys and active bone marrow. Effective dose was reduced by about half with PA and further decreased with copper filtration. PA projection and copper filtration are effective strategies for reducing radiation exposure to anterior radiosensitive organs and lowering effective dose in pediatric full-spine radiography. However, dose increases in deep-seated organs were also observed, highlighting the need for protocol optimization according to patient age and organ location."				PubMed	https://pubmed.ncbi.nlm.nih.gov/41379314/
CHEMBL5947674	41379294	GP Consultations for Herpes Zoster After COVID-19 Vaccination: A Self-Controlled Cohort Study Based on Electronic Health Record Data from the Netherlands.	2025				Several systematic reviews and meta-analyses have been published with conflicting results on the risk of herpes zoster after coronavirus disease 2019 (COVID-19) vaccination. We aimed to study the risk of herpes zoster after COVID-19 vaccination using electronic health record data of general practices, from a large cohort in the Netherlands. Persons aged ≥ 12 years who received at least one COVID-19 vaccination and were registered in the general practice databases of PHARMO and Nivel Primary Care Database were included. This study used a self-controlled design comparing the risk of herpes zoster in the risk period (28 days after COVID-19 vaccination) with the control period. Poisson regression was used to calculate incidence rate ratios, adjusting for severe acute respiratory syndrome coronavirus 2 infection. There were 2,098,683 COVID-19 vaccinated persons aged ≥ 12 years included, of whom 1,058,646 (50.4%) were female. An increased risk for herpes zoster was found after all the doses grouped together and the third dose of all COVID-19 vaccination (adjusted incidence rate ratio: all doses 1.07, 95% confidence interval [CI] 1.02-1.13 and third dose 1.21, 95% CI 1.05-1.38). After stratification on vaccine type, all doses and the third dose of messenger RNA vaccination (adjusted incidence rate ratio: all doses 1.06, 95% CI 1.00-1.12 and third dose 1.21, 95% CI 1.05-1.40) showed an increased risk. Our study showed a slight increased risk of herpes zoster when taking into account all doses and all types of vaccines. After stratification on vaccine type, no increased risk of herpes zoster after the primary vaccination series and a slightly elevated risk after the third/booster vaccination with a messenger RNA vaccine were found.				PubMed	https://pubmed.ncbi.nlm.nih.gov/41379294/
CHEMBL5947674	41379293	Idasanutlin in Combination with Chemotherapy or Venetoclax in Pediatric and Young Adult Patients with Relapsed/Refractory Solid Tumors (iMATRIX Idasa): Results of a Phase I/II, Multicenter, Multi-arm Study.	2025				MDM2 regulates the P53 pathway and is a promising therapeutic target, particularly in pediatric cancers with wild-type (WT) TP53. Idasanutlin is an investigational MDM2 inhibitor that is highly selective and orally bioavailable. The combination of MDM2 inhibition with cytotoxic chemotherapy or Bcl-2 inhibition has been shown to improve activity in preclinical models. iMATRIX idasa was designed to assess the safety, pharmacokinetics, and antitumor activity of idasanutlin in children and young adults with relapsed/refractory solid tumors. This multicenter phase I/II study enrolled patients aged < 30 years with extracranial solid tumors. Patients received idasanutlin on days 1-5 of a 28-day cycle as a single agent or in combination with venetoclax or chemotherapy. The single-agent dose escalation utilized a modified continual reassessment method. The primary endpoints included the safety and determination of the maximum tolerated dose, characterization of the pharmacokinetics, and preliminary efficacy. Of 38 patients (median age 9 years [range: 2-23]), 26 with solid tumors received idasanutlin alone, and 12 with neuroblastoma received it in combination: six with venetoclax and six with chemotherapy (cyclophosphamide/topotecan). In total, 5 of 26 patients (19.2%) treated with single-agent idasanutlin experienced dose-limiting toxicities (including thrombocytopenia, neutropenia, and febrile neutropenia), which established a pediatric recommended phase II dose for idasanutlin of 4.5 mg/kg/day on days 1-5 of each 28-day cycle. The most frequently reported treatment-related adverse events were thrombocytopenia and neutropenia. Tolerable exposures were similar to what has been observed in adults. The objective response rate for patients with WT TP53 neuroblastoma who were treated with idasanutlin in combination with venetoclax or chemotherapy (primary efficacy endpoint) was 11.1% (N = 9; 95% confidence intervals, CI 0.28, 48.25) with one patient having a complete response. No other patients in the overall study population had an objective response. The safety profile and tolerable exposure of idasanutlin in pediatrics was similar to that reported in adults. Limited clinical activity was observed in patients with solid tumors. On the basis of the negative benefit-risk assessment, the study was terminated, and the overall pediatric development program for idasanutlin was discontinued. ClinicalTrials.gov NCT04029688, registered 19 July 2019.				PubMed	https://pubmed.ncbi.nlm.nih.gov/41379293/
CHEMBL5947674	41379279	Population Pharmacokinetics of Total and Protein-Unbound Prednisolone in Children with Immune-Mediated and Systemic Inflammatory Diseases.	2025				High-dose systemic prednisolone is the mainstay treatment of children with various (auto)immune diseases. The standard empirical dosing regimen with dosages up to 2 mg/kg/day is generally adequate for immune suppression, though often accompanied by substantial adverse effects in the majority of patients. Pharmacokinetic (PK) variability may be an important determinant for both efficacy and toxicity but has only limitedly been investigated in children. This research aimed to characterise the population pharmacokinetics and determinants of variability of protein-bound and unbound prednisolone in children with (auto)immune diseases. Patients received ≥ 0.5 mg/kg systemic prednisolone for either an autoimmune disease or as part of allogeneic haematopoietic cell transplantation (HCT). A priori allometric scaling was implemented, normalised to a body weight (BW) of 70 kg. The study population consisted of 60 children with a median (range) age of 10 (0.2-19) years and a BW of 36.5 (5.0-109) kg. A total of 305 serum samples from 68 PK occasions were measured for total and protein-unbound prednisolone concentrations. The PK data were best described by a two-compartment model, accounting for both the linear and saturable binding of prednisolone to albumin and corticosteroid binding globulin (CBG), respectively, and the circadian rhythm of CBG. The population estimates (95% confidence interval [CI]) for the binding affinity of prednisolone to albumin was 200 µM (164-253) and to CBG was 0.048 µM (0.043-0.053). The population estimate for clearance (95% CI) was 155 L/h (137-182). Patients with prednisolone as prophylaxis following HCT had a 10% higher clearance compared with patients treated for graft-versus-host disease or an autoimmune disease. This population PK model provides valuable insights into PK variability of prednisolone and can be used to address the clinical implications of BW-based dosing of prednisolone in children with immune-mediated and inflammatory diseases.				PubMed	https://pubmed.ncbi.nlm.nih.gov/41379279/
CHEMBL5947674	41379243	Investigating the synergistic cytotoxicity and apoptosis-inducing effects of eugenol derivatives in combination with docetaxel on PC3 human prostate cancer cells.	2025				Prostate cancer is one of the most common cancers among men in developed countries. Research indicates that conventional chemotherapy is often accompanied by drug resistance and significant side effects. One promising strategy to overcome these challenges is to increase tumor cell sensitivity to chemotherapy by utilizing non-toxic natural compounds. This study, for the first time, evaluates the synergistic effects of new synthesized eugenol derivatives combined with docetaxel on PC3 human prostate cancer cells. Cell viability and apoptosis induction in PC3 cells were assessed after treatment with synthetic eugenol derivatives alone or in combination with docetaxel, using the Alamar Blue assay and flow cytometry with FITC/Annexin V-PI, respectively. Additionally, the effects of monotherapy and combination therapy on the expression of genes involved in the apoptosis process, including BAX and BCL-2, were analyzed using quantitative real-time PCR (qRT-PCR). The findings demonstrated that synthetic eugenol derivatives significantly reduced cell viability and induced apoptosis in PC3 cells in a dose-dependent manner. Furthermore, the inhibitory effect of docetaxel on PC3 cell survival was enhanced when combined with eugenol derivatives. This combination treatment enhanced apoptosis in the cells, as indicated by upregulation of the pro-apoptotic gene BAX and downregulation of the anti-apoptotic gene BCL-2. This study demonstrated that synthetic eugenol derivatives potentiated the effects of docetaxel in prostate cancer cells. Further research is necessary to elucidate the underlying mechanisms and to better understand its clinical advantages in prostate cancer therapy.				PubMed	https://pubmed.ncbi.nlm.nih.gov/41379243/
CHEMBL5947674	41379239	Dual role of Curcumin and nano-formulations in radiotherapy: sensitizing cancer cells and protecting normal cells.	2025				Curcumin, the principal bioactive constituent of turmeric, demonstrates a bifunctional role in radiotherapy by enhancing the radiosensitivity of malignant cells while concurrently conferring protection to normal cells. Nevertheless, its clinical application is hindered by limited bioavailability. This investigation assesses the effectiveness of two innovative nano-formulations-namely nanomicelles and nanoniosomes-in augmenting curcumin's radiosensitizing and radioprotective properties. Human colorectal carcinoma (HT-29) cells and human foreskin fibroblasts (HFF) were treated with bulk curcumin, nanomicelles, or nanoniosomes, followed by exposure to 6 MV X-ray radiation. Cellular viability, apoptotic induction, and clonogenic survival were evaluated through MTT assays, annexin V-propidium iodide staining, and colony formation assays, respectively. All curcumin formulations decreased cancer cell viability, with nanomicelles exhibiting a notably lower IC50 (20 µM) compared to nanoniosomes (135 µM) in HT-29 cells. Nanomicelles demonstrated dual functionality by sensitizing HT-29 cells to radiation-evidenced by a 40% reduction in survival fraction at 2 Gy (p < 0.01)-and protecting HFF cells from radiation-induced apoptosis, reducing apoptotic rates by 30% relative to controls. Conversely, nanoniosomes displayed cytotoxic effects without significant radioprotective activity. The findings indicate that nanomicelle-based curcumin formulations possess both radiosensitizing and radioprotective capabilities, whereas nanoniosomes exhibit cytotoxicity without conferring radioprotection.				PubMed	https://pubmed.ncbi.nlm.nih.gov/41379239/
CHEMBL5947674	41379232	Nanofibrous patches for targeted therapy of cutaneous leishmaniasis caused by Leishmania major: a preclinical amphotericin B platform.	2025				Cutaneous leishmaniasis (CL) remains a significant public health challenge in endemic regions, particularly where access to safe and patient-friendly treatments is limited. Amphotericin B (AmB), although highly active against Leishmania, is restricted by systemic toxicity and the need for parenteral administration. In this study, AmB-loaded bioactive nanofibrous patches were fabricated using a dual-nozzle electrospinning method incorporating chitosan, gelatin, and polyvinyl alcohol. The resulting nanofibers were structurally characterized by scanning electron microscopy, Fourier-transform infrared spectroscopy, and X-ray diffraction. Drug loading was uniform, and in vitro release demonstrated a sustained profile with approximately 82% cumulative release at 72 h. Cytocompatibility was confirmed in human dermal fibroblasts and THP-1 cells. The therapeutic performance was further assessed in BALB/c mice using short- and long-term treatment protocols. AmB-loaded patches produced a significant reduction in lesion size compared with untreated and placebo groups, and the treatment outcome was comparable to Glucantime				PubMed	https://pubmed.ncbi.nlm.nih.gov/41379232/
CHEMBL5947674	41379204	Genetic variability in maple syrup urine disease: novel mutations and their pathogenicity in the Iranian population.	2025				Maple syrup urine disease (MSUD) is a rare inherited metabolic disorder caused by a deficiency in the branched-chain alpha-keto acid dehydrogenase complex, leading to the accumulation of branched-chain amino acids. This case series describes the clinical and genetic findings of ten Iranian patients with MSUD, focusing on novel mutations in the BCKDHA, BCKDHB, and DBT genes. Ten unrelated patients, all from consanguineous marriages, were diagnosed with MSUD based on clinical presentations and metabolite levels. Whole exome sequencing (WES) and Sanger sequencing identified five novel mutations (c.776 C > T, IVS5-1G > C, c.1070 C > T, c.807-813del7nt, c.772-773insT) and two previously reported mutations in these patients. Pathogenicity was assessed using bioinformatics tools and confirmed by their absence in healthy controls. This case series highlights the genetic heterogeneity of MSUD in the Iranian population, identifying novel mutations associated with severe clinical presentations. These findings emphasize the value of genetic testing for early diagnosis and genetic counseling in consanguineous populations, with implications for managing MSUD and preventing complications.				PubMed	https://pubmed.ncbi.nlm.nih.gov/41379204/
CHEMBL5947674	41379165	Strategy of Delayed Midurethral Sling Surgery for Pelvic Organ Prolapse with Stress Urinary Incontinence after Laparoscopic Lateral Abdominal Wall Suspension.	2025				To explore whether concurrent midurethral sling surgery (MUS) is necessary for pelvic organ prolapse (POP) patients with simple anatomical stress urinary incontinence (SUI) undergoing laparoscopic lateral abdominal wall suspension (LLS). A multicenter prospective cohort study enrolled 200 eligible patients (stage Ⅱ + apical/anterior POP with SUI) from 2022-2024, divided into LLS + MUS (n = 100) and LLS alone (n = 100), with 40 healthy controls. Outcomes included urodynamic tests, ISI, POP-Q, MRI, and PGI-I at baseline, 3 months, and 1 year. 170 patients (85%) completed 1-year follow-up. LLS + MUS group had higher SUI cure rate (85.3% vs 50.9%, P < 0.05) but more complications (urinary tract infection:17.6% vs 5.9%; urinary retention:8.8% vs 0%; dyspareunia:35.3% vs 15.7%; mesh exposure:14.7% vs 2%, all P < 0.05). LLS alone group showed higher satisfaction (86.3% vs 67.6%, P < 0.05). POP anatomical reduction rates were similar between groups (P > 0.05). For apical/anterior POP with SUI, LLS alone is preferred, with delayed MUS if needed, reducing complications and improving satisfaction.				PubMed	https://pubmed.ncbi.nlm.nih.gov/41379165/
CHEMBL5947674	41379084	Bodily and Cognitive Experience in Patients With Sepsis and Delirium or Subsyndromal Delirium.	2026				Sepsis often causes cognitive changes like delirium and subsyndromal delirium (SSD). Delirium involves acute cognitive dysfunction, while SSD presents partial symptoms. Both conditions impact prognosis and are linked to neuroinflammation, altered cerebral perfusion and neurotransmitter dysfunction. This study explores the embodied cognitive experience in sepsis, integrating enactivist perspectives on the dynamic interplay of body, environment and neural activity. To analyse the lived bodily and cognitive experiences of patients with sepsis who experienced delirium or SSD. A qualitative grounded theory study was conducted in a university hospital in Santiago of Chile. Adults with sepsis meeting SEPSIS-3 criteria and meeting at least one criterion on the Confusion Assessment Method for the Intensive Care Unit (CAM-ICU) positivity were included. Data were analysed using Corbin and Strauss's approach, applying open and axial coding to identify cognitive and bodily experience patterns. Ten semi-structured interviews (nine patients) were conducted before discharge. The study identified 20 subcategories of patients' bodily and cognitive experiences with delirium or SSD. In terms of bodily experiences, patients reported somatic depersonalization and loss of bodily control; pain and discomfort led to postural adjustments and eye closure as coping mechanisms. In the case of cognitive experiences, participants experienced visual hallucinations, distorted reality, disorientation and difficulty verbalising thoughts or understanding healthcare providers. Patients opened their eyes to confront visual stimuli and gradually recognized hallucinations as unreal, helping them reconnect with reality. Reported consequences following delirium or SSD included fragmented memories, fear of recurrence and perceived cognitive and physical decline. Patients with sepsis and delirium or SSD experience disruptions in the lived body, including bodily and cognitive aspects such as pain, depersonalization, hallucinations, disorientation and communication difficulties, affecting emotional and cognitive functioning. This study points to the need for non-pharmacological interventions that address cognitive, bodily and environmental aspects. Patient-centred care should ensure accessible environments and adequately trained personnel to support individuals experiencing delirium and SSD.				PubMed	https://pubmed.ncbi.nlm.nih.gov/41379084/
CHEMBL5947674	41378883	PLiCat: decoding protein-lipid interactions by large language model.	2025				Protein-lipid interactions are essential for many cellular processes, as proteins associate with diverse lipid molecules to exert distinct functions. However, existing approaches are limited in discriminating among lipid categories, leaving a gap in our understanding of lipid-binding specificity. Recent advances in protein language models have opened new possibilities for discovering novel sequence insights. Here, we introduce PLiCat (Protein-Lipid interaction Categorization tool), a sequence-based framework designed to predict the categories of lipids that interact with proteins. PLiCat employs a hybrid deep learning architecture that integrates ESMC with BERT, enabling accurate and interpretable classification across eight major lipid categories. Through attribution analysis, PLiCat uncovers the sequence-encoded lipid-binding signatures and highlights residues contributing to binding specificity. Notably, PLiCat shows potential for identifying lipid-binding sites hidden in protein sequences. Furthermore, PLiCat can be used to assess the impact of pathogenic mutations on lipid-binding events. Collectively, PLiCat provides the first computational tool for lipid category prediction from protein sequence alone, offering valuable insights into lipid recognition mechanisms, and with promising applications in guiding rational protein design. The PLiCat source code and processed datasets are available at https://github.com/Noora68/PLiCat.				PubMed	https://pubmed.ncbi.nlm.nih.gov/41378883/
CHEMBL5947674	41378749	Folate Interaction With Genetic Risk for Neural Tube Defects Among Infants in Bangladesh.	2025				Neural tube defects such as spina bifida (SB) are congenital anomalies associated with significant morbidity and mortality worldwide. Environmental factors, particularly folate, modify SB risk. Based on recurrence rates of SB within families, genetic risk also contributes to SB development. However, the effect of maternal folate intake on genetic risk for SB in Bangladesh has not been quantified. Genetic variants were imputed from array data of 112 infants with SB and 116 infants without SB. After quality filtering, genome-wide association was performed on 91 infants with SB and 97 without. Maternal folate intake and maternal nail arsenic concentration were included as covariates and interaction terms (SNP × Folate, SNP × Arsenic) along with maternal age, infant sex, and 10 principal components as covariates. Two loci had variants nominally associated with SB: one within the coding region of WWOX, including rs7184417 (odds ratio [OR] = 6.20, p = 2.22E-06), and a second in the coding region of ISOC2 (rs4801638; OR = 0.24, p = 5.75E-06). With the gene-folate interaction, a locus in CNTN5 was associated with SB. After including the gene-arsenic interaction, the gene-folate interaction effect was nominally associated with a locus in CTNNA2. Inclusion of maternal folate intake as a covariate and interaction term identified three genomic loci that could impact the risk for SB. A fourth locus was identified when maternal arsenic level was included. These nominal associations should be assessed in additional cohorts with larger sample sizes. Novel genes impacted by these loci may interact with previously reported genes for SB.				PubMed	https://pubmed.ncbi.nlm.nih.gov/41378749/
CHEMBL5947674	41378727	"Against Offering ""Faux Codes"": An Ethically Problematic Workaround."	2025				"In another essay in this issue of the Hasting Center Report, an argument is made in favor of offering a ""faux code"" in the setting of a patient who cannot say no to her family who insists her code status remain ""full."" Under the proposal, an unwritten agreement is made between the patient and the clinical team to withhold cardiopulmonary resuscitation while maintaining a ""full code"" status in the medical record. The ethical question in this case involves how best to support and uphold the patient's autonomy while minimizing the distress of the patient's family, and the ""faux code"" is proposed as an ethically supportable intervention. However, pressing ethical concerns remain. In this essay, we offer three main objections to the provision of a ""faux code"": the role of deceit and its consequences for public trust, the impact on nurses and trainees, and the framing of autonomy under the faux code proposal."				PubMed	https://pubmed.ncbi.nlm.nih.gov/41378727/
CHEMBL5947674	41378709	"Offering ""Faux Codes"": An Ethical Option for the Patient Who Can't Tell Their Family No."	2025				"Some patients do not want medically appropriate cardiopulmonary resuscitation (CPR) at the end of life but cannot withstand family pressures to request a ""full code"" status. This essay defends offering these patients a ""faux code,"" which would involve keeping the patient's status ""full code"" in the chart, with an unwritten agreement between the patient and the medical team that an effort will be made to withhold CPR at the time of arrest. Objections to faux codes are addressed, and it is concluded that faux codes are an ethically permissible option for some patients at the end of life."				PubMed	https://pubmed.ncbi.nlm.nih.gov/41378709/
CHEMBL5947674	41378475	Polygenic variants in DNA repair genes are associated with neurodevelopmental disorders, regression and increased burdens of somatic variants and short tandem repeat expansions.	2025				Developmental regression, characterized by the loss of acquired milestones, occurs in some individuals with neurdevelopmental disorders (NDDs), yet its molecular basis remains unclear. Studies suggest that DNA damage repair (DDR) genes, such as FAN1, may protect against neurological dysfunction by modulating the somatic stability of short tandem repeats (STRs). This study explores the contribution of DDR gene variants in NDD cases presenting with regression. We analyzed 1,087 NDD patients, focusing on those carrying variants in DDR genes and presenting regression. We assessed the sensitivity to DNA damage using mitomycin C on lymphoblastoid cells. Somatic variants and STR expansions were evaluated through high-depth short-read genome sequencing. To further investigate the pathogenetic role of STR expansions, we performed long-read genome sequencing on the most severely affected proband. Probands with regression carried multiple DDR gene variants, several within the Fanconi anemia pathway. Their lymphoblastoid cells showed increased sensitivity to mitomycin C-induced cytotoxicity compared to parental and control samples. Probands with severe phenotypes and regression exhibited an accumulation of somatic variants and STR instability, enriched in neurodevelopmental genes. Our findings suggest that polygenic DDR gene variants may contribute to developmental regression in NDDs by promoting the accumulation of somatic variants and STR expansions.				PubMed	https://pubmed.ncbi.nlm.nih.gov/41378475/
CHEMBL5947674	41378356	Development and Validation of Machine Learning-Based Prediction of Depression Progression Using EHR Data: A Multi-Institutional Retrospective Cohort Study.	2025				Depression is a leading cause of global disability. Timely identification of patients at risk for clinical worsening remains a major challenge. Electronic health records (EHRs) facilitate large-scale, real-world analyses of disease trajectories. However, standardized symptom scale data such as the Patient Health Questionnaire-9 are often unavailable or recorded only as unstructured text. In this context, International Classification of Diseases (ICD10) diagnostic-code based severity progression provides a pragmatic alternative for developing predictive tools to identify worsening depression. We aim to develop and evaluate machine-learning and deep-learning models for predicting ICD10-defined progression from mild to moderate/severe depression using EHR data curated by the MedStar Health Research Institute (MHRI). We conducted a multi-institutional retrospective cohort analysis using the MHRI EHR database, which integrates data from 10 hospitals and 300 outpatient sites across the mid-Atlantic. Adults (≥18 years) with an initial ICD10 diagnosis of mild depression between 2017 and 2023 were included (N=2131). Nonprogressors were defined as patients whose mild major depressive disorder remained mild for 24 months (N=270). Progressors were defined as patients who developed moderate or severe ICD10 depression within 24 months of the index diagnosis (N=533). Data were stratified and split into (60%) training, (20%) validation, and (20%) test subsets. A heterogeneous feature set spanning demographics, healthcare utilization, socioeconomic indices, diagnostic context, and laboratory measurements were available. Logistic regression utilized elastic net regularization with fivefold cross validation, and random forest hyperparameters were tuned by grid search. XGBoost, CatBoost, and a deep neural network (DNN) were trained with standard learning rate, depth, class weighting, and early stopping. A deterministic top model selection framework applied prespecified thresholds of sensitivity at least 0.70 and AUC at least 0.70, and composite rankings integrated accuracy, sensitivity, specificity, and the overfitting gap. The analytic cohort included 803 patients with complete two-year follow-up. Under the selection criteria, the DNN failed to meet the AUC threshold (0.671) and was excluded. Among the remaining models, XGBoost achieved the top composite score (accuracy = 0.72; AUC = 0.776; sensitivity = 0.77; specificity = 0.63; overfit gap = 0.112). Logistic regression ranked second (accuracy = 0.71; AUC = 0.797; sensitivity = 0.79; specificity = 0.61; overfit gap = 0.052), followed by CatBoost and random forest, the latter penalized for overfitting (gap = 0.278). The TinyLlama audit note, generated through a local Hugging Face pipeline, confirmed XGBoost as the most balanced model. Using EHR data from a multi-institutional regional health system, we developed and validated machine-learning models that predicted progression of depression. XGBoost demonstrated the most reliable composite performance. These findings support the feasibility of leveraging socioeconomic and EHR data to predict worsening depression and emphasize the importance of transparent model-selection frameworks for trustworthy clinical artificial intelligence.				PubMed	https://pubmed.ncbi.nlm.nih.gov/41378356/
CHEMBL5947674	41378162	Longitudinal trends in stroke risk factors and mortality over 20 years from a central stroke referral center in Pakistan using clinically digitized data.	2025				Limited data exists on long-term stroke trends in low- and middle-income countries, including Pakistan, despite its growing burden. Understanding these trends is crucial for informing healthcare strategies and public health interventions. This study examines 20-year trends in stroke characteristics, risk factors, and mortality at a tertiary care center in Pakistan. In this retrospective study, a secondary analysis was conducted using clinically digitized records from the Aga Khan University Hospital. Patients aged ≥18 years, admitted with stroke, and discharged between January 1, 1999, and December 31, 2018, were included. Stroke subtypes were classified using  The final cohort included 12,837 patients: 71.4 % ischemic stroke, 21.2 % ICH, and 7.4 % TIA. The median age was 62 years (IQR: 52-70). Stroke admissions rose over time ( Stroke patterns are shifting toward younger age and greater risk factor clustering, though in-hospital mortality has declined. Continued surveillance and targeted interventions are essential.				PubMed	https://pubmed.ncbi.nlm.nih.gov/41378162/
CHEMBL5947674	41378051	LINC02081 as an oncogene promotes cell proliferation and G2/M cycle through p53 signaling pathway in lung adenocarcinoma.	2025				LINC02081 is a newly identified long non-coding RNA (lncRNA) with an uncharacterized biological function. This study aimed to investigate the role of LINC02081 in lung adenocarcinoma (LUAD). Bioinformatics analysis utilizing The Cancer Genome Atlas (TCGA) database assessed LINC02081 expression and its clinical significance. Nuclear and cytoplasmic RNA fractionation detected the subcellular localization of LINC02081. Cell proliferation was evaluated using Cell Counting Kit-8 (CCK-8) assays, 5-ethynyl-2'-deoxyuridine (EdU) assays, and colony formation assays. Flow cytometry analyzed the cell cycle and apoptosis. p53 expression was assessed via immunofluorescence, while p21 messenger RNA (mRNA) levels were analyzed by reverse transcription quantitative polymerase chain reaction (RT-qPCR). LINC02081 was highly expressed in LUAD tissues, both in the TCGA dataset and our clinical samples. Elevated LINC02081 expression correlated positively with poor prognosis and advanced clinical stage. LINC02081 localized predominantly to the nucleus. Gene enrichment analysis revealed significant associations between LINC02081 and both the cell cycle and p53 signaling pathway. Successful knockdown of LINC02081 using antisense oligonucleotides (ASOs) significantly suppressed LUAD cell proliferation, inhibited G2/M phase progression, and promoted cell apoptosis. Knockdown of LINC02081 promoted p53 and p21 expression. Our findings suggest that LINC02081 promotes the malignant progression of LUAD. This effect may involve the p53 signaling pathway. This study provides novel insights into LUAD pathogenesis and indicates LINC02081 may be a potential therapeutic target.				PubMed	https://pubmed.ncbi.nlm.nih.gov/41378051/
CHEMBL5947674	41378010	ING5-mediated regulation of lung cancer progression via the OIP5-AS1/miR-381-3p/SEC24A axis.	2025				Non-small cell lung cancer (NSCLC) is a leading cause of cancer-related deaths globally. It poses a significant threat to human health with high incidence and mortality rates. Current treatments like surgery, chemotherapy, and radiation have limited efficacy and often encounter drug resistance, highlighting the need for new therapeutic targets and strategies. The aim of this study was to assess how ING5 regulates lncOIP5-AS1, miR-381-3p, and SEC24A, and exerts its tumor-suppressive effects. We developed NSCLC cell lines that overexpressed ING5 and transfected them with a miR-381-3p inhibitor and short hairpin RNA (shRNA) targeting long non-coding RNA (lncRNA) OIP5-AS1. The impact of lncRNA OIP5-AS1 on NSCLC cell proliferation, tumorigenesis, and migration was assessed using quantitative real-time polymerase chain reaction (qPCR), Western blot, cell cloning, Cell Counting Kit-8 (CCK-8) test, transwell invasion and migration assay, and subcutaneous tumorigenesis assay in nude mice. Bioinformatics methods were employed to predict the target genes of miR-381-3p, and the interaction with SEC24A was confirmed by a dual luciferase reporter gene test. The overexpression of ING5 markedly suppressed the proliferation, migration, and invasion of NSCLC. The inhibitory effect was counteracted by the overexpression of OIP5-AS1. miR-381-3p was markedly increased in cells overexpressing ING5 and interacted with the 3'UTR of SEC24A, suppressing its expression. SEC24A exhibited elevated expression in NSCLC and correlated with unfavorable prognosis. Animal studies demonstrated that the silencing of OIP5-AS1 suppressed tumor proliferation. Our cell-based and subcutaneous xenograft experiments suggest that ING5-mediated down-regulation of OIP5-AS1 may release miR-381-3p and consequently reduce SEC24A expression. However, this axis has not yet been validated in clinical specimens, and studies addressing metastasis or long-term toxicity are still needed.				PubMed	https://pubmed.ncbi.nlm.nih.gov/41378010/
CHEMBL5947674	41377909	Prevalence of cognitive morbidity including delirium in 51,202 emergency hospital admissions across 29 medical and surgical specialties in ORCHARD-EPR: a cross-sectional study.	2025				Older people account for a growing proportion of unplanned hospital admissions and many have complex conditions. However, there are few data on cognitive morbidity (delirium, dementia and low cognitive test score) by specialty to plan services and guide policy. We therefore determined the occurrence of cognitive morbidity hospital-wide in older hospital patients using electronic patient record (EPR) data. The Oxford and Reading Cognitive Comorbidity, Frailty and Ageing Research Database (ORCHARD-EPR) includes data on consecutive patients aged ≥70 years with length of stay of ≥1 day (1st January 2017-31st December 2019) admitted to four hospitals covering Oxfordshire, UK. ORCHARD-EPR includes information from a mandatory on-admission cognitive screen comprising the 10-point Abbreviated Mental Test (AMT), dementia history and documentation of delirium where delirium diagnosis is based on a holistic assessment incorporating the AMT, Confusion Assessment Method (CAM) and clinical notes. Delirium and dementia diagnosis from the cognitive screen was supplemented by discharge ICD-10 coding. Prevalence of cognitive morbidity was determined hospital-wide and then by specialty. Among 51,202 admissions (mean/SD age = 82/7 years), any cognitive morbidity was present in 18,225 (35.6%, 95% CI 35.2-36.0%): delirium occurred in 24.0% (n = 12,289, of which 14.3% (n = 7332) had delirium only and 9.7% (n = 4957) had delirium + dementia) dementia only in 8.7%, (n = 4450), AMTS <8 in 2.9% (n = 1486). The prevalence of cognitive morbidity was highest in geriatrics (44.5%; n = 134/301), general medicine (42.8%; n = 14,346/33,512), trauma/orthopaedics (36.4%; n = 1337/3673), palliative care (36.0%; n = 128/356), stroke (30.8%; n = 144/468), infectious disease (27.6%; n = 42/152), neurosurgery (22.9%; n = 161/702) and general surgery (21.5%; n = 822/3819) and was 10-20% in all other specialties except two. Delirium was the most prevalent cognitive morbidity subtype in 24/29 specialties. Cognitive morbidity was common in older people with unplanned hospital admission across a broad range of specialties, with delirium accounting for most cases. Findings support the need for hospital-wide delirium screening and access to multidisciplinary team input for all specialties. Rhodes Trust, Canadian Institutes of Health Research, National Institutes for Health Research.				PubMed	https://pubmed.ncbi.nlm.nih.gov/41377909/
CHEMBL5947674	41377878	The effect of adjuvant radiotherapy on M0 adenoid cystic carcinoma of the breast: a retrospective cohort study based on SEER data.	2025				Adenoid cystic carcinoma of the breast (ADCC) is a rare histologic subtype of breast cancer. Currently, there are no universally accepted guidelines for the treatment of ADCC. This study aimed to evaluate the association between adjuvant radiotherapy (RT) and the survival outcomes, including overall survival (OS) and breast cancer-specific survival (BCSS), of patients with non-metastatic (M0) ADCC following breast-conserving therapy (BCT). We identified patients diagnosed with breast ADCC between 2000 and 2021 using the Surveillance, Epidemiology, and End Results (SEER) database. The inclusion criteria were as follows: (I) an International Classification of Diseases for Oncology-3 histology code of 8200/3; (II) complete clinicopathological data; (III) diagnosis at the M0 stage; (IV) documented tumor size; and (V) recorded details of the surgical approach. The exclusion criteria included a lack of surgical treatment, an unknown surgical status, diagnosis at the distant metastasis (M1) or unknown metastasis status (Mx) stage, and/or an unknown tumor size. The following prognostic variables were evaluated: age, race, tumor size, nodal status, type of surgery, and receptor status [estrogen receptor (ER), progesterone receptor (PR), and human epidermal growth factor receptor 2 (HER2)]. Follow-up adhered to the SEER protocols with a focus on OS and BCSS. Kaplan-Meier analysis and multivariable Cox proportional hazards models were used to compare the RT and non-RT groups, adjusting for clinicopathological covariates. A total of 716 patients with ADCC were included in the study, of whom, 350 (48.9%) received RT and 366 (51.1%) did not receive RT. There were no significant differences between the two groups in terms of age, sex, race, primary tumor (T) stage, nodal status, and chemotherapy (CT) (all P>0.05). Overall, the patients who received RT showed significantly improved OS compared to those who did not receive RT (P=0.002). Subgroup analyses revealed that RT was associated with improved OS in patients undergoing BCT (P=0.001), particularly in those with tumors >10 mm (P=0.002), but not in those with tumors ≤10 mm (P=0.22) or those treated with mastectomy (P=0.75). No significant RT benefit was observed in terms of BCSS in the overall cohort (P=0.10). Adjuvant RT did not improve the OS and BCSS of the M0 ADCC patients with tumors ≤10 mm who had undergone BCT. Therefore, adjuvant RT may not be necessary for M0 ADCC patients with tumors ≤10 mm who have undergone BCT.				PubMed	https://pubmed.ncbi.nlm.nih.gov/41377878/
CHEMBL5947674	41377623	Nationwide Analysis of Spontaneous Coronary Artery Dissection-Related Acute Myocardial Infarction in Japanese Patients Aged ≤60 Years Using the Administrative JROAD-DPC Database.	2025				Spontaneous coronary artery dissection (SCAD) causes acute myocardial infarction (AMI). Clinical characteristics of SCAD patients remain insufficiently understood. We analyzed AMI patients aged ≤60 years using the nationwide Japanese Registry of All Cardiac and Vascular Diseases-Diagnosis Procedure Combination database (2012.04.01-2022.03.31). SCAD was defined by International Classification of Diseases, 10th revision code I24.8 and the presence of keyword 'coronary artery dissection'. The primary outcome was in-hospital all-cause mortality. Among 96,304 eligible patients, 330 (0.34%) had SCAD. SCAD patients were younger (P<0.001), more often female (P<0.001), and had fewer atherogenic risk factors. They less frequently received aspirin (P<0.001), angiotensin-converting enzyme inhibitor/angiotensin II receptor blocker (P<0.001), statins (P<0.001), and percutaneous coronary intervention (PCI; P<0.001). After propensity score matching, in-hospital all-cause mortality did not differ between SCAD and non-SCAD patients (1.0% vs. 2.9%; P=0.142). The subgroup analysis revealed that the use of aspirin was associated with a lower adjusted in-hospital all-cause mortality (P=0.002), whereas primary PCI (P=0.223), β-blocker (P=0.646), and statin (P=0.608) were not. Of note, older SCAD patients were more likely to exhibit inferior MI (P=0.036 for trend) with shorter duration of hospitalization (P=0.025 for trend). Short-term outcomes in SCAD patients are comparable with those of atherosclerotic AMI. While aspirin lowered in-hospital mortality, PCI, β-blocker, and statin did not. Our findings suggest the need for physicians to select appropriate therapeutic management in SCAD patients to achieve better outcomes.				PubMed	https://pubmed.ncbi.nlm.nih.gov/41377623/
CHEMBL5947674	41377499	Adapting Co-Folding Models for Structure-Based Protein-Protein Docking Through Flow Matching.	2025				Co-folding models like AlphaFold have revolutionized protein complex structure prediction, yet their reliance on multiple sequence alignments (MSAs) limits their applicability on challenging targets such as antibody-antigen complexes. An alternative approach, structure-based protein-protein docking, predicts the complex structure from the unbound monomer structures without requiring MSAs. In this work, we propose a novel method to adapt co-folding models for structure-based docking by replacing their template module with a docking module, followed by training end-to-end with a flow-matching objective. We apply our method to AlphaFold-Multimer (AF-M) using the OpenFold implementation and transform it into a generative docking model, which we name AF2Dock. We evaluate AF2Dock on the PINDER-AF2 benchmark and an antibody/nanobody test set, and demonstrate that AF2Dock consistently performs competitively or outperforms other structure-based docking methods when using non-holo inputs, especially in the case of antibody and nanobody complexes. Although AF2Dock underperforms co-folding AF-M and AF3 in success rates when using non-holo inputs, it produces orthogonal predictions and successfully identifies correct structures for targets where co-folding models fail. Ablation studies confirm that full-parameter fine-tuning of the AF-M components is critical for performance and reveal that, surprisingly, the inclusion of ESM embeddings can hinder success rates in certain cases. The code is available at https://github.com/Graylab/AF2Dock.				PubMed	https://pubmed.ncbi.nlm.nih.gov/41377499/
CHEMBL5947674	41377413	Application of Mendelian randomization to explore metabolic pathways in colorectal cancer.	2025				We conducted a Mendelian randomization (MR) study to investigate the relationship between genetically predicted metabolites and the risk of colorectal cancer (CRC) and to explore the underlying pathways. Genetic instruments for metabolite levels were selected based on data from 64 genome-wide association studies involving a total of 362 750 individuals. Using a two-sample MR approach, we assessed associations with CRC utilizing summary statistics from a meta-analysis of the UK Biobank and FinnGen. The primary analysis was conducted using the inverse-variance weighted method, with additional sensitivity analyses employing the median-weighted and MR-Egger methods to account for potential pleiotropy. The identified significant metabolites were further analyzed through enrichment analysis to explore the metabolic and lipid pathways involved. Across the three MR methods, we identified 67 metabolites that were positively associated and 92 metabolites that were inversely associated with CRC risk. Among these, 7-methylguanine and creatinine are the most strongly connected metabolites. Enrichment analysis revealed that positively associated metabolites were significantly linked to pathways such as small nuclear ribonucleoprotein assembly, non-coding RNA metabolism, and gut-liver indole metabolism. In contrast, inversely associated metabolites were enriched in pathways related to the urea cycle, amino group metabolism, pyrimidine metabolism disorders, and pyrimidine catabolism. This study highlights genetically predicted metabolites associated with CRC risk, suggesting that metabolite panels and lipid-based biomarkers have potential for CRC risk assessment and early detection. However, further standardization and extensive validation are necessary before its clinical application.				PubMed	https://pubmed.ncbi.nlm.nih.gov/41377413/
CHEMBL5947674	41377274	MTHFR C677T polymorphism and T2DM risk in Iraqi Kurds: a cross-sectional study.	2025				Type 2 diabetes mellitus (T2DM) represents a major global health problem, and the methylenetetrahydrofolate reductase (MTHFR) C677T polymorphism has been repeatedly linked to T2DM susceptibility. However, no prior study has investigated this association in the Iraqi Kurdish population. This study aimed to examine the relationship between the MTHFR C677T polymorphism and T2DM in a sample of Iraqi Kurdish patients, and to evaluate its effects on metabolic parameters, lipid profiles, and the incidence of diabetic complications. Diabetic Center in Azadi Teaching Hospital - from various districts of the Duhok Governorate - at the Duhok Blood Bank. - The study protocol was approved by the General Directorate of Health Ethics Committee, Duhok, Kurdistan Region, Iraq (protocol code: 29052024-4-5; approval date: 29 March 2024). Of the Duhok Diabetic Center. Blood samples were obtained at the Duhok Diabetic Center in Azadi Teaching Hospital and subsequently transported to the Duhok Central Laboratory for genetic analysis. From the Duhok Governorate. Compared with controls, T2DM patients had higher blood pressure (BP), waist circumference (WC), body mass index (BMI), and glycated hemoglobin (HbA1c) ( The MTHFR C677T polymorphism is strongly associated with T2DM in Iraqi Kurdish patients, with the T allele linked to adverse metabolic profiles and a higher risk of complications. These findings highlight the potential clinical value of incorporating genetic screening into early risk assessment and personalized management strategies in high-risk populations.				PubMed	https://pubmed.ncbi.nlm.nih.gov/41377274/
CHEMBL5947674	41377125	Artificial Neural Network for Optimizing Gamma Radiation Shielding.	2025				Designing shields for gamma radiation sources is particularly important due to their extensive use in medical, industrial, and research studies. This study aimed to explore the ability of an Artificial Neural Network (ANN) to identify the optimized shield for a typical gamma source. Despite the effectiveness of Monte Carlo simulations in determining optimal shielding materials and geometries, they are time-consuming and require numerous simulations for each configuration. In this simulating study, the MCNPX Monte Carlo code was utilized to conduct simulations using a previously proposed shielding material. After validating the simulation accuracy, a large dataset was generated to serve as input and target data for the machine learning process. The method's precision was assessed by comparing the results of the ANN with those of Monte Carlo simulations. Dose calculations were performed using a water phantom. The deviation of less than 1% was computed between the simulation and the ANN. The network also exhibited satisfactory predictions for unknown data. Additionally, the dose was evaluated using a water phantom to assess further and optimize the selected shielding material. The ANNs are widespread and significant in radiation shielding studies. The developed network can accurately predict unknown weight fraction combinations. The designed network can effectively predict unknown weight fraction combinations.				PubMed	https://pubmed.ncbi.nlm.nih.gov/41377125/
CHEMBL5947674	41376997	Correlation between albumin-corrected calcium levels and prognosis in non-ST-elevation myocardial infarction patients: a retrospective cohort study using the MIMIC-IV database.	2025				Non-ST-segment elevation myocardial infarction (NSTEMI) significantly impacts global mortality. High-risk patients have a poor long-term prognosis. Hence, precisely assessing patient outcomes and early intervention is essential. However, its prognostic factors remain unclear. Therefore, it is necessary to elucidate these factors. This study aimed to investigate albumin-corrected calcium (ACC) as a prognostic marker in severe NSTEMI. A retrospective cohort study was conducted using data extracted from the MIMIC-IV database. Adult patients diagnosed with NSTEMI via ICD coding and admitted to the intensive care unit (ICU) for the first time were included. ACC was calculated from admission laboratory values using the formula: ACC = serum total calcium (mg/dL) +0.8 × [4.0 - serum albumin (g/dL)]. The primary outcome was 1-year all-cause mortality, and 90-day mortality was the secondary outcome. Cutoff values for ACC stratification were determined using restricted cubic splines. Least absolute shrinkage and selection operator (LASSO) regression was employed to select prognostic variables. The relationship between ACC and mortality was analyzed using Kaplan-Meier curves and multivariate Cox regression. Subgroup analyses were performed to assess the consistency of associations. A total of 2,107 patients with NSTEMI were included. Based on an ACC cutoff of 9.19, patients were divided into low ACC (<9.19) and high ACC (≥9.19) groups. Baseline data showed significantly higher all-cause mortality at 1 year (P<0.001) and 90 days (P=0.02) in patients with high ACC compared with those with low ACC. Multivariate Cox regression analysis demonstrated that high ACC was independently associated with an increased risk of 1-year mortality [hazard ratio (HR): 1.22, 95% confidence interval (CI): 1.12-1.34, P<0.001] and 90-day mortality (HR: 1.20, 95% CI: 1.07-1.34, P=0.001). Kaplan-Meier survival curves demonstrated significantly lower survival rates in the high ACC group compared to the low ACC group at both 1 year (P<0.001) and 90 days (P=0.01). ACC is an independent predictor of mortality in patients with severe NSTEMI. These findings suggest that incorporating ACC into routine clinical evaluation may aid in the early identification of high-risk patients and guide closer monitoring and treatment strategies. However, further comprehensive prospective studies are needed to validate these findings.				PubMed	https://pubmed.ncbi.nlm.nih.gov/41376997/
CHEMBL5947674	41376943	A retrospective study with whole-exome sequencing of tissue samples: analysis of risk factors in patients of persistent cough following lung segmentectomy.	2025				Persistent cough after pulmonary resection (CAP) is one of the most common postoperative complications in patients with non-small cell lung cancer (NSCLC) and can impair postoperative recovery and quality of life. While several clinical and surgical risk factors have been identified, the genetic basis of CAP remains unclear. Whole-exome sequencing (WES) allows comprehensive detection of coding-region mutations and may help uncover molecular markers associated with CAP. This retrospective cohort study investigated the association between gene mutations identified by WES and CAP in patients with NSCLC. Twenty NSCLC patients who underwent surgery were enrolled and categorized into a cough group (n=9) and a non-cough group (n=11) using the Leicester Cough Questionnaire-Mandarin Chinese version (LCQ-MC). Postoperative tissue samples were collected for WES. Clinical data were analyzed to assess the incidence of CAP and related clinical characteristics. Genetic mutations were identified through WES, and a logistic regression model was applied to determine potential risk factors for CAP. Chi-squared tests identified significant associations between CAP and preoperative cough, as well as mutations in the  The 				PubMed	https://pubmed.ncbi.nlm.nih.gov/41376943/
CHEMBL5947674	41376898	Epidemiological burden and mortality of idiopathic pulmonary fibrosis in Brazil: historical trends and future outlook.	2025				Idiopathic pulmonary fibrosis (IPF) is a progressive and fatal interstitial lung disease with increasing clinical and epidemiological relevance. While global mortality trends have been well documented, long-term national-level data from middle-income countries are limited. This study aimed to characterize IPF-related mortality in Brazil over a 28-year period and to estimate national prevalence, incidence, and future trends. We conducted a retrospective, population-based analysis of national mortality data from Brazil's public health system (DATASUS) from 1996 to 2023. IPF-related deaths were identified using ICD-10 code J84.1. Mortality trends were stratified by sex, ethnicity, and age. Odds ratios (ORs) by sex were calculated annually. IPF prevalence and incidence in 2023 were estimated using survival-based modeling (3-10 years), and linear projections were used to forecast mortality trends through 2028. A total of 61,518 IPF-related deaths were recorded. Annual deaths increased from 1,021 in 1996 to 3,778 in 2023, with an average annual growth of 5.2%, surpassing trends in respiratory (2.5%) and all-cause mortality (1.9%). Most deaths occurred in individuals aged ≥70 years (69%), and 67.4% were among White individuals. Although absolute mortality was slightly higher among females, men had consistently higher odds of IPF-related death (OR range, 1.03-1.54). Estimated IPF prevalence in 2023 ranged from 9,800 to 30,900 individuals, depending on survival assumptions. Projections indicate continued increases in mortality through 2028. IPF-related mortality in Brazil has more than tripled since 1996, reflecting both improved diagnostic capacity and population aging. However, demographic disparities by sex and ethnicity persist. These findings underscore the urgent need to strengthen national disease registries, expand early diagnostic programs, and improve access to antifibrotic therapy to address the growing burden of IPF in Brazil.				PubMed	https://pubmed.ncbi.nlm.nih.gov/41376898/
CHEMBL5947674	41376896	Enteropathic arthritis is associated with an increased risk of major adverse cardiovascular events and venous thromboembolism.	2025				To assess the risk of major adverse cardiovascular events (MACE) and venous thromboembolism (VTE) in patients with enteropathic arthritis (EA) compared with matched controls. We performed a 1:1 propensity score matched retrospective cohort study using electronic health records. EA was defined using International Classification of Diseases, 10th Revision code M07 and codes for Crohn's disease or ulcerative colitis, excluding other inflammatory arthritis. Controls had no coded diagnosis of Crohn's disease, ulcerative colitis or inflammatory arthritis. Primary outcomes were MACE and VTE; secondary outcomes included myocardial infarction (MI), stroke, CVD (composite of ischaemic heart disease and cerebrovascular disease), pulmonary embolism (PE) and deep vein thrombosis (DVT). Cohorts were matched for demographics, comorbidities and medications, with analysis using Cox proportional hazards models. We included 5239 matched pairs (mean age 43 years, 63% female), with follow-up of 19 256 person-years (PY) for EA and 42 064 PY for controls. MACE [261 events; incidence rate (IR) 13.6/1000 PY (95% CI 11.9, 15.2)] occurred more frequently in EA compared with controls [407 events; IR 9.7/1000 PY (95% CI 8.7, 10.6)]. Similarly, VTE occurred more frequently in the EA group, with 264 [IR 13.7/1000 PY (95% CI 12.1, 15.4)] compared with 250 events [IR 5.9/1000 PY (95% CI 5.2, 6.7)]. The hazards of MACE [HR 1.40 (95% CI 1.19, 1.66)] and VTE [HR 1.89 (95% CI 1.57, 2.27)] were significantly increased. Results were concordant across CVD, MI and PE, but lacked precision for stroke and DVT. EA is associated with an increased risk of MACE, VTE, MI, CVD and PE. Risk-reduction strategies and lifestyle measures should be clinical and research priorities.				PubMed	https://pubmed.ncbi.nlm.nih.gov/41376896/
CHEMBL5947674	41376663	Know Thyself by Knowing Others: Learning Neuron Identity from Population Context.	2025				Neurons process information in ways that depend on their cell type, connectivity, and the brain region in which they are embedded. However, inferring these factors from neural activity remains a significant challenge. To build general-purpose representations that allow for resolving information about a neuron's identity, we introduce NuCLR, a self-supervised framework that aims to learn representations of neural activity that allow for differentiating one neuron from the rest. NuCLR brings together views of the same neuron observed at different times and across different stimuli and uses a contrastive objective to pull these representations together. To capture population context without assuming any fixed neuron ordering, we build a spatiotemporal transformer that integrates activity in a permutation-equivariant manner. Across multiple electrophysiology and calcium imaging datasets, a linear decoding evaluation on top of NuCLR representations achieves a new state-of-the-art for both cell type and brain region decoding tasks, and demonstrates strong zero-shot generalization to unseen animals. We present the first systematic scaling analysis for neuron-level representation learning, showing that increasing the number of animals used during pretraining consistently improves downstream performance. The learned representations are also label-efficient, requiring only a small fraction of labeled samples to achieve competitive performance. These results highlight how large, diverse neural datasets enable models to recover information about neuron identity that generalize across animals. Code is available at https://github.com/nerdslab/nuclr.				PubMed	https://pubmed.ncbi.nlm.nih.gov/41376663/
CHEMBL5947674	41376452	Masticatory Function in Elderly Individuals Living in Long-Term Care Facilities in Brazil: Associations Between Objective and Subjective Measurements.	2025				Although objective and subjective masticatory function measures may correlate, associated oral health-related factors may differ, highlighting the need for comprehensive assessment to support tailored care in long-term care facilities (LTCFs). To investigate the association between objective and subjective masticatory function and the oral health status of older LTCF residents in Brazil. This cross-sectional study included 187 residents (mean age = 78.7 ± 9.2 years) from nine LTCFs. Masticatory function was evaluated objectively (bi-coloured chewing gum) and subjectively ('Do you have trouble biting or chewing any kind of food?'). Oral health status was assessed by self-perceived oral health, the number of natural teeth and posterior occluding pairs (POPs), xerostomia and dental prosthesis requirement. Data were analysed using multiple regression (α = 0.05). Objective and subjective masticatory function were associated (p < 0.001). Older age (p = 0.006), low number of natural teeth (p = 0.001) and POPs (p = 0.004) and the dental prosthesis requirement (p = 0.016) were associated with poorer objective masticatory function. Poor self-perceived oral health (p = 0.001), low number of POPs (p = 0.013), severe xerostomia symptoms (p = 0.001) and dental prosthesis requirement (p = 0.030) were associated with poor subjective masticatory function. Objective and subjective masticatory functions were associated and shared some common factors, number of POPs and the need for dental prostheses. However, objective measures (e.g., number of teeth) were linked to objective masticatory function, whereas self-perceived factors (e.g., perceived oral health and xerostomia) were associated with subjective masticatory function.				PubMed	https://pubmed.ncbi.nlm.nih.gov/41376452/
CHEMBL5947674	41376296	GlySitePred: Identification of Glycation Modification Sites Based on Deep Feature Fusion and NCR-CC Sampling Technology.	2025				Protein glycation, a critical post-translational modification process, involves the covalent binding of sugar molecules to specific amino acid residues (such as lysine and arginine) in proteins. This process not only significantly regulates the biological activity of proteins but also plays a pivotal role in the onset and progression of various major diseases, including neurodegenerative disorders and metabolic dysfunctions. Accurate identification of glycation sites is of great scientific value for elucidating the molecular mechanisms of proteins and their pathological associations. Currently, while experimental detection techniques face challenges such as being time-consuming and costly, existing computational methods are hindered by core issues like imbalanced data distribution and feature redundancy, which greatly limit the accuracy and reliability of glycation site prediction. To address the key challenges in the field of protein glycation site prediction, this study proposes an innovative computational solution─the GlySitePred model. Based on a human protein lysine glycation data set constructed from the PLMD database, this study carefully developed a high-quality benchmark data set, providing a solid foundation for model training and evaluation. Methodologically, GlySitePred integrates multiple feature extraction approaches: it incorporates traditional sequence encoding techniques such as AAC, Kmer, and One-hot, while innovatively combining the representational capabilities of advanced protein large language models like ESM2 and ProstT5, significantly enhancing model performance through multilevel feature fusion. Notably, the NCR-CC undersampling algorithm proposed in this study effectively mitigates the issue of imbalanced training data. Through systematic model comparison and optimization, the selected XGBoost framework demonstrates superior predictive performance. By employing advanced interpretability analysis methods such as SHAP and LIME, this study thoroughly elucidates the model's decision-making mechanisms, providing valuable theoretical insights for future research. Experimental results show that GlySitePred significantly outperforms existing methods across all evaluation metrics, with its advantages primarily reflected in (1) precise predictive capability, (2) transparent decision-making process, and (3) practical tool support. To facilitate academic exchange and practical application, this study not only open-sourced the complete code (which is available at https://github.com/CaptainC0C0C0/GlySitePred) but also developed an interactive local prediction tool based on Python Tkinter, enabling researchers to conveniently perform protein glycation site analysis. This innovative achievement provides comprehensive support for glycation modification research, from theory to practice.				PubMed	https://pubmed.ncbi.nlm.nih.gov/41376296/
CHEMBL5947674	41376219	Effect of Xuanfei Tongqiao acupuncture on nasal inflammation in rats with allergic rhinitis: modulation of long non-coding RNA growth arrest-specific transcript 5 methylation modification.	2025				To examine the effect of Xuanfei Tongqiao acupuncture on nasal inflammation in rats with allergic rhinitis (AR) and its underlying mechanisms, particularly focusing on the role of acupuncture in regulating the methylation of long non-coding RNA growth arrest-specific transcript 5 (lncRNA GAS5). Interventions involved acupuncture or short hairpin RNA-GAS5 (sh-GAS5) lentivirus in an ovalbumin-induced AR rat model. Nasal mucosal tissues were collected post-intervention for pathological analysis. Parameters assessed included the proportion of type 2 innate lymphoid cells (ILC2s), the expression of GATA binding protein 3 (GATA3), methyltransferase-like 3 (METTL3), interleukin (IL)-33 proteins, and the expression of METTL3 and lncRNA-GAS5. Xuanfei Tongqiao acupuncture and/or lentivirus sh-GAS5 significantly alleviated rhinitis symptoms and reduced nasal inflammation in AR rats. This was evidenced by a reduction in inflammatory cells, eosinophils, and cuprocytes in nasal mucosal tissues, along with a decreased proportion of ILC2s. Furthermore, protein levels of GATA3, METTL3, and IL-33, as well as the expression of METTL3 and lncRNA-GAS5, were significantly reduced. These findings suggest that lncRNA-GAS5 and its N6-methyladenosine methylation are key regulators of AR inflammation, with acupuncture exerting a modulatory effect on this pathway. Xuanfei Tongqiao acupuncture therapy inhibited the METTL3-GAS5-GATA3-IL-33-ILC2 pathway, reducing the inflammatory response and alleviating nasal symptoms in AR rats. These results suggest that Xuanfei Tongqiao acupuncture could serve as a potential alternative therapy for preventing and managing AR associated with inflammation.				PubMed	https://pubmed.ncbi.nlm.nih.gov/41376219/
CHEMBL5947674	41376112	Breaking the pH Code: Acidification Triggers SASP and Inflammation in Cellular Senescence.	2025				Cellular senescence is a stress-induced, stable growth arrest accompanied by marked metabolic alterations and acquisition of the senescence-associated secretory phenotype (SASP). While enhanced glycolysis, mitochondrial dysfunction, and lysosomal abnormalities are well-established features, emerging evidence identifies progressive intracellular acidification as an important yet underappreciated regulator of cellular senescence. Acidification results from suppressed NHE1-mediated proton efflux, elevated glycolytic proton production, and lysosomal membrane permeabilization. This lowered pH alters redox balance, inhibits HDAC activity, and promotes transcription of senescence-associated genes. Recent work by Kawakami et al. demonstrates that acidification activates a glycolysis-linked inflammatory circuit through accumulation of glucose-6-phosphate and induction of the MondoA targets TXNIP and ARRDC4, which correlate with SASP induction and define a highly secretory subset of senescent cells. These findings suggest that intracellular pH functions as a key metabolic cue linking altered glycolysis to inflammatory output, offering a conceptual framework that may guide future efforts to modulate age-associated chronic inflammation.				PubMed	https://pubmed.ncbi.nlm.nih.gov/41376112/
CHEMBL5947674	41376028	From Ethnobotany to Food Innovation: Applications and Functional Potential of 	2025								PubMed	https://pubmed.ncbi.nlm.nih.gov/41376028/
CHEMBL5947674	41375654	A Distinct Intestinal Domination Fingerprint in Patients Undergoing Allo-HSCT: Dynamics, Predictors and Implications on Clinical Outcomes.	2025								PubMed	https://pubmed.ncbi.nlm.nih.gov/41375654/
CHEMBL5947674	41375337	Exploring the Effects of 	2025				Rice (				PubMed	https://pubmed.ncbi.nlm.nih.gov/41375337/
CHEMBL5947674	41375055	Long Non-Coding RNA DUXAP10 Promotes Tumorigenesis and Metastasis in Anaplastic Thyroid Cancer.	2025								PubMed	https://pubmed.ncbi.nlm.nih.gov/41375055/
CHEMBL5947674	41375049	Small Nucleolar RNAs as Emerging Players in Cancer Biology and Precision Medicine.	2025				Small nucleolar RNAs (snoRNAs) constitute a class of non-coding RNAs traditionally associated with ribosomal RNA modification. However, recent research has revealed that these molecules participate in a wide range of cellular processes with significant implications for cancer biology. This review examines the emerging evidence on snoRNA dysregulation in various tumor types, where they can function as both oncogenes and tumor suppressors. We analyze the multiple molecular mechanisms through which snoRNAs contribute to malignant transformation, including the generation of specialized ribosomes, alternative splicing regulation, epigenetic modulation, and post-transcriptional regulatory functions. We discuss the potential of snoRNAs as non-invasive biomarkers for cancer diagnosis and prognosis, as well as emerging strategies for their utilization as therapeutic targets. The integration of these findings positions snoRNAs as fundamental players in oncogenesis and opens new avenues for the development of clinical tools in precision cancer medicine.				PubMed	https://pubmed.ncbi.nlm.nih.gov/41375049/
CHEMBL5947674	41375031	Epigenetic and Transcriptional Reprogramming in 3D Culture Models in Breast Cancer.	2025				Breast cancer remains the leading cause of cancer-related death in women worldwide. This disease is characterized by its molecular and phenotypic heterogeneity, which hinders the development of effective therapies. While two-dimensional (2D) monolayer cell cultures are widely used, they are insufficient to reproduce the characteristics of the tumor microenvironment, thus limiting our understanding of cancer biology. In this context, three-dimensional (3D) models have emerged as representative tools that more accurately reproduce tissue architecture, cell signaling, and nutrients and oxygen gradients. These cellular models offer greater similarity to primary tissues, improving the study of relevant biological processes. Although 3D cultures provide numerous advantages in cancer research, there is no unified model that standardizes the matrix type and parameters such as gelation time or porosity, hindering the reproducibility and interpretability of the data. This review integrates evidence from various studies to evaluate the effect of epigenetic variations generated by 3D culture methods, which are regulated by mechanotransduction and, consequently, by signaling pathways such as integrin/FAK-ILK/Rho-YAP derived from interactions of cells with extracellular matrix-enriched scaffolds. This affects processes such as DNA methylation, histone coding, and the regulation of non-coding RNAs such as microRNAs (miRNAs), long non-coding RNAs (lncRNAs), and circular RNAs (circRNAs) in different molecular subtypes of breast cancer. Overall, the evidence highlights that 3D culture methods are not equivalent but rather generate distinct epigenetic signatures at the non-coding RNA level that influence the proliferation, differentiation, therapeutic resistance, and metastatic potential of tumor cells. Furthermore, the evidence suggests that histone coding patterns, primarily through the reduction of acetylation marks, are conserved regardless of the type of 3D culture. In summary, the study highlights that the microarchitectural and compositional characteristics of 3D scaffolds are key determinants of epigenetic plasticity.				PubMed	https://pubmed.ncbi.nlm.nih.gov/41375031/
CHEMBL5947674	41375001	Balancing Early Detection and Overtreatment in Prostate Cancer: The Emerging Role of EpihTERT.	2025				Prostate Cancer (PCa) screening using Prostate-Specific Antigen (PSA) has significantly improved early detection but has also led to substantial overdiagnosis and overtreatment, particularly of indolent tumors. While active surveillance and focal therapies have mitigated some harms, distinguishing aggressive from non-threatening disease remains a critical clinical challenge. Emerging evidence highlights the epigenetic regulation of the human Telomerase Reverse Transcriptase (				PubMed	https://pubmed.ncbi.nlm.nih.gov/41375001/
CHEMBL5947674	41374809	Nanocellulose Filled Bio-Based PVA/Chitosan Nanocomposites: Structure-Property Relationships Toward Advanced Food Packaging Films.	2025				Biodegradable chitosan/poly(vinyl alcohol) (PVA) composite films were reinforced either with nanocrystalline cellulose (CNC) or nano-lignocellulose (NLC) and evaluated across a polyparametric design of five matrix ratios and three filler levels for active food packaging applications. ATR-FTIR, DSC, XRD, and SEM demonstrated that 1-5% nanocellulose loading induced a single relaxation temperature (T				PubMed	https://pubmed.ncbi.nlm.nih.gov/41374809/
CHEMBL5947674	41374718	Research on UAV Autonomous Trajectory Planning Based on Prediction Information in Crowded Unknown Dynamic Environments.	2025				When unmanned aerial vehicles (UAVs) operate autonomously in ultra-low-altitude environments, they encounter complex dynamic obstacles in the form of dense crowds. The high uncertainty and complex interactions in crowd movement pose significant challenges to the safe flight of UAVs. To address these issues, this paper proposes an integrated UAV trajectory planning method that combines pedestrian trajectory prediction with gradient-based planning. First, a Contrastive Distribution Latent Code Generator (CDLCG) is designed in the pedestrian trajectory prediction model to infer future trajectory distributions from pedestrians' historical trajectories and generate predicted trajectories via a decoder. The accuracy and effectiveness of this method are validated using simulation methods based on four public datasets and validated through physical experiments on the OptiTrack Motion Capture System, respectively. Furthermore, an adaptive gradient-based UAV trajectory planning method is proposed by designing adaptive cost weights based on optimization stages and obstacle types. The method is validated in dynamic environments with varying crowd densities constructed in the Gazebo simulation environment, with results demonstrating that this method significantly improves the success rate of UAV trajectory planning in crowded dynamic environments; effectively balances trajectory smoothness, safety, and feasibility; and ensures safe UAV flight.				PubMed	https://pubmed.ncbi.nlm.nih.gov/41374718/
CHEMBL5947674	41374638	SmartBuildSim: An Open-Source Synthetic-Twin Framework for Reproducible AI Benchmarking in Smart-Building Analytics.	2025				This paper introduces SmartBuildSim, an open-source synthetic-twin framework that generates configurable and reproducible multi-sensor building streams using lightweight statistical models with tunable trend, seasonality, correlation, delays, and anomaly mechanisms. Deterministic seeding ensures experiment-level reproducibility, while modular pipelines support unified evaluation across forecasting, anomaly detection, and RL tasks. A comprehensive validation against an ASHRAE Great Energy Predictor III reference signal demonstrates that the synthetic data capture realistic magnitude and variability (KS ≈ 0.32; DTW ≈ 9.69), while preserving interpretable and controllable temporal structure. Benchmark results show that simple linear models achieve strong forecasting performance (RMSE ≈ 21.27), IsolationForest reliably outperforms LOF in anomaly detection (F1 ≈ 0.17 vs. 0.10), and Soft-Q Learning provides substantially more stable RL convergence than tabular Q-learning (variance reduced by >95%). Scenario-level analyses further illustrate reproducible daily cycles, zone-specific differences, and the scalability of model behaviour across building configurations. By combining declarative YAML configurations, deterministic randomness management, and an extensible scenario engine, SmartBuildSim provides a transparent and lightweight alternative to high-fidelity building simulators. The framework offers a practical, reproducible testbed for smart-building AI research, bridging the gap between simplistic synthetic datasets and complex physical digital twins. All code, tables, figures, and a Google Colab workflow are openly available to ensure full replicability.				PubMed	https://pubmed.ncbi.nlm.nih.gov/41374638/
CHEMBL5947674	41374576	Semantic Adaptive Communication Based on Double-Attention Phase and Compress Estimator for Wireless Image Transmission.	2025				In existing semantic communication systems for image transmission, some images are generally reconstructed with considerably low quality and a high transmission rate. Driven by the imperative to effectively tackle these longstanding challenges, semantic communication has emerged as a critical technological advancement. In this work, we propose a Semantic Adaptive Communication (SAC) framework to transmit images with core information. Specifically, the proposed framework is composed of a Semantic Encoder (SE) and Semantic Decoder (SD), a Semantic Code Generator/Restore (SCG/SCR) module, a Compression Estimator (CE), a Channel State Information Acquisition (CSIA) module and a Wireless Channel. To fully capture both channel attention and spatial attention for semantic features, we design a Double-Attention Module (DAM) that operates alongside channel conditions, integrated into the SE and SD. Additionally, in order to predict the compress rate of the SAC, the CE works based on the channel condition and the recover quality. The experimental results demonstrate that the proposed SAC framework has a greater PSNR (increased by 0.5-2 dB) and accuracy value (91-93%), which indicate the SAC robustness, than traditional communication methods and other semantic communication algorithms in image transmission scenarios. In addition, the proposed framework achieves adaptive transmission rates with minimal sacrifice in recovery performance while enhancing the bandwidth utilization efficiency of the semantic communication system.				PubMed	https://pubmed.ncbi.nlm.nih.gov/41374576/
CHEMBL5947674	41374443	Current Status and Clinical Characteristics of Familial Hypercholesterolemia Patients in Korea: A Multicenter, Real-World Experience.	2025								PubMed	https://pubmed.ncbi.nlm.nih.gov/41374443/
CHEMBL5947674	41374142	Effect of Low Corrosion Levels on the Bond Performance of Lap-Splices in Reinforced Concrete Beams.	2025				The Korean Highway Bridge Design Code introduced requirements for sufficient tensile lap-splice lengths in 2005. Bridge piers designed before 2005 might not have enough tensile lap-splice length. In addition to that, old structures are susceptible to corrosion due to several environmental factors. Thus, to investigate the effect of lap-splice lengths on the bending behavior of the old piers, twelve reinforced concrete (RC) beams were fabricated with sufficient and insufficient tensile lap-splice length, electrochemically corroded and tested under bending. Six of these beams, with sufficient lap-splice lengths, failed in a ductile manner after reinforcement bar (rebar) yielding occurred, whereas the remaining six, with insufficient lap-splice lengths, failed in a brittle manner owing to lap-splice bond failure before rebar yielding. The tested low-corrosion (< 4% by mass) beams exhibited significantly higher load-carrying capacities than non-corroded counterparts tested in our previous study. These results correlated with previously reported results by other researchers, indicating that low corrosion levels do not critically compromise the flexural performance of RC piers. Nevertheless, piers featuring insufficient lap-splice lengths must be rehabilitated to ensure seismically sufficient ductile flexural behavior.				PubMed	https://pubmed.ncbi.nlm.nih.gov/41374142/
CHEMBL5947674	41374126	Linking Defect-Controlled Grain Growth and Band-Edge Optical Response in Chymosin-Assisted Pechini-Derived CeO	2025				We investigate how grain growth, strain relaxation, and vacancy chemistry shape the near-edge optical response of nanocrystalline CeO2-δ prepared by a chymosin-assisted Pechini route from nitrate-citrate precursors. Rietveld line-profile analysis shows that phase-pure CeO2-δ forms after calcination between 400 and 1000 °C. Over this range, the average crystallite size increases from ≈3.4 to ≈57 nm, while the microstrain decreases from 0.79% to 0.05%, with size-strain scaling consistent with interface-controlled grain growth that follows a normal growth law with exponent m=2 and activation energy Q≈155 kJ mol-1. Raman spectroscopy tracks the sharpening of the F2g mode and the fading of defect-related bands, X-ray photoelectron spectroscopy reveals a nonmonotonic evolution of the surface Ce3+ fraction and separates lattice from adsorbed oxygen species, and electron paramagnetic resonance detects vacancy-bound Ce3+ polarons that weaken at high temperature. Diffuse-reflectance UV-Vis spectra show a modest blue shift of the apparent band gap from Eg≈2.78 to 2.95 eV as crystallites coarsen, while the Urbach energy Eu follows the Ce3+ content and sub-gap tailing. The structural, spectroscopic, and optical results together map out a quantitative connection between grain growth, vacancy populations, and near-edge optical properties in CeO2-δ nanoparticles.				PubMed	https://pubmed.ncbi.nlm.nih.gov/41374126/
CHEMBL5947674	41373853	Trophoblast Function in Preeclampsia: Decoding the Mechanistic Roles of Coding and Non-Coding Genes.	2025				Preeclampsia (PE) is an obstetric disorder with significant risks to both maternal and fetal health, characterized by hypertension and multi-organ dysfunction. Central to its pathogenesis is the impaired differentiation and function of trophoblast cells, leading to abnormal placental development and defective uterine vascular remodeling. This dysfunctional placentation triggers a cascade of oxidative stress, systemic inflammation, and immune dysregulation, collectively exacerbating disease severity. The trophoblast regulates maternal-fetal interactions through complex and tightly controlled gene expression networks, in which non-coding RNAs such as microRNAs (miRNAs) and circular RNAs (circRNAs) play essential regulatory roles. Here, we summarize current findings on transcriptomic alterations associated with trophoblast anomalies in PE and discuss their potential translational applications. Understanding these molecular mechanisms may enhance early diagnosis, improve clinical outcomes, and pave the way for precision medicine and individualized therapeutic strategies in PE.				PubMed	https://pubmed.ncbi.nlm.nih.gov/41373853/
CHEMBL5947674	41373745	Human miRNAs in Cancer: Statistical Trends and Cross Kingdom Approach.	2025				MicroRNAs (miRNAs) are small non-coding RNAs that regulate gene expression post-transcriptionally and are frequently dysregulated in cancer. While most studies focus on individual miRNAs, global patterns and their potential cross-kingdom similarities remain underexplored. This study aims to identify statistically stable human miRNAs in cancer, their key target genes, and analyze sequence complementarity with plant miRNAs to highlight patterns for future research. Experimentally validated human miRNA-gene interactions from miRTarBase were integrated with TCGA expression data across multiple cancers. Using a nonlinear threshold (critical threshold III), 115 underexpressed and 93 overexpressed miRNAs were identified as regulators of 200 genes with the strongest dysregulation. Further, 10,898 plant miRNAs from 127 species were computationally compared to these human miRNAs, and average complementarity scores were calculated to identify plant miRNAs most similar to under- or overexpressed human miRNAs. Statistical parameters such as membership ratios and experiment counts quantified miRNA expression stability. Subsets of human miRNAs exhibited consistent over- or underexpression across cancers, with concordant target gene expression patterns. Several plant miRNAs showed higher complementarity to underexpressed human miRNAs, suggesting reproducible cross-kingdom sequence similarity patterns. Differences in complementarity were modest but systematic, providing a computational framework for prioritizing candidate miRNAs for further study. This work establishes a computational approach integrating human miRNA-gene interactions, cancer expression data, and plant miRNA sequences. It identifies statistically stable miRNAs, key target genes, and cross-kingdom sequence similarities without implying functional or therapeutic activity. The framework can guide future experimental studies in miRNA regulation, comparative genomics, and molecular evolution.				PubMed	https://pubmed.ncbi.nlm.nih.gov/41373745/
CHEMBL5947674	41373729	First-Principles Modeling of Nitazoxanide Analogues as Prospective PFOR-Targeted Antibacterials.	2025				"Pyruvate:ferredoxin oxidoreductase (PFOR) is a key Achilles' heel in anaerobic pathogens. We integrate electronic-structure calculations (DFT), cheminformatic QSAR metrics, and residue-resolved docking to distill a concise ""recognition code"" and translate it into practical design rules. Using nitazoxanide (Nita; ΔG"				PubMed	https://pubmed.ncbi.nlm.nih.gov/41373729/
CHEMBL5947674	41373712	Lytic or Latent Phase in Human Cytomegalovirus Infection: An Epigenetic Trigger.	2025				"Human cytomegalovirus (HCMV) is a herpesvirus (family) belonging to the beta herpesvirus subfamily that causes significant morbidity both in immunocompromised hosts (horizontal transmission) and during vertical transmission from mother to child. HCMV has the ability to establish a permanent latent infection with its host (even for decades), in which the DNA remains as a silent nuclear episome (latent phase) until reactivation after the appropriate conditions have occurred (lytic phase). The transition between the two phases (latent/lytic) is largely determined by the type of infected cell and the health status of the host, which ultimately corresponds to the epigenetic state of the infected cells. Lytic infection of the virus normally occurs in epithelial cells, endothelial cells, fibroblasts or macrophages, whereas the latent phase occurs when undifferentiated cells of the myeloid lineage, such as CD34+ hematopoietic progenitor cells, are infected. Epigenetic regulation of the viral genome begins with the formation of chromatin in the viral DNA just 30 min after infection and then evolves towards the latent or lytic phase. DNA viruses, including members of the herpesvirus family, are currently the subject of intense study regarding the role that epigenetics plays in controlling the viral life cycle, focusing primarily on the role of post-translational modifications (PTMs) of histones, as well as DNA methylation. Within the viral genome, nucleosomes are organized for the spatial/temporal expression of appropriate genes due to epigenetic modifications. Therefore, during the infection cycle, DNA chromatinization and chromatin modifications influence the expression of genes in the HCMV genome. This process is mediated by (i) enzymes called ""writers"", which catalyze PTMs by adding chemical groups to proteins (acetylation, methylation, etc.); (ii) recruitment of specific transcription factors called ""readers"", that bind to modified amino acid residues of proteins and act as interpreters of the PTM code; and (iii) ""erasers"", enzymes that remove these modifications (e.g., HDACs). Indeed, recent advances in understanding the chromatin-based mechanisms of viral infections offer some promising strategies for therapeutic intervention that could be particularly useful in immunosuppressed recipients of transplants to avoid allograft rejection and infection by other opportunistic pathogens. In this review, we comprehensively examine the epigenetic regulation of the HCMV genome across distinct phases of viral infection, with particular attention to recent studies that significantly enriched the current knowledge about molecular mechanisms and future therapeutic perspectives."				PubMed	https://pubmed.ncbi.nlm.nih.gov/41373712/
CHEMBL5947674	41373549	Exercise and Epigenetic Regulation in COPD: Current Evidence and Potential Mechanistic Pathways.	2025				Chronic obstructive pulmonary disease (COPD) remains a major global health burden, characterized by persistent airflow limitation, progressive lung tissue destruction, and systemic comorbidities. Conventional pharmacological therapies alleviate symptoms but have limited efficacy in halting disease progression. Epigenetic mechanisms, including DNA methylation, histone modifications, and non-coding RNAs, are increasingly recognized as important regulators of the inflammatory and oxidative pathways involved in COPD pathogenesis. Exercise is a cornerstone of pulmonary rehabilitation and consistently improves exercise capacity, symptoms, and systemic inflammatory markers in COPD. Emerging studies suggest that exercise is associated with changes in epigenetic regulators. This review summarizes current clinical and preclinical findings on how aerobic training, resistance exercise, and high-intensity interval training are linked to alterations in DNA methylation, histone marks, and non-coding RNA expression, and discusses the biological plausibility that these changes could influence COPD-related pathways such as antioxidant responses, protease and antiprotease balance, and inflammatory signaling. Critical gaps remain regarding tissue specificity, temporal dynamics, and causal mechanisms. Future research should prioritize longitudinal and mechanistic studies to clarify whether epigenetic responses contribute to the benefits of exercise in COPD and to assess their potential as biomarkers or therapeutic targets.				PubMed	https://pubmed.ncbi.nlm.nih.gov/41373549/
CHEMBL5947674	41373493	High Local and Systemic Expression of Pentraxin-3 in Anaplastic Thyroid Cancer.	2025				Chronic inflammation plays a key role in cancer pathogenesis. Aggressive thyroid cancer is associated with immune infiltration and systemic inflammation. Long pentraxin 3 (PTX3) is an inflammatory protein implicated in tumor progression. This study evaluates PTX3 plasma levels in patients with non-medullary thyroid cancer (TC) compared to benign thyroid disease and investigates its tissue expression. We prospectively included 55 TC patients: 42 papillary, 3 follicular, 4 oncocytic, 4 anaplastic (ATC), and 2 poorly differentiated (PDTC). The control group consisted of 32 patients with benign thyroid disease. PTX3 plasma concentrations were measured by ELISA, and tissue expression of PTX3 and CD68 was analyzed using immunohistochemistry. PTX3 plasma levels did not significantly differ between TC and controls, but patients with PDTC and ATC had markedly higher concentrations. Tissue analysis showed strong PTX3 expression in three of four ATC cases in tumor and stromal cells, whereas benign and differentiated thyroid tissues exhibited minimal staining. CD68 expression was positive in ATC, indicating tumor-associated macrophage infiltration, but a few cells were double-positive for PTX3 and CD68. Our findings suggest a possible association between PTX3 and aggressive TC, particularly ATC. Further studies are needed to validate these findings and elucidate the cellular origin and functional role of PTX3.				PubMed	https://pubmed.ncbi.nlm.nih.gov/41373493/
CHEMBL5947674	41373442	Urinary Multi-Omics Profiling Reveals Systemic Molecular Alterations in Progressive External Ophthalmoplegia.	2025				Advances in next-generation sequencing have significantly improved the molecular diagnosis of mitochondrial diseases (MDs), a group of heterogeneous neurogenetic disorders. However, progress in understanding their pathogenic mechanisms and translating this knowledge into effective therapies remains limited. Elucidating the molecular determinants of phenotypic variability in primary MDs is essential to uncover disease mechanisms and identify novel therapeutic targets. We investigated a cohort of eight adult patients with genetically confirmed Progressive External Ophthalmoplegia (PEO)-an extremely rare mitochondrial disorder-and compared them with eight age- and sex-matched healthy controls. A comprehensive multi-omics approach combining LC-MS/MS-based proteomics, UPLC-MS/MS-based metabolomics, ATR-FTIR spectroscopy, and chemometric multivariate analysis was employed to identify molecular alterations associated with mitochondrial dysfunction. Distinct proteomic and metabolic patterns related to energy metabolism were observed in PEO patients, correlating with their genetic background. Metabolomic analysis showed altered amino acid levels (seven statistically relevant) and disruptions in the metabolism of cysteine, methionine, and glutathione; proteomics finding (154 differentially expressed proteins) revealed dysregulation in extracellular matrix (ECM) organization and immune response pathways. This integrative analytical strategy offers new insights into the molecular complexity of PEO and mitochondrial disorders. The identification of disease-associated molecular signatures may enhance the understanding of pathogenic mechanisms and support the development of improved diagnostic and therapeutic approaches for MDs.				PubMed	https://pubmed.ncbi.nlm.nih.gov/41373442/
CHEMBL5947674		Bicycloheteroaryl-heteroaryl-benzoic acid compounds as retinoic acid receptor beta (RARβ) agonists	2020								ChEMBL	https://www.ebi.ac.uk/chembl/document_report_card/CHEMBL5727900/
CHEMBL4205733	29706423	Structure-based design of Trifarotene (CD5789), a potent and selective RARγ agonist for the treatment of acne.	2018							10.1016/j.bmcl.2018.04.036	ChEMBL	https://pubmed.ncbi.nlm.nih.gov/29706423/
CHEMBL132033	10669568	Syntheses and structure-activity relationships of 5,6,7, 8-tetrahydro-5,5,8,8-tetramethyl-2-quinoxaline derivatives with retinoic acid receptor alpha agonistic activity.	2000							10.1021/jm990063w	ChEMBL	https://pubmed.ncbi.nlm.nih.gov/10669568/
CHEMBL424190	11277515	Phenylcyclohexene and phenylcyclohexadiene substituted compounds having retinoid antagonist activity.	2001							10.1016/s0960-894x(01)00058-0	ChEMBL	https://pubmed.ncbi.nlm.nih.gov/11277515/
CHEMBL4210099	29706423	Structure-based design of Trifarotene (CD5789), a potent and selective RARγ agonist for the treatment of acne.	2018							10.1016/j.bmcl.2018.04.036	ChEMBL	https://pubmed.ncbi.nlm.nih.gov/29706423/
CHEMBL4217953	29706423	Structure-based design of Trifarotene (CD5789), a potent and selective RARγ agonist for the treatment of acne.	2018							10.1016/j.bmcl.2018.04.036	ChEMBL	https://pubmed.ncbi.nlm.nih.gov/29706423/
CHEMBL421773	8544175	Synthesis, structure-affinity relationships, and biological activities of ligands binding to retinoic acid receptor subtypes.	1995							10.1021/jm00026a006	ChEMBL	https://pubmed.ncbi.nlm.nih.gov/8544175/
CHEMBL82089		Application of the Heck reaction in the synthesis of truncated naphthoic acid retinoids	1996							10.1016/S0960-894X(96)00523-9	ChEMBL	https://www.ebi.ac.uk/chembl/document_report_card/CHEMBL1129721/
CHEMBL82089	8691435	Retinoic acid receptor beta,gamma-selective ligands: synthesis and biological activity of 6-substituted 2-naphthoic acid retinoids.	1996							10.1021/jm9502293	ChEMBL	https://pubmed.ncbi.nlm.nih.gov/8691435/
CHEMBL82089		Structural modifications of 6-naphthalene-2-carboxylate retinoids	1996							10.1016/S0960-894X(96)00524-0	ChEMBL	https://www.ebi.ac.uk/chembl/document_report_card/CHEMBL1159131/
CHEMBL3707313	41286546	Patient Insights on Acne Hyperpigmentation, Trifarotene, and Skincare: 6-Month, LEAP Phase 4 Qualitative Exit Interview Findings.	2025				Acne-induced hyperpigmentation (AIH) has a considerable impact on patients' quality of life (QoL). In the phase 4 LEAP trial, patients treated with the topical retinoid trifarotene showed faster improvement in AIH compared to patients treated with its vehicle cream (VC) at week (W) 12. This was a cross-sectional, blinded, qualitative interview study embedded in the phase 4 LEAP trial (NCT05089708), which assessed the safety and efficacy of trifarotene (50 μg/g) versus its VC in the treatment of acne. The study was conducted with a subsample of participants between June and November 2022 at a subset of nine clinical sites in the United States (US). Participants were adults (18-34 years) who were randomized to receive trifarotene (50 μg/g) or VC, along with a daily skincare regimen (moisturizer, cleanser, photoprotection). After confirming participants' end-of-treatment visit during W24, telephone interviews were conducted using a semi-structured interview guide. Participants' perspectives regarding baseline AIH symptoms, changes in AIH from baseline to W24, and treatment satisfaction were assessed and analyzed using thematic analysis in ATLAS.ti to better understand trends across trial arms. Thirty participants (n = 12 in the trifarotene group and n = 18 in the VC group) (mean [standard deviation {SD}] age, 24.8 [4.7] years; 80.0% male) were interviewed. At W24, more participants in the trifarotene group (100%) than the VC group (83.3%) reported an improvement in AIH and that the change was meaningful (91.7 and 83.3%, respectively). AIH severity change (mean [SD]) from baseline to W24 was higher in the trifarotene group (-5.5 [2.5]) than the VC group (-3.5 [2.1]). More participants in the trifarotene group (≥ 90%) than in the VC group (≥ 73%) reported a meaningful improvement in their emotional functioning, personal care/hygiene, and social life/relationships. Treatment satisfaction was higher in the trifarotene group (mean [SD] = 8.6 [2.1]) than in the VC group (mean [SD] = 7.6 [3.1]). All trifarotene-treated patients reported improvements in AIH and that their treatment expectations were met. Findings support that trifarotene plus a skincare regimen provides greater benefit in the improvement of AIH than its VC. However, VC plus a skincare regimen also appeared to improve patients' perceptions of their AIH.				PubMed	https://pubmed.ncbi.nlm.nih.gov/41286546/
CHEMBL3707313	41246967	Treatment of flat warts with trifarotene.	2025				This retrospective study explores the off-label use of trifarotene, a topical retinoid currently approved only for acne in individuals aged 12 years and older for the treatment of verrucae planae (flat warts). Our study included patients aged 3 to 45 years, demonstrating a high safety and tolerability profile due to the minimal systemic absorption of trifarotene. The therapy allowed for the rapid resolution of warts, avoiding invasive and potentially scarring treatments, particularly crucial for pediatric patients and young adults. These findings suggest that trifarotene may provide a cosmetically favorable and effective alternative for managing flat warts, warranting further investigation.				PubMed	https://pubmed.ncbi.nlm.nih.gov/41246967/
CHEMBL3707313	41227299	The Next Generation of Skin Care: Transforming Retinoid Therapeutics.	2025				Retinoids are central regulators of skin biology, influencing keratinocyte proliferation, differentiation, immune modulation, and barrier maintenance. Their therapeutic relevance has long been attributed to retinoic acid receptor (RAR)-mediated transcriptional activity; however, recent studies have revealed additional layers of regulation, including epigenetic modifications, kinase signaling networks, and interactions with the skin microbiome. These mechanisms not only refine our understanding of retinoid function but also inform strategies to overcome therapeutic limitations such as resistance, irritation, and systemic toxicity. Advances in medicinal chemistry have yielded synthetic retinoids with enhanced receptor selectivity, particularly for RAR-γ agonists such as trifarotene, as well as inhibitors of cytochrome P450-mediated retinoic acid metabolism, which sustain endogenous activity and mitigate resistance (DX314 and other RAMBAs). In parallel, the development of nanocarriers, stimuli-responsive gels, and other targeted delivery systems has improved drug stability, bioavailability, and tolerability. Together, these innovations underscore the evolving role of retinoid-based interventions in precision dermatology, providing opportunities to optimize treatment outcomes for acne, psoriasis, photoaging, and other dermatological disorders while addressing the shortcomings of earlier generations.				PubMed	https://pubmed.ncbi.nlm.nih.gov/41227299/
CHEMBL3707313	41108200	Segmental Lichen Planus Pigmentosus Successfully Treated With Picosecond Neodymium-Doped: Yttrium-Aluminium-Garnet Laser and Trifarotene in a Korean Patient.	2025				Lichen planus pigmentosus (LPP) is a rare variant of lichen planus that presents as hyperpigmented patches, most commonly in individuals with darker skin tones, and is difficult to treat effectively. We report a case of a 22-year-old Korean male with LPP who showed considerable improvement following combination therapy with trifarotene and a picosecond neodymium-doped yttrium-aluminium-garnet (Nd:YAG) laser. Considering the inherently variable clinical course of LPP and the challenges associated with its treatment, the combination of topical retinoids and picosecond Nd:YAG lasers appears to be a promising therapeutic approach.				PubMed	https://pubmed.ncbi.nlm.nih.gov/41108200/
CHEMBL3707313	40407483	Skin-Colored Papules on the Neck of a Postmenopausal Woman: A Diagnostic Challenge.	2025				A 64-year-old patient presented for management of symptomatic skin-colored papules symmetrically distributed over the lateral neck over the past two years, which failed to improve on multiple topical corticosteroids, antifungal creams, and topical calcineurin inhibitor. Histopathologic examination showed a regular epidermis with increased melanophages in the papillary dermis, without vacuolar degeneration of the basement membrane. Verhoeff Van Gieson stain highlighted a band-like zone of attenuated elastic fibers in the papillary dermis, while Von Kossa stain was negative for calcified fibers. PAS staining was negative for fungal organisms and Alcian blue showed no increase in dermal mucin.				PubMed	https://pubmed.ncbi.nlm.nih.gov/40407483/
CHEMBL3707313	40357949	Novel combination of oral dapsone and topical trifarotene in severe recalcitrant isotretinoin-resistant nodulocystic acne.	2025								PubMed	https://pubmed.ncbi.nlm.nih.gov/40357949/
CHEMBL3707313	40005604	Retinoids as Alternative Antifungal Agents Against 	2025								PubMed	https://pubmed.ncbi.nlm.nih.gov/40005604/
CHEMBL3707313	39984798	Recommendations to Improve Outcomes in Acne and Acne Sequelae: A Focus on Trifarotene and Other Retinoids.	2025				Acne vulgaris affects nearly 50 million people in the USA, ranking as the eighth most prevalent disease globally. This chronic inflammatory skin condition often results in sequelae, including atrophic acne scars, acne-induced macular erythema and acne-induced hyperpigmentation, impacting patients' quality of life. This commentary article reviews the use of topical retinoids, with a particular emphasis on trifarotene cream 0.005%, for managing both acne and acne sequelae. Topical retinoids are considered central to improving treatment outcomes because of their established efficacy, safety and tolerability. Adapalene, tretinoin and tazarotene have demonstrated efficacy in reducing acne and acne sequelae in several studies. Trifarotene has been extensively studied in Phase 3 trials, demonstrating notable success in treating mild-to-moderate acne. Recently, two large-scale, randomized, blinded, Phase 4 clinical trials investigated trifarotene cream 0.005% in patients with atrophic acne scarring and acne-induced hyperpigmentation across all Fitzpatrick phototypes. The START study found that there was a greater reduction in total atrophic acne scar count in the trifarotene group compared with the vehicle group at Week 24 (55.2% vs 29.9%) with statistical significance established as early as Week 2 (P = 0.001). Based on this evidence, we recommend that topical retinoids should be introduced as first-line therapy for the treatment of acne and acne sequelae. Retinoids should be implemented into a treatment routine as early as possible, especially for patients with darker Fitzpatrick phototypes or patients at risk of atrophic acne scarring. Furthermore, retinoids should be incorporated within a comprehensive skincare regimen that includes adequate photoprotection when treating patients with darker Fitzpatrick phototypes. Finally, management of acne and acne sequelae should include maintenance therapy with topical retinoids. This article supports the American Academy of Dermatology's call for acne sequelae treatment guidance and emphasizes the need for continued research to optimize patient care.				PubMed	https://pubmed.ncbi.nlm.nih.gov/39984798/
CHEMBL3707313	39786713	A Real-World Approach to Trifarotene Treatment in Patients with Acne and Acne Sequelae Based on the Experience of the Italian Acne Board.	2025				Acne and acne sequelae can have an important impact on patients' quality of life, affecting interpersonal relationships and social functioning. Acne-induced scars (AIS) and acne-induced macular hyperpigmentation (AIH), in particular, are a major concern for patients with acne, as their management is challenging and often unsatisfactory. Retinoids are considered the mainstay of acne treatment because of their action on multiple pathogenetic factors, and there is increasing evidence that they can also improve AIS and AIH. Trifarotene, a topical retinoid with selectivity for retinoic acid receptor (RAR)-γ, has undergone an extensive clinical development programme, demonstrating its efficacy in treating facial and truncal acne and improving acne sequelae. In this article, we review the main evidence supporting the use of trifarotene in patients with acne and acne sequelae and provide place-in-therapy suggestions based on the experience of the Italian Acne Board with this drug in real-life practice. Trifarotene can be used successfully, as monotherapy or in association with other treatments, in most clinical settings of acne, but it plays an essential role in patients with existing AIS and AIH, those with a clinical or personal history of scarring and those who are predisposed to AIH. Owing to its long-term efficacy and tolerability, trifarotene is also a good option as a maintenance treatment. As with other topical retinoids, patients undergoing trifarotene therapy should be given advice on how to minimise local irritation when starting treatment.				PubMed	https://pubmed.ncbi.nlm.nih.gov/39786713/
CHEMBL3707313	39578046	A Multimodal Approach to Acne-Induced Post-Inflammatory Hyperpigmentation: Trifarotene as a Long-Term Intervention.	2024				Acne vulgaris, caused by pathophysiological processes at the pilosebaceous unit, is among the most common chronic dermatological disorders. Acne sequelae, including scarring and dyspigmentation, are common, and are often more distressing to patients than active acne lesions, reinforcing the importance of prevention and effective treatment. Trifarotene, a novel fourth generation retinoid selective for retinoid acid receptor gamma, is approved for the management of moderate-to-severe facial and truncal acne, with recent data supporting its efficacy in acne-induced hyperpigmentation. The purpose of this paper is to review treatment modalities for post-inflammatory hyperpigmentation and present trifarotene as a novel, evidence-based topical option.				PubMed	https://pubmed.ncbi.nlm.nih.gov/39578046/
CHEMBL3707313	39551973	One Acne™: A holistic management approach to improve overall skin quality and treatment outcomes in acne with or without sensitive skin.	2025				Acne and sensitive skin can take a profound toll on patients' well-being, which can be exacerbated if the conditions are experienced together. This narrative review aims to identify appropriate treatments to facilitate a holistic management approach to acne (One Acne™), sensitive skin, and acne-induced sequelae and describe the role of treatments in improving skin quality. Topical retinoids are considered the preferred first-line option for acne treatment by dermatologists, either as monotherapy or in combination with other treatments, because of their ability to target various aspects of the disease. Tretinoin, trifarotene, adapalene, and tazarotene have all been assessed in clinical studies for managing acne-associated scarring, with varying success, with the latter three reported to improve skin quality. Moreover, some corrective procedures, e.g., injectable non-animal stabilized hyaluronic acid (NASHA) fillers, have proven effective for treating acne scarring. Both treatment types may complement each other to provide optimal treatment outcomes and patient satisfaction, as observed in several patients receiving concomitant treatment with NASHA fillers/topical trifarotene. Adjunctive use of cleansers, moisturizers, and photoprotection-containing ingredients such as vitamin B3, glycerin, or pro-vitamin B3 may also complement drug/corrective treatments to reduce skin irritation and risk of scarring, as well as improve skin hydration, tone, and overall appearance. This narrative review highlights that comprehensive skincare regimens should be used throughout acne patients' journeys to reduce treatment-related irritation, improve treatment outcomes, adherence, and satisfaction, and enhance overall skin quality. Patients with sensitive skin should choose tailored skincare products to maintain skin barrier integrity and restore skin function.				PubMed	https://pubmed.ncbi.nlm.nih.gov/39551973/
CHEMBL3707313	39542558	Innovations in Acne.	2025				Although many treatments are available for acne, these can be limited by lack of effectiveness, patient tolerance and adherence, and accessibility. This review provides a comprehensive summary of the latest developments in acne management, exploring a range of topical, systemic, and procedural treatments. The mechanisms of action, pivotal trial data, and potential role in clinical practice are reviewed for emerging therapies such as 1726 nm laser, sarecycline, clascoterone, trifarotene, minocycline foam, and fixed-dose combination topicals. The clinical pipeline is also summarized. In addition, opportunities to improve the patient experience with spironolactone and isotretinoin are discussed.				PubMed	https://pubmed.ncbi.nlm.nih.gov/39542558/
CHEMBL3707313	39420562	An update on the pharmacological management of acne vulgaris: the state of the art.	2024				Acne vulgaris is a chronic inflammatory disease of the pilosebaceous unit that affects approximately 9.4% of the global population. Current treatment strategies aim to target as many pathogenic factors involved in the appearance of acne lesions and are centered on a systematic treatment escalation based on disease severity, extension, and treatment response, starting with topical treatments for mild cases and progressing over to systemic therapies in more severe cases. A literature search, which included clinical guidelines, clinical studies, and review articles on acne treatment and maintenance, was conducted to review the pharmacological approaches currently available to treat this disease. Topical therapies such as topical retinoids, benzoyl peroxide, azelaic acid, salicylic acid, topical antibiotics, and clascoterone, as well as systemic treatments such as oral antibiotics and isotretinoin are discussed in detail. Combined oral contraceptives and spironolactone will not be discussed in this article. There is a need for a blockbuster acne drug that simultaneously targets the four main pathogenic factors involved in the appearance of acne lesions while presenting with minimal side effects. Until such a drug exists, combination therapy will remain the standard of treatment for most acne patients.				PubMed	https://pubmed.ncbi.nlm.nih.gov/39420562/
CHEMBL3707313	39279528	Trifarotene alleviates skin photoaging injury by inhibition of JNK/c-Jun/MMPs.	2024				Long-term exposure to ultraviolet (UV) radiation induces skin photoaging, which manifests as oxidative stress, inflammation, and collagen degradation. Multiple approaches (topical or systemic retinoids, antioxidants, alpha-hydroxy acids, laser, surgery) are used in the treatment of photoaged skin, and the use of topical retinoids is currently a primary clinical treatment. Previous studies revealed that retinoic acid promotes keratinocyte proliferation and reduces melanin deposition and matrix metalloproteinase (MMP) secretion; it also causes potential allergic and inflammatory damage to the skin. This study aimed to investigate the therapeutic effects and mechanisms of trifarotene, a functional retinoic acid analog, on UV-irradiated photoaging ICR and BALB/c nude mice and UVB photodamaged human epidermal keratinocyte (HaCaT) cells by examining indicators such as collagen, oxidoreductase, and inflammatory factor presence through histochemical staining, Western blot, and ELISA. Results suggested that trifarotene significantly reduced UV-induced photoaging in mouse skin tissue, potentially by reducing oxidative stress damage and inflammatory factor release, and inhibiting melanin deposition and collagen degradation by downregulating MMP expression. Concentrations of malondialdehyde, tyrosinase, interleukin-6, interleukin- 12, and tumor necrosis factor-alpha in photoaged skin decreased, while SOD content in photodamaged HaCaT cells significantly increased. Trifarotene (3.3 μmol L-1) inhibited phosphorylated JNK and c-Jun expression both independently and collaboratively with the JNK activator anisomycin, demonstrating that trifarotene mitigates UV-induced collagen degradation and apoptosis through inhibition of the JNK/c-Jun/MMPs signaling pathway.				PubMed	https://pubmed.ncbi.nlm.nih.gov/39279528/
CHEMBL3707313	39219884	Role of Trifarotene in the Management of Acne in Indian Patients: Insights From an Indian Dermatology Experts' Meeting.	2024				Acne vulgaris, a prevalent inflammatory skin condition, significantly impacts individuals worldwide, particularly adolescents and adults. Its chronic nature, associated sequelae, and psychosocial impact underscore the substantial burden it poses. Current treatment guidelines primarily address facial acne, with limited guidance on managing truncal acne. Personalized approaches are increasingly recognized as essential for tailoring treatments to individual patient needs. This review integrates insights from an Indian Dermatology Experts' Meeting, featuring perspectives from nine leading dermatologists. Discussions centered on analyzing acne's burden, its effects on quality of life (QoL), unmet needs in management, trifarotene's role in Indian therapy, anticipated challenges, and the importance of ancillary care. The experts highlighted acne's profound impact on patients' QoL and identified gaps in current management guidelines, especially concerning truncal acne. Trifarotene, a fourth-generation topical retinoid approved by the FDA and Drug Controller General of India (DCGI) for facial and truncal acne, demonstrated safety and efficacy across age groups. This synthesis of expert perspectives underscores the need for personalized acne management. Trifarotene emerges as a promising therapeutic option but challenges remain, particularly in optimizing ancillary care to minimize treatment-related adverse effects. Addressing these issues will enhance treatment outcomes and patient satisfaction in acne management, emphasizing the importance of tailored approaches in clinical practice.				PubMed	https://pubmed.ncbi.nlm.nih.gov/39219884/
CHEMBL3707313	38963911	An Overview on the Management of Atrophic Acne Scars: The Role of Trifarotene as an Adjunct.	2024				Acne vulgaris is a common, often chronic inflammatory disease that can affect all ages and skin tones. Beyond acute lesions, the sequelae of acne - specifically scarring and dyspigmentation - can be long-lasting, challenging to treat and have substantial psychosocial impact on affected individuals. For acne scarring, treatment modalities include topical, physical, and laser and light therapies, with combination approaches typically yielding optimal outcomes. Trifarotene is a novel fourth generation retinoid with targeted action towards retinoid acid receptor gamma (RAR-γ), the most common isotype found in the epidermis, that has previously been approved for the management of moderate-to-severe facial and truncal acne in individuals over the age of 12 years. Recently, data on trifarotene supports its application in acne scarring. Herein, we provide a succinct review on various treatments for acne scarring and explore how trifarotene and its mechanism of action present an additional topical approach to target atrophic acne scarring.				PubMed	https://pubmed.ncbi.nlm.nih.gov/38963911/
CHEMBL3707313	38910889	Exploring the role of trifarotene against RAR-α: an investigation of expression pattern and clinicopathological significance of RAR-α in breast cancer.	2024				The members retinoic acid receptors (RARs) (α, β, and γ) and retinoid X receptors (RXRs) (α, β, and γ) belong to the retinoid receptor family. They regulate the biological action of classical retinoids through nuclear retinoid receptors, a transcription factor that is regulated by ligands. Through the binding of particular retinoic acid-responsive elements (RAREs) located in target gene promoters, RARs and members of the RXRs form heterodimers. By binding to its nuclear receptors and triggering the transcription of the target genes downstream, retinoic acid (RA) mediates the expression of certain genes. Retinoids so mainly control gene expression to carry out their biological actions. RARs are essential for many biological processes, such as development, immunity, reproduction, organogenesis, and homeostasis. Apart from their physiological functions, RARs are also linked to pathologies and tumors due to mutations, protein fusions, changes in expression levels, or abnormal post-translational changes that lead to aberrant functions and homeostasis breakdown. The oncogenic development of animal tissues or cultured cells is linked to altered expression of retinoid receptors. The RAR-α is over-expressed in several malignancies. Increased invasion and migration in several cancer forms, including HNSC carcinoma, pediatric low-grade gliomas, lung adenocarcinoma, and breast cancer, have been linked to its upregulated expression. Numerous approved therapeutic regimens targeting RAR-α have been developed, improving patient survival rates. This study's main objective was to identify novel RAR-α-targeting drugs and evaluate the expression patterns of RAR-α in breast cancer patients.  Our research indicates that RAR-α is upregulated in several malignancies including Breast Cancer. It regulates granulocyte differentiation and has an association with the retinoic acid receptor signaling pathway and cellular response to estrogen stimulus. Furthermore, trifarotene was found as a potential synthetic compound that targets RAR-α through  Overall, this research indicates that elevated expression of RAR-α enhances the onset of breast cancer. Using trifarotene medication to target RAR-α will significantly boost the response of breast cancer individuals to treatment and delay the development of resistance to drugs.				PubMed	https://pubmed.ncbi.nlm.nih.gov/38910889/
CHEMBL3707313	38733511	Comparison of the Efficacy of Clascoterone, Trifarotene, and Tazarotene for the Treatment of Acne: A Systematic Literature Review and Meta-Analysis.	2024				Acne vulgaris, a chronic inflammatory condition, is associated with significant physical and psychosocial burden. Since 2019, three new topical agents for acne vulgaris have been approved in the USA and Canada. We performed a systematic review and meta-analysis to compare the efficacy between twice-daily clascoterone cream 1%, once-daily trifarotene 0.005% cream, and once-daily tazarotene 0.045% lotion for acne treatment. Randomized controlled trials (RCTs) comparing clascoterone, trifarotene, or tazarotene with vehicle in patients with moderate-to-severe acne were identified from a systematic literature review and included in a meta-analysis. Primary outcomes were percentage reduction in inflammatory and noninflammatory lesion count (ILC and NILC, respectively) and treatment success rate (≥ 2-grade improvement in Investigator's Global Assessment or Evaluator's Global Severity Score and a rating of clear or almost clear) at week 12. DerSimonian and Laird random-effects models with the inverse variance method were used to calculate the mean difference (MD) for percentage reduction in ILC and NILC, and odds ratios (ORs) for the rate of treatment success. Six Phase 3 RCTs were included in the meta-analysis. The analyses showed robust differences favoring the interventions for ILC (MD: - 11.5; 95% confidence interval [CI]: - 14.39, - 8.62), NILC (MD: - 12.25; 95% CI: - 15.21, - 9.29), and treatment success rate (OR: 2.14; 95% CI: 1.81, 2.53). No differences were observed between clascoterone, trifarotene, and tazarotene for ILC (MD: - 12.8, - 11.2, and - 10.1, respectively), NILC (MD: - 11.6, - 13.9, and - 12.8, respectively), or treatment success rate (OR: 2.9, 1.9, and 2.1, respectively (all P > 0.05). No significant differences in efficacy were observed between clascoterone, trifarotene, and tazarotene after 12 weeks of treatment in patients with moderate-to-severe acne. Differences in application frequency and safety profile should also be taken into consideration when making treatment decisions.				PubMed	https://pubmed.ncbi.nlm.nih.gov/38733511/
CHEMBL3707313	38698672	Trifarotene-based holistic management of acne.	2024								PubMed	https://pubmed.ncbi.nlm.nih.gov/38698672/
CHEMBL3707313	38685118	Importance of treating acne sequelae in skin of color: 6-month phase IV study of trifarotene with an appropriate skincare routine including UV protection in acne-induced post-inflammatory hyperpigmentation.	2024				Acne-induced hyperpigmentation (AIH) may accompany acne vulgaris (AV) inflammation in all skin phototypes. Trifarotene has shown depigmenting properties in vivo. This study evaluated trifarotene plus skincare because it is increasingly recognized that holistic AV management should include skincare and treatments. This is a phase IV double-blind, parallel-group study of patients (13-35 years) with moderate AV and AIH treated with trifarotene (N = 60) or vehicle (N = 63) plus skincare regimen (moisturizer, cleanser, and sunscreen) for 24 weeks. Assessments included the AIH overall disease severity (ODS) score, post-AV hyperpigmentation index (PAHPI), exit interviews, photography, and acne assessments. Standard safety assessments were included. Trifarotene 50 μg/g cream improved significantly from baseline in ODS score versus vehicle (-1.6 vs. -1.1, P = 0.03) at Week 12, but scores were comparable between groups at Week 24 (primary endpoint). Trifarotene had a better reduction in PAHPI score at Week 24 (-18.9% vs. -11.3% vehicle, P < 0.01). Lesion count reductions were higher with trifarotene at Week 12 versus vehicle (P < 0.001) and at Week 24 (P < 0.05), as were IGA success rates versus vehicle at Weeks 12 (P < 0.05) and 24 (P < 0.05). Patients agreed that the skincare regimen contributed to less irritation, making treatment adherence easier. Photography showed improvements in pigmentation and erythema across all skin types. AEs were more common in the vehicle group versus trifarotene (30.2 vs. 16.7%, respectively). In all skin phototypes, there was more rapid improvement in the ODS and PAHPI scores with trifarotene by Weeks 12 and 24, respectively. The combination of trifarotene and skincare correlated with high patient satisfaction and adherence to the treatment protocol.				PubMed	https://pubmed.ncbi.nlm.nih.gov/38685118/
CHEMBL3707313	38643368	A review of the topical management of acne and its associated sequelae in the Asia-Pacific region with a spotlight on trifarotene.	2024				Acne, a highly prevalent skin disease, can be particularly bothersome for patients of Asian background because of its impact on self-confidence and social interactions. In addition to active acne lesions, some patients may develop sequelae such as scarring, macular/postinflammatory hyperpigmentation, or erythema. The tendency of Asian skin to develop sequelae because of its increased susceptibility to irritation, cultural preferences for lighter skin phototypes, and differences in skincare regimens may all contribute to the increased burden of acne. Moreover, many Asia-Pacific countries do not have their own guidelines for acne management, and those that do often have no schedule in place for regular updates. In this article, we provide a critical review of the published guidance for the management of acne and its sequelae in the Asia-Pacific region, identifying gaps in current recommendations that could be addressed to enhance standards of acne care in Asia-Pacific countries. Along with highlighting the importance of a comprehensive skincare regimen to increase treatment efficacy and adherence, we discuss topical retinoids and retinoid combination options in the acne armamentarium that may be beneficial for sequelae prevention and management, such as adapalene 0.3% ± benzoyl peroxide 2.5%, tretinoin 0.05%, tazarotene 0.1%, and trifarotene 0.005%. In particular, trifarotene 0.005% has been observed to significantly reduce acne scar counts in a Phase 4 study. The recent data highlight the need to establish up-to-date guidance for acne and acne sequelae management in Asia-Pacific countries to provide optimal care to Asian patients.				PubMed	https://pubmed.ncbi.nlm.nih.gov/38643368/
CHEMBL3707313	38468210	Retinoids and Risk: A FAERS Database Study of Topical Retinoids.	2024								PubMed	https://pubmed.ncbi.nlm.nih.gov/38468210/
CHEMBL3707313	38300170	Guidelines of care for the management of acne vulgaris.	2024				Acne vulgaris commonly affects adults, adolescents, and preadolescents aged 9 years or older. The objective of this study was to provide evidence-based recommendations for the management of acne. A work group conducted a systematic review and applied the Grading of Recommendations, Assessment, Development, and Evaluation approach for assessing the certainty of evidence and formulating and grading recommendations. This guideline presents 18 evidence-based recommendations and 5 good practice statements. Strong recommendations are made for benzoyl peroxide, topical retinoids, topical antibiotics, and oral doxycycline. Oral isotretinoin is strongly recommended for acne that is severe, causing psychosocial burden or scarring, or failing standard oral or topical therapy. Conditional recommendations are made for topical clascoterone, salicylic acid, and azelaic acid, as well as for oral minocycline, sarecycline, combined oral contraceptive pills, and spironolactone. Combining topical therapies with multiple mechanisms of action, limiting systemic antibiotic use, combining systemic antibiotics with topical therapies, and adding intralesional corticosteroid injections for larger acne lesions are recommended as good practice statements. Analysis is based on the best available evidence at the time of the systematic review. These guidelines provide evidence-based recommendations for the management of acne vulgaris.				PubMed	https://pubmed.ncbi.nlm.nih.gov/38300170/
CHEMBL3707313	38294764	Drugs for acne.	2024								PubMed	https://pubmed.ncbi.nlm.nih.gov/38294764/
CHEMBL3707313	38216821	Correction: Trifarotene Reduces Risk for Atrophic Acne Scars: Results from A Phase 4 Controlled Study.	2024								PubMed	https://pubmed.ncbi.nlm.nih.gov/38216821/
CHEMBL3707313	37838987	Trifarotene Reduces Risk for Atrophic Acne Scars: Results from A Phase 4 Controlled Study.	2023				Atrophic acne scarring often accompanies acne vulgaris. The efficacy of topical retinoids for treatment of acne is well documented; however, evidence for use in atrophic acne scars is limited. In this randomized, split-face, double-blind study, subjects (age: 17-34 years, N = 121) with moderate-to-severe facial acne, with acne scars present, were treated with either trifarotene 50 μg/g or vehicle once daily for 24 weeks. Efficacy was assessed by absolute and percent change from baseline in atrophic acne scar counts, Scar Global assessment (SGA), and IGA success rates as well as acne lesion counts. At week 24, a statistically significantly greater reduction in the mean absolute change from baseline in the total atrophic scar count was noted in the trifarotene- vs vehicle-treated area (- 5.9 vs - 2.7; p < 0.0001) with differences between sides noted as early as week 2 (- 1.5 vs - 0.7; p = 0.0072). The SGA success rate was higher in the trifarotene side at week 12 (14.9% vs 5.0%, P < 0.05) and improved through week 24 (31.3% vs 8.1%, P < 0.001). Similarly, at week 24, the IGA success rate was higher with trifarotene (63.6% vs 31.3%, P < 0.0001) along with reductions in total (70% vs 45%) and inflammatory (76% vs 48%) lesion counts. The incidence of treatment-emergent adverse events was 5.8% (trifarotene) and 2.5% (vehicle); most common (> 1%) was skin tightness (1.7% vs 0.8%), and all events were mild to moderate in severity. Trifarotene was effective and well tolerated in treating moderate-to-severe facial acne and reducing atrophic acne scars, with reduction of total atrophic scar count as early as week 2. Clinicaltrials.gov NCT04856904.				PubMed	https://pubmed.ncbi.nlm.nih.gov/37838987/
CHEMBL3707313	37340535	Acne characteristics in Latin American patients and the potential role of trifarotene.	2023				Individualization of treatment based on acne type and severity, location, disease burden, and patient preference is required to maximize efficacy, safety, and adherence to therapy. Latin American populations have unique attributes that must be considered as part of this process to improve clinical success and achieve patient goals. Acne is more common among patients with darker skin phototypes, in whom it is often associated with postinflammatory hyperpigmentation and scarring-the most important acne sequelae-potentially due to more frequent and more severe underlying inflammatory processes in this population. These data argue for an early and proactive approach to managing acne in these patients with agents that target the inflammatory processes that underlie acne and its sequelae. As a class, retinoids offer a spectrum of activity that may be useful in addressing the unique needs of Latin American populations. Trifarotene, a novel, selective retinoid, has been evaluated in relevant patient populations.				PubMed	https://pubmed.ncbi.nlm.nih.gov/37340535/
CHEMBL3707313	37256372	Repurposing CD5789 as an Antimicrobial Agent Against MRSA and Its High Resistant Phonotypes.	2023				Methicillin-resistant Staphylococcus aureus (MRSA) poses a great threat to human health, and the formation of biofilm and persister cells make the situation even worse. Drug repurposing is an effective way to solve this problem by shortening the drug development times and reducing the research costs. In this study, CD5789 (trifarotene), a fourth-generation retinoid to be approved by the FDA in 2019 for the topical acne vulgaris regimens, was exhibited antimicrobial activity against MRSA type strains and its clinical isolates with the minimal concentration (MIC) of 2-4 μg/mL and 4-16 μg/mL, respectively, in a dose-dependent manner. By crystal violet staining, we found that CD5789 could inhibit the biofilm formation by MRSA and could further eradicate the pre-formed biofilm at the concentration of 8 μg/mL. By checkerboard dilution assay, sub-MIC of CD5789 showed synergistic antimicrobial effects with sub-MIC of gentamycin against MRSA type strains as well as clinical isolates. In addition, CD5789 also exhibited effective bactericidal activity against MRSA persister cells at the concentration of 8 ~ 16 μg/mL. Extremely low cytotoxicity of CD5789 was observed by CCK-8 assay indicated the well tolerability to human body. In all, CD5789 has the potential to be an alternative for the treatment of refractory MRSA-related infections.				PubMed	https://pubmed.ncbi.nlm.nih.gov/37256372/
CHEMBL3707313	37133474	Sequential Treatment With Topical Trifarotene and Injectable NASHA Gel in Acne Scars: A Case Series.	2023				Topical retinoids are a mainstay in acne management and have been shown to improve skin texture. Injectable non-animal stabilized hyaluronic acid (NASHATM) gel as skin booster is largely used in aesthetic treatments to improve skin quality including the appearance of atrophic acne scars. To evaluate a new sequential treatment with topical trifarotene and injectable skin booster NASHA gel in acne scars. 10 patients between 19 and 25 years (3 males and 7 females) with previous moderate to severe acne vulgaris on the face with the outcome of atrophic and post-inflammatory slightly hyperpigmented scars were prescribed home short contact therapy (SCT) with topical trifarotene 50 &mu;g/g at the evening for 3 months. A proper skincare routine for sensitive skin was also recommended. The 3-month retinoid therapy was followed by an injectable medical procedure with NASHA gel 20 mg/ml as skin booster. A minimum of 3 sessions to 10 sessions were carried out according to the severity of acne scars and the skin response observed. Adherence to the treatment was complete and the results evaluated by digital photography showed very effective results with high clinical improvement or almost complete resolution of atrophic acne scars. The results observed in this case series show that the sequential treatment with topical trifarotene and injectable NASHA gel as skin booster can be effective in the progressive reduction of acne scarring, potentially related to a synergic effect of skin remodeling and collagen stimulation. J Drugs Dermatol. 2023;22(5): doi:10.36849/JDD.7630.				PubMed	https://pubmed.ncbi.nlm.nih.gov/37133474/
CHEMBL3707313	37060202	Case series of acanthosis nigricans treated with topical trifarotene cream.	2023								PubMed	https://pubmed.ncbi.nlm.nih.gov/37060202/
CHEMBL3707313	36964229	Structural requirement of RARγ agonism through computational aspects.	2023				RARγ is a therapeutic target for many skin diseases and has potential in cancer treatment. In the current study, we put forward a comprehensive structure-activity relationship study of third and fourth generations of RARγ agonists, addressing multiple crystal structures of RARγ complexes and approved drugs. Adapalene and Trifarotene, through hybrid strategies including protein contacts Atlas analysis, molecular docking, dynamics simulations, MM-GBSA, ASM, and pharmacophore modeling. Our result revealed crucial amino acids Arg267, Ser278, Phe288, Phe230, Met272, Leu271, and Leu268 within the RARγ pocket, as well as pharmacophore features such as two hydrophobic groups, two aromatic rings, and negative ionic features, which are essential for the binding of RARγ agonists. Based on this study, the binding mechanism of RARγ agonists was elucidated, which will be helpful for the rational design of new RARγ agonists for skin diseases and cancer treatment. In this study, Schrödinger suite 2021-2 with OPLS_4 force field, Discovery Studio program 3.0, LigandScout 4.3, and PyMOL are utilized in the investigation.				PubMed	https://pubmed.ncbi.nlm.nih.gov/36964229/
CHEMBL3707313	36927117	Management of Acne Vulgaris With Trifarotene.	2023				Topical retinoids have an essential role in treatment of acne. Trifarotene, a topical retinoid selective for retinoic acid receptor (RAR) γ, is the most recent retinoid approved for treatment of acne. RAR-γ is the most common isoform of RARs in skin, and the strong selectivity of trifarotene for RAR-γ translates to efficacy in low concentration. Trifarotene, like other topical retinoids, acts by increasing keratinocyte differentiation and decreasing proliferation, which reduces hyperkeratinization. Retinoids have also been shown to inhibit inflammatory pathways via effects on leukocyte migration, toll-like receptors, and Activator Protein (AP)-1. Large-scale randomized, controlled clinical trials have demonstrated trifarotene to be safe, well tolerated, and efficacious in reducing both comedones and papules/pustules of acne. However, unlike all other retinoids, trifarotene is the first topical retinoid with rigorous clinical data on safety and efficacy in truncal acne. Data supporting use of trifarotene to manage acne are reviewed in this publication.				PubMed	https://pubmed.ncbi.nlm.nih.gov/36927117/
CHEMBL3707313	36622889	Low irritation potential of tazarotene 0.045% lotion: Head-to-head comparison to adapalene 0.3% gel and trifarotene 0.005% cream in two studies.	2023				Irritation with topical retinoids presents a significant impediment to acne treatment adherence. Two studies assessed the irritation potential of tazarotene 0.045% lotion versus adapalene 0.3% gel and trifarotene 0.005% cream. In two double-blind, 12-day modified cumulative irritation patch studies, healthy adults (N = 20 each) had two active patches, containing 0.1 cc of tazarotene 0.045% lotion and either adapalene 0.3% gel (Study 1) or trifarotene 0.005% cream (Study 2), and one control patch (no product) placed on their upper back. Skin irritation was assessed and patches were replaced every 2-3 days. In Study 1, tazarotene 0.045% lotion and adapalene 0.3% gel were both mildly irritating, though irritation was lower overall with tazarotene 0.045% lotion. In Study 2, significantly greater irritation was observed with trifarotene 0.005% cream than tazarotene 0.045% lotion, beginning two days after the first patch application and at each subsequent visit. In sub-analyses of data from both studies, irritation among participants with acne was similar to the overall study populations. In two head-to-head studies comparing the irritation potential of third- and fourth-generation retinoids, tazarotene 0.045% lotion was significantly less irritating than trifarotene 0.005% cream and numerically less irritating than adapalene 0.3% gel.				PubMed	https://pubmed.ncbi.nlm.nih.gov/36622889/
CHEMBL3707313	36531325	Biphenyls in Clusiaceae: Isolation, structure diversity, synthesis and bioactivity.	2022				Clusiaceae plants contain a wide range of biologically active metabolites that have gotten a lot of interest in recent decades. The chemical compositions of these plants have been demonstrated to have positive effects on a variety of ailments. The species has been studied for over 70 years, and many bioactive compounds with antioxidant, anti-proliferative, and anti-inflammatory properties have been identified, including xanthones, polycyclic polyprenylated acylphloroglucinols (PPAPs), benzophenones, and biphenyls. Prenylated side chains have been discovered in many of these bioactive substances. To date, there have been numerous studies on PPAPs and xanthones, while no comprehensive review article on biphenyls from Clusiaceae has been published. The unique chemical architectures and growing biological importance of biphenyl compounds have triggered a flurry of research and interest in their isolation, biological evaluation, and mechanistic studies. In particular, the FDA-approved drugs such as sonidegib, tazemetostat, daclatasvir, sacubitril and trifarotene are closely related to their biphenyl-containing moiety. In this review, we summarize the progress and development in the chemistry and biological activity of biphenyls in Clusiaceae, providing an in-depth discussion of their structural diversity and medicinal potential. We also present a preliminary discussion of the biological effects with or without prenyl groups on the biphenyls.				PubMed	https://pubmed.ncbi.nlm.nih.gov/36531325/
CHEMBL3707313	36468963	SUPPLEMENT INDIVIDUAL ARTICLES: Update on Truncal Acne: A Review of Treatments for a Neglected Disease and the Re-Emergence of Tazarotene.	2022				Acne vulgaris of the trunk carries with it a major psychosocial impact and an unmet need for adequate management. Approximately 50% of patients with facial acne also exhibit involvement of the back, chest, and/or upper arms. The trunk poses a therapeutic challenge given its occlusion by clothing, the tendency for mechanical rubbing, a sebum physiology that differs from the face, as well as the fact that there is a large surface area for topical therapies to cover. Furthermore, truncal acne is underreported for a variety of reasons such as cultural barriers, sentiments of embarrassment, and prioritization of facial acne. To date, few medications have been studied specifically for truncal acne. In this article, an updated review of truncal acne and available therapies is provided. The most recent evidence for tazarotene, a third-generation retinoid previously approved for psoriasis and facial acne vulgaris over two decades ago, is also reviewed and compared to trifarotene, a fourth-generation retinoid that is the only approved tropical retinoid for both facial and truncal acne. J Drugs Dermatol. 2022;21:12(Suppl):s5-14.				PubMed	https://pubmed.ncbi.nlm.nih.gov/36468963/
CHEMBL3707313	36382170	Erratum: Trifarotene for acne [Correction].	2022				[This corrects the article DOI: 10.18773/austprescr.2021.033.].				PubMed	https://pubmed.ncbi.nlm.nih.gov/36382170/
CHEMBL3707313	36301760	Novel and emerging treatment options for acne vulgaris.	2022				The principal actors in acne are the sebaceous gland, keratinocytes of the follicle and skin microbiome/innate immunity. Current acne treatments are frequently accompanied by side effects or may cause antibacterial resistance. New formulations and emerging treatments with novel mechanisms of action and improved formulations have recently been made available or are currently under development. This review provides an update on the most recent advances in topical or systemic acne therapy related to recent data on the pathophysiology of acne. A review of the most recent literature about new and emerging acne treatments since 2016 listed in the PubMed and Clinicaltrials.gov database was performed by a group of dermatologists interested in acne (GEA). Several novel treatments have been made available or are currently under development, including Clascosterone, Trifarotene and Sarecy-cline, as well as more effective and better tolerated formulations of existing compounds, such as Minocycline, Tretinoin, Tazarotene and Lidose-isotretinoin, and emerging acne therapies (including hyaluronic acid, cannabidiol, modulators of the skin microbiota, insulin-like growth factor, vaccines, bacteriophages, probiotics and antimicrobial peptides), targeting the sebaceous gland and its activity, inflammation or keratinocytes of the follicle and skin microbiome including Cutibacterium acnes. Recently, in addition to other fixed combinations, a fixed combination of adapalene and benzoyl peroxide that targets acne scars has been made available for the first time. The newly available products and other potentially emerging treatment options will increase the armamentarium of acne therapies and potentially reduce its prevalence worldwide.				PubMed	https://pubmed.ncbi.nlm.nih.gov/36301760/
CHEMBL3707313	35994159	Trifarotene 0.005% Cream in the Treatment of Facial and Truncal Acne Vulgaris in Patients with Skin of Color: a Case Series.	2022				The clinical appearance of acne vulgaris (AV) and the response to therapeutic agents may vary in people with skin of color (SoC) compared with those with lighter skin types. Given the heightened potential for postinflammatory hyperpigmentation and keloid development, effective and timely AV treatment in patients with SoC is especially important. However, these patients are frequently underrepresented in clinical trials, and SoC photographs are generally underrepresented in dermatology. Trifarotene 0.005% cream is a retinoid approved for the once-daily topical treatment of AV, and was studied in large-scale clinical trials that assessed the treatment of AV on both the face and trunk. For severe AV, a topical retinoid may be used in combination with an oral antibiotic, such as doxycycline. Five subjects covering Fitzpatrick skin phototypes III, IV, V, and VI were selected from two larger studies to visually demonstrate treatment of clinically diagnosed AV with trifarotene 0.005% cream. Two subjects received 24 weeks of treatment with trifarotene 0.005% cream for moderate AV on the face and trunk, while three subjects received 12 weeks of treatment with trifarotene 0.005% cream in association with 120 mg oral doxycycline with modified polymer coating for severe facial AV. This case series supports the favorable efficacy and safety of facial and truncal AV treatment with trifarotene 0.005% cream, with or without oral doxycycline, in subjects with SoC (phototypes III-VI).				PubMed	https://pubmed.ncbi.nlm.nih.gov/35994159/
CHEMBL3707313	35942016	A Randomized, Controlled Trial of Trifarotene Plus Doxycycline for Severe Acne Vulgaris.	2022				We evaluated the efficacy and safety of trifarotene plus oral doxycycline in acne. This was a randomized (2:1 ratio) 12-week, double-blind study of once-daily trifarotene cream 50µg/g plus enteric-coated doxycycline 120mg (T+D) versus trifarotene vehicle and doxycycline placebo (V+P). Patients were aged 12 years or older with severe facial acne (≥20 inflammatory lesions, 30 to 120 non-inflammatory lesions, and ≤4 nodules). Efficacy outcomes included change from baseline in lesion counts and success (score of 0/1 with ≥2 grade improvement) on investigator global assessment (IGA). Safety was assessed by adverse events and local tolerability. The study enrolled 133 subjects in the T+D group and 69 subjects in the V+P group. The population was balanced, with an approximately even ratio of adolescent (12-17 years) and adult (≥18 years) subjects. The absolute change in lesion counts from baseline were: -69.1 T+D versus -48.1 V+P for total lesions, -29.4 T+D versus -19.5 V+P for inflammatory lesions, and -39.5 T+D versus -28.2 for non-inflammatory lesions ( T+D was demonstrated to be safe and efficacious as a treatment option for patients with severe acne.				PubMed	https://pubmed.ncbi.nlm.nih.gov/35942016/
CHEMBL3707313	35816067	Update: Mechanisms of Topical Retinoids in Acne.	2022				Topical retinoids are the cornerstone of current acne management due to their actions on multiple facets of acne pathophysiology. Retinoids are a family of compounds that structurally and functionally resemble vitamin A, an essential nutrient with a key role in cellular growth and differentiation. In the skin, retinoids exert their effects by binding retinoic acid receptors (RARs) in the cell nucleus with subsequent regulation of gene transcription. There are three subtypes of RARs, and the topical retinoids currently approved for acne have differing receptor binding profiles which may translate to clinical differences, since the specific RAR subtypes activated dictate the biological response of target cells. The activity of a retinoid depends on cellular transport, receptor-binding pattern and affinity, and the genes activated. This review discusses physiologic pathways in skin that are affected by topical retinoids during acne therapy, with a focus on new data from trifarotene, a retinoid which is highly selective for the RAR-&gamma; receptor. Recently, bioinformatic data comparing gene expression in acne lesions treated with trifarotene versus spontaneously resolving acne lesions showed that trifarotene significantly modulates 67 genes that do not appear in the spontaneously resolving lesion. These genes are involved in cellular migration, activation of adaptive immunity, inflammation, and matrix reorganization. Expression of these trifarotene-regulated genes after treatment and in an active lesion occurred in opposite directions, providing clues to the molecular and genetic response to trifarotene in resolving acne. J Drugs Dermatol. 2022;21(7):734-740. doi:10.36849/JDD.6890.				PubMed	https://pubmed.ncbi.nlm.nih.gov/35816067/
CHEMBL3707313	35674762	Advances in Topical Management of Adolescent Facial and Truncal Acne: A Phase 3 Pooled Analysis of Safety and Efficacy of Trifarotene 0.005% Cream.	2022				Acne vulgaris is very common among adolescents and young adults. It is important for clinicians who provide care to these patients to have a plan of action for assessing and managing acne in daily practice. Post-hoc analysis of two large-scale phase 3 pivotal trials of trifarotene 0.005% cream, focusing on efficacy, safety, and tolerability in the subgroup of subjects aged 12 to 17, inclusive. Trifarotene was effective and well tolerated on both the face and trunk in patients ages 12-17 with moderate acne. There was a low and acceptable rate of adverse events and tolerability was favorable. Trifarotene monotherapy was associated with good clinical efficacy, safety, and tolerability. Once-daily application offers convenience for patients, and the low concentration of trifarotene makes it well-suited to use on large skin areas such as the trunk. J Drugs Dermatol. 2022;21(6):582-586. doi:10.36849/JDD.6778.				PubMed	https://pubmed.ncbi.nlm.nih.gov/35674762/
CHEMBL3707313	35668721	Trifarotene: A Novel Therapeutic Option for Acne.	2022				Acne vulgaris, or acne, is a prevailing cutaneous predicament that customarily crops up on the face, neck, and trunk in the forms of comedones, papules, pustules, and nodules. According to epidemiologic explorations, acne affects 9.4% of the global population, making it the eighth most common disease globally. Acne perturbs up to 85% of adolescents, while it is periodically misconceived as an ailment that affects teenagers only; nonetheless, it also affects myriad adults. Acne has well-documented psychosocial ramifications, including adverse effects on self-perception, mental health, and social functioning. Trifarotene is basically a novel fourth-generation locally applied retinoid approved for the first time in the regimens of both face and truncal acnes. The exclusive topical retinoid that adheres precisely to RAR-gamma, the epidermis' most frequent isoform, is trifarotene, approved in October 2019. The current review evaluates the role of trifarotene in treating acne.				PubMed	https://pubmed.ncbi.nlm.nih.gov/35668721/
CHEMBL3707313	35254756	In Vitro Rheology Predicts Improved Spreadability of Tazarotene 0.045% Lotion Versus Trifarotene 0.005% Cream.	2022				Intrinsic properties of vehicles used to deliver topical therapies can profoundly impact drug penetration, efficacy, patient acceptance, and treatment adherence. Therefore, advancements in vehicle technology demand sophisticated, quantitative approaches to describe and differentiate topical formulations. The objective of these studies was to quantitatively evaluate spreadability of two topical formulations for the treatment of acne via in vitro rheological measurement (how a substance&rsquo;s flow characteristics change under applied stress or force) and spreadability on living skin. Rheological characteristics (shear-thinning, rigidity, yield stress, and yield strain) of tazarotene 0.045% lotion and trifarotene 0.045% cream were measured using 5 samples of each product. In a clinical split-body study, each formulation was applied to one side of the back of healthy volunteers, and the extent to which each formulation could be spread was measured. Compared to trifarotene cream, tazarotene lotion demonstrated lower mean viscosity, rigidity, and yield stress, and higher yield strain, suggesting a superior spreadability profile. This finding was confirmed in the split-body study of 30 healthy White adults, in which the average area of spread was significantly larger for tazarotene lotion than trifarotene cream (167.0 vs 130.3 cm2; P&lt;0.001). Rheological assessment effectively predicted the superior spreadability of tazarotene 0.045% lotion versus trifarotene 0.005% cream on living skin. Given the importance of aesthetics of topical formulations, techniques to quantify these properties may have broad implications when developing novel vehicle formulations for dermatology. J Drugs Dermatol. 2022;21(3):250-257. doi:10.36849/JDD.6703.				PubMed	https://pubmed.ncbi.nlm.nih.gov/35254756/
CHEMBL3707313	35100239	Clascoterone cream (Winlevi) for acne.	2021								PubMed	https://pubmed.ncbi.nlm.nih.gov/35100239/
CHEMBL3707313	35041198	New Developments in Topical Acne Therapy.	2022				Acne vulgaris is a common chronic inflammatory disease with a multifactorial pathogenesis. Although myriad acne treatments are available, current options may not be sufficient because of a lack of efficacy, limited tolerability, or burden of cost to patients. In this review, we highlight recently approved topical acne treatments, as well as those currently in clinical trials. Novel formulations of tretinoin, tazarotene, and minocycline provide modifications of and improvements to existing products. Trifarotene, a novel fourth-generation retinoid, has demonstrated improved tolerability compared with existing topical retinoids. Clascoterone is a novel first-in-class antiandrogen that topically addresses the hormonal etiology of acne. The late-phase clinical trials pipeline consists of agents with bactericidal and anti-sebum mechanisms. Although it is evident that acne treatments continue to evolve, it is important to recognize the need for further comparative studies among new and existing agents to define optimal treatment algorithms that address not only safety and efficacy but also cost-effective care.				PubMed	https://pubmed.ncbi.nlm.nih.gov/35041198/
CHEMBL3707313	34746181	Transcriptomics Analysis Indicates Trifarotene Reverses Acne-Related Gene Expression Changes.	2021								PubMed	https://pubmed.ncbi.nlm.nih.gov/34746181/
CHEMBL3707313	34421181	Trifarotene for acne.	2021								PubMed	https://pubmed.ncbi.nlm.nih.gov/34421181/
CHEMBL3707313	34345173	Assessing the Safety and Efficacy of Trifarotene in the Treatment of Acne Vulgaris.	2021				Acne vulgaris is a common skin condition of the face and trunk that negatively impacts quality of life. Trifarotene is a new first-in-class fourth-generation topical retinoid that has been uniquely studied in the treatment of both facial and truncal acne. Through selective agonism of retinoic acid receptor (RAR)-gamma, the most predominant RAR isotype in the epidermis, trifarotene exerts more targeted, skin-specific effects than earlier generation retinoids. This narrative review summarizes all currently available literature regarding the use of trifarotene in acne vulgaris. We focus on efficacy, safety, and tolerability data and highlight quality of life outcomes and patient-reported satisfaction. Future clinical trials and the clinical applicability of this novel medication in the treatment of acne are also discussed.				PubMed	https://pubmed.ncbi.nlm.nih.gov/34345173/
CHEMBL3707313	34245524	Trifarotene - The latest retinoid.	2021								PubMed	https://pubmed.ncbi.nlm.nih.gov/34245524/
CHEMBL3707313	34115308	Updated Treatment for Acne: Targeted Therapy Based on Pathogenesis.	2021				Previous approaches to acne management have focused on the four main factors implicated in acne, namely, androgen-mediated sebogenesis (considered integral to acne), hyperkeratinization, colonization with Cutibacterium acnes, and inflammation related to both innate and adaptive mechanisms. Recent advances have facilitated potential novel approaches to acne management, as the pathophysiology and the immunological aspects related to acne and wound healing have evolved. Particular targets that have been shown to be closely involved in acne pathophysiology and wound healing include interleukin (IL)-1β, IL-17, IL-23, and tumor necrosis factor alpha (TNFα). Biological antibodies targeting IL-1β, IL-17, IL-23, and TNFα could provide novel approaches for treating severe acne and related disorders. Acne is primarily a disease associated with sebogenesis. Monosaturated free acids are important components. Insulin growth factor 1 (IGF-1) promotes the proliferation and differentiation of sebocytes and IL-1β. Research into the microbiome may also provide insights into potential future therapeutic options for acne. Scars, both atrophic and hypertrophic, are common sequelae to acne. Risk factors associated with the development of acne scars include genetic, systemic, local, and lifestyle factors. Pro-inflammatory cytokines have been shown to play a crucial role in the development of acne-induced hypertrophic scars. Treatment for extensive inflammatory keloid scarring is limited. Surgery and postoperative radiotherapy are two possible options. Transforming growth factor-β (TGFβ), IL-6, matrix metalloproteinase (MMP), IGF-1, and B cells are found in keloid or hypertrophic scar tissues. Biological antibodies targeting these cytokines may be a potential strategy for the prevention and treatment of this type of scar in the future. Future treatment for acne should embrace approaches that target the main etiological factors of acne. In particular, specific emphasis on aggressive treatment in the acute inflammatory phase to reduce the likelihood of scarring and other clinical sequelae, such as pigmentary changes would be highly desirable. Treatment for established acne-induced sequelae should also be considered.				PubMed	https://pubmed.ncbi.nlm.nih.gov/34115308/
CHEMBL3707313	33984312	A New Prospect in Retinoid Therapy: Trifarotene.	2021								PubMed	https://pubmed.ncbi.nlm.nih.gov/33984312/
CHEMBL3707313	33871811	50 Years of Topical Retinoids for Acne: Evolution of Treatment.	2021				Since the US Food and Drug Administration (FDA) approved tretinoin in 1971, retinoids alone or combined with other agents have become the mainstay of acne treatment. Retinoids act through binding to retinoic acid receptors, altering expression levels of hundreds of cellular proteins affecting multiple pathways involved in acne pathogenesis. Retinoids have evolved from first-generation agents, such as tretinoin, through chemical modifications resulting in a second generation (etretinate and acitretin for psoriasis), a third generation (adapalene and tazarotene) and, most recently, a fourth (trifarotene). For all topical retinoids, local irritation has been associated with poor tolerability and suboptimal adherence. Efforts to improve tolerability have utilized novel delivery systems and/or novel agents. This qualitative literature review summarizes the evolution of the four topical single-agent retinoids available for the treatment of acne in the US today and their various formulations, presenting the rationale behind their development and data from key studies.				PubMed	https://pubmed.ncbi.nlm.nih.gov/33871811/
CHEMBL3707313	33871801	Why We Should Consider Evidence-Based Treatment Options for Truncal Acne.	2021								PubMed	https://pubmed.ncbi.nlm.nih.gov/33871801/
CHEMBL3707313	33652835	Trifarotene: A Current Review and Perspectives in Dermatology.	2021				Retinoids have numerous applications in inflammatory, dyskeratotic, and oncohematology diseases. Retinoids have now reached the fourth generation, progressively reducing toxicity whilst increasing their efficacy. Trifarotene is a new fourth-generation retinoid with a selective action on RAR-γ. In this review, we reported the trials-both concluded and in progress-including the use of trifarotene in dermatological diseases. Studies were identified by searching electronic databases (MEDLINE, EMBASE, PubMed, Cochrane, Trials.gov) from 2012 to today and reference lists of respective articles. Only articles published in English language were included. Randomized trials evaluating trifarotene tolerability, safety, and efficacy in congenital ichthyosis and acne have demonstrated great results and mild side effects, leading to the approval by the FDA of trifarotene for the treatment of lamellar ichthyosis in 2014, and of acne vulgaris in October 2019. No high-quality randomized clinical trials have evaluated the treatment of primary cutaneous lymphomas with trifarotene. Finally, we are hypothesizing future perspectives in the treatment of non-melanoma skin cancers, fungal infections, photoaging, and hand-foot skin reactions with trifarotene.				PubMed	https://pubmed.ncbi.nlm.nih.gov/33652835/
CHEMBL3707313	33443492	Drugs for acne.	2020								PubMed	https://pubmed.ncbi.nlm.nih.gov/33443492/
CHEMBL3707313	33409936	New Acne Therapies and Updates on Use of Spironolactone and Isotretinoin: A Narrative Review.	2021				Acne vulgaris is a chronic inflammatory skin disease with a multifactorial pathogenesis. Although a variety of acne treatments are available, limitations of current therapies include tolerability, antimicrobial resistance, and costs and patient burden associated with monitoring. This narrative review focuses on emerging treatments and updates on the management of acne. Clascoterone, sarecycline, trifarotene, and novel lotion formulations of tretinoin and tazarotene have been evaluated in clinical trials and provide new options for treatment. Emerging data on the safety and efficacy of spironolactone and isotretinoin challenge current conventions and suggest a need to reconsider drug monitoring guidelines and risk prevention systems. Additional head-to-head data are needed to confirm these novel treatments' utility in treating acne.				PubMed	https://pubmed.ncbi.nlm.nih.gov/33409936/
CHEMBL3707313	33068860	Identification and verification immune-related regulatory network in acne.	2020				Acne is a common inflammatory skin disease with the dysregulation of innate and adaptive immunity. However, the underlying mechanism of acne has not been completely elucidated. In this study, we identified gene signatures and the immune-related regulatory network in acne using integrated bioinformatics methods. Here, 303 Differentially expressed genes (DEGs) and 28 Hub genes were identified in acne (GSE53795 and GSE108110), which were associated with the inflammation-related signaling pathway. Subsequently, the CIBERSORT algorithm revealed the increased proinflammatory cells in acne. Moreover, we identified 3 kinases (FGR, HCK and LYN) and 2 transcription factors (TFs) (IRF8 and ZBTB16) from DEGs as the key genes, which regulated immune cell infiltration via targeting immune-related genes in acne. The upregulated 3 kinases (FGR, HCK and LYN) and IRF8, and the downregulated ZBTB16 were also confirmed in GSE6475 and in Acne mice. Based on the expression levels of these key genes, the tissues could be divided into 2 clusters using consensus cluster analysis. GSEA analysis showed that inflammation-related signaling pathways significantly enriched in cluster 2, indicating the important role of kinase and TFs on immune regulation in acne. Finally, we found that isotretinoin and trifarotene (CD5789) treatment repressed the expression of immune genes but not the expression of the kinases and TFs, indicating that kinases and TFs may be novel therapeutic target for acne. In conclusion, 3 kinases and 2 TFs were identified and validated as key regulators in the immune-related regulatory networks in acne, providing a more comprehensive understanding and novel therapeutic targets of acne.				PubMed	https://pubmed.ncbi.nlm.nih.gov/33068860/
CHEMBL3707313	33064433	Trifarotene (Aklief) for the Treatment of Acne.	2020								PubMed	https://pubmed.ncbi.nlm.nih.gov/33064433/
CHEMBL3707313	32947372	New drugs 2020, part 3.	2020				This article reviews eight drugs recently approved by the FDA, including indications, precautions, adverse reactions, and nursing considerations.				PubMed	https://pubmed.ncbi.nlm.nih.gov/32947372/
CHEMBL3707313	32790612	AKLIEF (Trifarotene 0.005% [50 μg/g] Cream) for Topical Treatment of Acne Vulgaris.	2020								PubMed	https://pubmed.ncbi.nlm.nih.gov/32790612/
CHEMBL3707313	32623660	Subject Satisfaction with Trifarotene 50 μg/g Cream in the Treatment of Facial and Truncal Acne Vulgaris: A Case Series.	2020				There is a paucity of literature covering patient-reported outcomes of treatments for truncal acne. Trifarotene 50 μg/g cream is a novel retinoid molecule approved for once-daily topical treatment of facial and truncal acne vulgaris. As physicians are starting to gain real-world experience with this retinoid treatment, their access to reporting from the patient's perspective provides a valuable adjunct to the pivotal studies. We report a case series of three subjects with moderate facial and truncal acne treated with trifarotene 50 μg/g cream on the face, shoulders, upper back and upper anterior chest for 12 weeks and evaluated by satisfaction questionnaires. This case series illustrating the treatment of facial and truncal acne with trifarotene 50 μg/g cream, in the form of real-world data, describes high overall satisfaction and excellent tolerability to support the use of this new retinoid molecule in the treatment of acne vulgaris on both the face and trunk.				PubMed	https://pubmed.ncbi.nlm.nih.gov/32623660/
CHEMBL3707313	32567361	Trifarotene for the Treatment of Facial and Truncal Acne.	2021				This article reviews clinical trials to assess the efficacy, safety, and clinical application of trifarotene 0.005% cream (Aklief). A systematic review of the literature was performed using the terms  Relevant English language and human studies related to pharmacology, clinical trials, and safety were considered. In the 52-week phase III trial, treatment success rates for facial acne (Investigator Global Assessment [IGA] rating of no or almost no acne) and truncal acne (Physician's Global Assessment [PGA] rating of no or almost no acne) were 65.1% and 66.9%, respectively. Overall success rates (IGA and PGA success in the same patient) were 57.9%; 52.8% of patients had a Dermatology Quality of Life Index score of 0 or 1, compared with 22.6% at baseline. Trifarotene was well tolerated, with pruritus, irritation, and sunburn as the most common adverse effects. Trifarotene is a newly Food and Drug Administration-labeled fourth-generation topical retinoid that shows particular promise in the treatment of facial and truncal acne vulgaris. It is an effective and safe addition to currently available retinoids. Trifarotene is effective and safe for treatment of facial and truncal acne. Future trials should compare its efficacy and tolerability with that of the older, clinically established retinoids. Despite efficacy, cost may be a prohibitive factor.				PubMed	https://pubmed.ncbi.nlm.nih.gov/32567361/
CHEMBL3707313	32259227	Trifarotene (Aklief)-A New Topical Retinoid for Acne.	2020								PubMed	https://pubmed.ncbi.nlm.nih.gov/32259227/
CHEMBL3707313	32196146	A Novel Topical Retinoid for Acne: Trifarotene 50 μg/g Cream.	2020				Trifarotene 50 μg/g cream is a fourth generation topical retinoid with retinoic acid receptor gamma selectivity. It was recently approved by the US FDA and Health Canada for the topical treatment of facial and truncal acne for those aged 9 and older based on two identically designed phase 3 trials demonstrating superiority in lesion count reduction and global acne improvement compared to vehicle. These studies and a 1 year study also demonstrated safety and tolerability with cutaneous adverse events developing in an anticipated timeframe (1 week) for the face. These were of lesser degree and tended to develop later at the trunk. Future studies will be required to evaluate the comparative efficacy of trifarotene 50 μg/g cream against other treatments for acne.				PubMed	https://pubmed.ncbi.nlm.nih.gov/32196146/
CHEMBL3707313	32100454	Selective RAR agonists for acne vulgaris: A narrative review.	2020				Acne vulgaris is a chronic disfiguring inflammatory disease of adolescents and adults affecting up to 90% of the population around the world. The sequence of etiopathogenesis in acne is not completely understood but involves abnormalities in sebum production, follicular plugging, proliferation of propionibacterium acnes, and chronic inflammation. This review aims to summarize the features of the topical selective RAR agonists in treating acne vulgaris with a special emphasis on the 4th generation topical retinoid trifarotene. Studies were identified by searching electronic databases (MEDLINE and PubMed) till August 2019 and reference lists of respective articles. Only articles published in English language were included. Topical retinoids have been first line of treatment for more than 30 years now in treating mild to moderate acne vulgaris. Third generation retinoids like adapalene and tazarotene are selective RAR and γ agonists, having an additional anti-inflammatory action along with their comedolytic effects and work well in combinations with topical antibiotics, due to the stability of chemical composition. Trifarotene is a new 4th generation retinoid with selective action on RAR-γ receptor alone, which is specific for skin, and it is safe for long-term maintenance therapy with good efficacy and tolerability.				PubMed	https://pubmed.ncbi.nlm.nih.gov/32100454/
CHEMBL3707313	32017149	Clinical Pharmacology and Safety of Trifarotene, a First-in-Class RARγ-Selective Topical Retinoid.	2020				Trifarotene is a new drug with retinoic acid receptor activity and selectivity for retinoic acid receptor-γ. The reported studies aimed at assessing the clinical pharmacology and safety of trifarotene. The clinical pharmacology of topical trifarotene up to 100 µg/g was extensively investigated through 2 maximal usage pharmacokinetic trials (MUsT) conducted in adult (≥18 years) and pediatric patients (9-17 years) with moderate to severe acne and two studies conducted in healthy volunteers: 1 thorough QT				PubMed	https://pubmed.ncbi.nlm.nih.gov/32017149/
CHEMBL3707313	31999666	Trifarotene (Aklief) - a new topical retinoid for acne.	2019								PubMed	https://pubmed.ncbi.nlm.nih.gov/31999666/
CHEMBL3707313	31713811	Trifarotene: First Approval.	2019				Topical trifarotene (Aklief				PubMed	https://pubmed.ncbi.nlm.nih.gov/31713811/
CHEMBL3707313	31306527	Long-term safety and efficacy of trifarotene 50 μg/g cream, a first-in-class RAR-γ selective topical retinoid, in patients with moderate facial and truncal acne.	2020				Treatment for both facial and truncal acne has not sufficiently been studied. To evaluate the long-term safety and efficacy of trifarotene in both facial and truncal acne. In a multicentre, open-label, 52-week study, patients with moderate facial and truncal acne received trifarotene 50 μg/g cream (trifarotene). Assessments included local tolerability, safety, investigator and physician's global assessments (IGA, PGA) and quality of life (QOL). A validated QOL questionnaire was completed by the patient at Baseline, Week 12, 26 and 52/ET. Of 453 patients enrolled, 342 (75.5%) completed the study. Trifarotene-related treatment-emergent adverse events (TEAEs) were reported in 12.6% of patients, and none was serious. Most related TEAEs were cutaneous and occurred during the first 3 months. Signs and symptoms of local tolerability were mostly mild or moderate and severe signs, and symptoms were reported for 2.2% to 7.1% of patients for the face and 2.5% to 5.4% for the trunk. Local irritation increased during the first week of treatment on the face and up to Weeks 2 to 4 on the trunk with both decreasing thereafter. At Week 12, IGA and PGA success rates were 26.6% and 38.6%, respectively. Success rates increased to 65.1% and 66.9%, respectively at Week 52. Overall success (both IGA and PGA success in the same patient) was 57.9% at Week 52. At Week 52 visit, 92/171 (53.8%) patients who had completed their assessments had scores from 0 to 1 (i.e. no effect of acne on their QOL) vs. 47/208 (22.6%) patients at Baseline visit. In this 52-week study, trifarotene was safe, well tolerated and effective in moderate facial and truncal acne.				PubMed	https://pubmed.ncbi.nlm.nih.gov/31306527/
CHEMBL3707313	30802558	Randomized phase 3 evaluation of trifarotene 50 μg/g cream treatment of moderate facial and truncal acne.	2019				Acne vulgaris often affects the face, shoulders, chest, and back, but treatment of nonfacial acne has not been rigorously studied. Assess the safety and efficacy of trifarotene 50 μg/g cream, a novel topical retinoid, in moderate facial and truncal acne. Two phase III double-blind, randomized, vehicle-controlled, 12-week studies of once-daily trifarotene cream versus vehicle in subjects aged 9 years or older. The primary end points were rate of success on the face, as determined by the Investigator's Global Assessment (clear or almost clear and ≥2-grade improvement), and absolute change from baseline in inflammatory and noninflammatory counts from baseline to week 12. The secondary end points were rate of success on the trunk (clear or almost clear and ≥2-grade improvement) and absolute change in truncal inflammatory and noninflammatory counts from baseline to week 12. Safety was assessed through adverse events, local tolerability, vital signs, and routine laboratory testing results. In both studies, at week 12 the facial success rates according to the Investigator's Global Assessment and truncal Physician's Global Assessment and change in inflammatory and noninflammatory lesion counts (both absolute and percentage) were all highly significant (P < .001) in favor of trifarotene when compared with the vehicle. Adjunctive topical or systemic treatments were not studied. These studies demonstrate that trifarotene appears to be safe, effective, and well tolerated in treatment of both facial and truncal acne.				PubMed	https://pubmed.ncbi.nlm.nih.gov/30802558/
CHEMBL3707313	30586483	Retinoids in Acne Management: Review of Current Understanding, Future Considerations, and Focus on Topical Treatments.	2018				Acne vulgaris is the most common skin condition affecting adolescents and young adults with a tremendous psychosocial impact. Its pathogenic hallmarks include follicular dyskeratosis, increased sebum production, and inflammation induced by Cutibacterium (formerly Propionibacterium) acnes within the follicle. Retinoids, derived from vitamin A, are the mainstays of acne treatment given they address the key pathogenic pathways of acne. Retinoids exert their effects through the binding of their nuclear receptors leading to downstream biological effects. The understanding of retinoid pharmacology has increased the diversity of retinoids with now both natural and synthetic retinoids available for use. For acne, retinoids can be administered both topically in a variety of formulations and combinations as well as systemically. With judicious use, this class of medication is well tolerated and very efficacious in managing acne. Furthermore, there is evidence showing its role in improving and preventing one of the most challenging post-acne changes, atrophic acne scarring. With a promising topical retinoid, trifarotene, on the horizon, the acne armamentarium will be further broadened to better manage acne and its related sequelae. J Drugs Dermatol. 2018;17(12 Suppl):s51-55				PubMed	https://pubmed.ncbi.nlm.nih.gov/30586483/
CHEMBL3707313	30586482	Retinoids in Acne Management: Review of Current Understanding, Future Considerations, and Focus on Topical Treatments.	2018				Acne vulgaris is the most common skin condition affecting adolescents and young adults with a tremendous psychosocial impact. Its pathogenic hallmarks include follicular dyskeratosis, increased sebum production, and inflammation induced by Cutibacterium (formerly Propionibacterium) acnes within the follicle. Retinoids, derived from vitamin A, are the mainstays of acne treatment given they address the key pathogenic pathways of acne. Retinoids exert their effects through the binding of their nuclear receptors leading to downstream biological effects. The understanding of retinoid pharmacology has increased the diversity of retinoids with now both natural and synthetic retinoids available for use. For acne, retinoids can be administered both topically in a variety of formulations and combinations as well as systemically. With judicious use, this class of medication is well tolerated and very efficacious in managing acne. Furthermore, there is evidence showing its role in improving and preventing one of the most challenging post-acne changes, atrophic acne scarring. With a promising topical retinoid, trifarotene, on the horizon, the acne armamentarium will be further broadened to better manage acne and its related sequelae. J Drugs Dermatol. 2018;17(12 Suppl):s51-55				PubMed	https://pubmed.ncbi.nlm.nih.gov/30586482/
CHEMBL3707313	30141539	Topical trifarotene: a new retinoid.	2018								PubMed	https://pubmed.ncbi.nlm.nih.gov/30141539/
CHEMBL3707313	29974453	Nonclinical and human pharmacology of the potent and selective topical retinoic acid receptor-γ agonist trifarotene.	2018				First- and third-generation retinoids are the main treatment for acne. Even though efficacious, they lack full selectivity for retinoic acid receptor (RAR) γ, expressed in the epidermis and infundibulum. To characterize the in vitro metabolism and the pharmacology of the novel retinoid trifarotene. In vitro assays determined efficacy, potency and selectivity on RARs, as well as the activity on the expression of retinoid target genes in human keratinocytes and ex vivo cultured skin. In vivo studies investigated topical comedolytic, anti-inflammatory and depigmenting properties. The trifarotene-induced gene expression profile was investigated in nonlesional skin of patients with acne and compared with ex vivo and in vivo models. Finally, the metabolic stability in human keratinocytes and hepatic microsomes was established. Trifarotene is a selective RARγ agonist with > 20-fold selectivity over RARα and RARβ. Trifarotene is active and stable in keratinocytes but rapidly metabolized by human hepatic microsomes, predicting improved safety. In vivo, trifarotene 0·01% applied topically is highly comedolytic and has anti-inflammatory and antipigmenting properties. Gene expression studies indicated potent activation of known retinoid-modulated processes (epidermal differentiation, proliferation, stress response, retinoic acid metabolism) and novel pathways (proteolysis, transport/skin hydration, cell adhesion) in ex vivo and in vivo models, as well as in human skin after 4 weeks of topical application of trifarotene 0·005% cream. Based on its RARγ selectivity, rapid degradation in human hepatic microsomes and pharmacological properties including potent modulation of epidermal processes, topical treatment with trifarotene could result in good efficacy and may present a favourable safety profile in acne and ichthyotic disorders.				PubMed	https://pubmed.ncbi.nlm.nih.gov/29974453/
CHEMBL3707313	29706423	Structure-based design of Trifarotene (CD5789), a potent and selective RARγ agonist for the treatment of acne.	2018				Retinoids have a dominant role in topical acne therapy and to date, only RARβ and RARγ dual agonists have reached the market. Given the tissue distribution of RAR isoforms, it was hypothesized that developing RARγ -selective agonists could yield a new generation of topical acne treatments that would increase safety margins while maintaining the robust efficacy of previous drugs. Structural knowledge derived from the X-ray structure of known γ-selective CD437, suggested the design of a novel triaryl series of agonists which was optimized and ultimately led to the discovery of Trifarotene/CD5789.				PubMed	https://pubmed.ncbi.nlm.nih.gov/29706423/
CHEMBL3707313	41304694	Transcriptome-Based miR156-Mediated Expression Dynamics of SPL Transcription Factors During Vegetative to Reproductive Transition in Spinach.	2025				Vegetative to reproductive phase transition is an important developmental process in flowering plants, regulated in part by microRNAs that repress target genes post-transcriptionally. However, the role of miR156 and its target Squamosa Promoter Binding Protein-Like (SPL) transcription factors remains poorly understood. In this study, we identified 14 SPL gene members in spinach and analyzed their expression during phase transition. Genome-wide identification and transcriptome-based analysis revealed that 11 of these genes are likely direct targets of 				PubMed	https://pubmed.ncbi.nlm.nih.gov/41304694/
CHEMBL3707313	41012207	Harnessing Polyaminal Porous Networks for Sustainable Environmental Applications Using Ultrafine Silver Nanoparticles.	2025				Environmental contamination is a critical global concern, primarily due to detrimental greenhouse gas (GHG) emissions, especially carbon dioxide (CO				PubMed	https://pubmed.ncbi.nlm.nih.gov/41012207/
CHEMBL3707313	40938351		2025								PubMed	https://pubmed.ncbi.nlm.nih.gov/40938351/
CHEMBL3707313	40727614	Celiac Disease and Skin Diseases: A Bidirectional Mendelian Randomization Study.	2025				Research as shown that celiac disease (CD) is associated with skin diseases, but their causality remains unclear. Therefore, this Mendelian randomization (MR) study evaluated the causality between CD and skin diseases. Bidirectional MR analysis was performed on single nucleotide polymorphism (SNP) candidates identified from genome-wide association study (GWAS) datasets using inverse variance weighted (IVW), weighted median, MR-egger, weighted mode and simple mode. Multivariate MR (MVMR) analysis was subsequently conducted by adjusting for BMI, smoking, and alcohol use. Result reliability was assessed by horizontal pleiotropy and heterogeneity testing. IVW analysis revealed that CD increased the risk of atopic dermatitis (OR = 1.042, 95% CI: 1.018-1.067,  CD contributes to higher risks of atopic dermatitis and cellulitis. Additionally, psoriasis is suggestively associated with CD. Nonetheless, further research is warranted to confirm these findings and to elucidate the underlying mechanisms.				PubMed	https://pubmed.ncbi.nlm.nih.gov/40727614/
CHEMBL3707313	40491932	Microbial Patterns in Newly Diagnosed Inflammatory Bowel Disease Revealed by Presence and Transcriptional Activity - Relationship to Diagnosis and Outcome.	2025				As part of the IBD Character initiative, we examined an inception cohort and investigated mucosal microbiota composition and transcriptional activity in relation to clinical outcomes. A cohort of 237 individuals were included from five countries: Crohn's disease (CD, n = 72), ulcerative colitis (UC, n = 57), symptomatic non-IBD controls (SC, n = 78) and healthy controls (HC, n = 30). Rectal/colonic biopsies were obtained at inclusion, and DNA and RNA were extracted from the same biopsy and examined by sequencing the 16S rRNA V4 region. Beta diversity measurements separated IBD from both HC and SC. IBD and SC exhibited reduced intra-individual diversity compared with HC. When comparing taxonomy at DNA and RNA level, six bacteria were found to differ in abundance and/or transcriptional activity between IBD and symptomatic control, while there were 14 and three between symptomatic control and CD and UC, respectively. A limited number of bacterial taxa were responsible for the largest difference between presence and activity, separating patients and controls. Multiple bacterial taxa were associated with treatment escalation in both UC and CD. Machine-learning models separated IBD from symptomatic controls and treatment escalators from non-escalators (AUC >0.8). However, the differential effects were mainly driven by clinical biomarkers, such as f-calprotectin, s-albumin, and b-hemoglobin. Differences between presence and transcriptional activity were found among multiple taxa when assessing 16S rRNA at DNA and RNA level. Symptomatic controls were more similar to the IBD patients compared to HC. The analyses suggest that the mucosal microbiota carries a moderate diagnostic and predictive potential, outcompeted by f-calprotectin.				PubMed	https://pubmed.ncbi.nlm.nih.gov/40491932/
CHEMBL3707313	40444369	Treatment with spesolimab in patients with generalized pustular psoriasis: a review of real-world experience.	2025				Generalized pustular psoriasis (GPP) is a potentially life-threatening rare immune-mediated disease characterized by rapid onset of erythematous plaques, sterile pustules and systemic inflammation. Spesolimab, a monoclonal antibody targeting the interleukin-36 receptor, is a novel treatment for GPP. However, GPP's low incidence and limited evidence relating to treatment with spesolimab represents a challenge in determining its real-world efficacy. This review explores the clinical use of spesolimab in a real-world setting. We conducted a review on PubMed, SCOPUS, Embase, and ScienceDirect of case series and reports of patients with GPP treated with spesolimab. Review articles and clinical trials were excluded. From 33 articles, 62 patients with GPP were included. Age ranged from 4 to 88 years. Comorbidities were reported in 48 of the 62 patients; of these, 30 had plaque psoriasis. Spesolimab 900 mg intravenous was administered in one to four doses, depending on clinical response. The second dose was administered 1 week after the first, while the additional doses were given at variable intervals. Follow-up periods ranged from 2 weeks to 15 months. Complete GPP remission was observed in 35/62 (56%) patients, 21 of them achieving it within a week. Partial remission was defined in 27 of the 62 patients (44%). GPP recurrence after treatment was observed in seven patients. Among the 30 patients with concomitant plaque psoriasis reported, after spesolimab administration, plaque psoriasis recurrence was reported in 6 (20%) patients, 3 (10%) reported improvement and for 21 (70%), this outcome was not reported. Eight patients reported adverse effects, including laboratory abnormalities, infections and erythema multiforme. Spesolimab demonstrates a low prevalence of adverse events and clinical efficacy for GPP treatment, including in patients with comorbidities, infections and those > 75 years of age. Its effect on plaque psoriasis remains unclear.				PubMed	https://pubmed.ncbi.nlm.nih.gov/40444369/
CHEMBL3707313	40075095	Nonlinear dynamics and magneto-elasticity of nanodrums near the phase transition.	2025				Nanomechanical resonances of two-dimensional (2D) materials are sensitive probes for condensedmatter physics, offering new insights into magnetic and electronic phase transitions. Despite extensive research, the influence of the spin dynamics near a phase transition on the nonlinear dynamics of 2D membranes has remained largely unexplored. Here, we investigate nonlinear magneto-mechanical coupling to antiferromagnetic order in suspended FePS				PubMed	https://pubmed.ncbi.nlm.nih.gov/40075095/
CHEMBL3707313	39982224	Influence of High 	2025				Two high primary-immunization doses of a wild-type  Acquired immunity was evaluated following primary immunization and two booster doses with the homologous strain. Total oocyst shedding, clinical signs, and viability of every bird/group after each immunization/booster were recorded. Indirect ELISA measured the time course of humoral responses from each immunization group against sporozoite and second-generation merozoite of  A primary-immunization dose of 1 × 10 The 				PubMed	https://pubmed.ncbi.nlm.nih.gov/39982224/
CHEMBL3707313	39712420	Institution of a formal multidisciplinary heart team for high-risk coronary revascularization.	2025				The heart team approach is now the standard of care for patients with complex coronary artery disease; however, the definition of a heart team is variable. We embarked on a project to create an extended, multidisciplinary heart team to evaluate patients we deemed high risk for coronary revascularization. In doing so, we created a new service, workflow, and paradigm. Herein, we describe the process through which we created our high-risk percutaneous coronary intervention team, our criteria for determining risk, our process for evaluating these patients, and quality assurance. Additionally, we describe the design of our prospective study assessing 200 patients with complex coronary artery disease. The primary outcomes include the final heart team revascularization decision, all-cause mortality, major adverse cardiac events, acute kidney injury, postintervention bleeding, and length of stay. Establishing a multidisciplinary heart team may help with complex and high-risk patient and family scenarios and potentially improve patient outcomes. A study has been initiated to test this hypothesis formally.				PubMed	https://pubmed.ncbi.nlm.nih.gov/39712420/
CHEMBL3707313	39683907	Using Static Multiple Light Scattering to Develop Microplastic-Free Seed Film-Coating Formulations.	2024				Seed film-coatings used for seed treatment often contain microplastics which must be replaced. The objective of this study is to analyze the influence of substitutes (maltodextrin, waxy maize glucose syrup (WMGS), methylcellulose, tragacanth gum (TG), arabic gum (AG), polyvinyl alcohol (PVA), ethoxylated rapeseed oil (ERO)), and xanthan gum as a thickener on the stability of a seed film-coating via Static Multiple Light Scattering (SMLS) technology. The results demonstrate that the incorporation of each polymer results in an increase in the quantity of particles migrating from the supernatant phase, but a concomitant decrease in their sedimentation rate and in the thickness of the supernatant phase (e				PubMed	https://pubmed.ncbi.nlm.nih.gov/39683907/
CHEMBL3707313	39451734	The Impact of Gastrectomy on Inflammatory Bowel Disease Risk in Gastric Cancer Patients: A Critical Analysis.	2024				Gastrectomy, a prevalent surgical procedure for gastric cancer, results in substantial alterations to the gastrointestinal tract, including reduced gastric acid production and significant modifications to the gut microbiota. These changes can impair postoperative recovery, influence metabolic functions, and predispose patients to inflammatory bowel disease (IBD). Studies have shown an increased risk of IBD, particularly Crohn's disease (CD) and ulcerative colitis (UC), in patients following gastrectomy and bariatric surgeries such as Roux-en-Y gastric bypass (RYGB) and sleeve gastrectomy (SG). For instance, patients undergoing RYGB have a higher hazard ratio for developing CD, while SG patients show an increased risk for UC. The surgical alteration of the gastrointestinal tract promotes dysbiosis, with a significant increase in pathogenic bacteria and a decrease in beneficial microbial populations. This dysbiosis can impair the intestinal mucosal barrier and promote systemic inflammation. Understanding the mechanisms behind these changes and their clinical implications is essential for developing effective postoperative management strategies. Probiotics and enhanced recovery after surgery (ERAS) protocols have shown promise in mitigating these adverse effects, improving gut microbiota balance, and enhancing patient outcomes. Further research is necessary to fully elucidate the long-term impacts of gastrectomy on gastrointestinal health and to refine therapeutic approaches for postoperative care.				PubMed	https://pubmed.ncbi.nlm.nih.gov/39451734/
CHEMBL3707313	39373325	An Automated Cell-Free Workflow for Transcription Factor Engineering.	2024				The design and optimization of metabolic pathways, genetic systems, and engineered proteins rely on high-throughput assays to streamline design-build-test-learn cycles. However, assay development is a time-consuming and laborious process. Here, we create a generalizable approach for the tailored optimization of automated cell-free gene expression (CFE)-based workflows, which offers distinct advantages over in vivo assays in reaction flexibility, control, and time to data. Centered around designing highly accurate and precise transfers on the Echo Acoustic Liquid Handler, we introduce pilot assays and validation strategies for each stage of protocol development. We then demonstrate the efficacy of our platform by engineering transcription factor-based biosensors. As a model, we rapidly generate and assay libraries of 127 MerR and 134 CadR transcription factor variants in 3682 unique CFE reactions in less than 48 h to improve limit of detection, selectivity, and dynamic range for mercury and cadmium detection. This was achieved by assessing a panel of ligand conditions for sensitivity (to 0.1, 1, 10 μM Hg and 0, 1, 10, 100 μM Cd for MerR and CadR, respectively) and selectivity (against Ag, As, Cd, Co, Cu, Hg, Ni, Pb, and Zn). We anticipate that our Echo-based, cell-free approach can be used to accelerate multiple design workflows in synthetic biology.				PubMed	https://pubmed.ncbi.nlm.nih.gov/39373325/
CHEMBL3707313	39352680	Laboratory Investigation of Dodecylbenzene Detection in Seawater Via Fluorometric Index of Excitation-emission Matrix Spectra.	2025				​Oil-filled submarine cables have come to dominate the reliable delivery of electrical power today, but oil leakages still remain a challenge. This work focuses on exploring the detection of dodecylbenzene (DDB) after leakage. DDB can be dispersed as small droplets in seawater, which the diameter of DDB droplets increased from 60 nm to 200 nm with the increase of the concentration from 10 ppm to 1000 ppm. Moreover, excitation-emission matrix (EEM) spectra were employed to investigated the detection of DDB. DDB has characteristic fluorescence peaks located at λ				PubMed	https://pubmed.ncbi.nlm.nih.gov/39352680/
CHEMBL3707313	39087114	Cost burden following esophagectomy: A single centre observational study.	2024				Cost analyses of patients undergoing esophagectomy is valuable for identifying modifiable expenditure drivers to target and curtail costs while improving the quality of care. We aimed to define the cost-complication relationship after esophagectomy and delineate the incremental contributions to costs. To assess the relationship between the hospital costs and potential cost drivers post esophagectomy and investigate the relationship between the cost-driving variables (predicting variables) and hospital costs (dependent variable). In this retrospective single center study, the severity of complications was graded using the Clavien-Dindo (CD) classification system. Key esophagectomy complications were categorized and defined according to consensus guidelines. Raw costing data included the in-hospital costs of the index admission and any unplanned admission within 30 postoperative days. We used correlation analysis to assess the relationship between key clinical variables and hospital costs (in United States dollars) to identify cost drivers. A mediation model was used to investigate the relationship between these variables and hospital costs. A total of 110 patients underwent primary esophageal resection. The median admission cost was $47822.7 (interquartile range: 35670.2-68214.0). The total effects on costs were $13593.9 (95%CI: 10187.1-17000.8,  The severity and number of complications, and the development of key esophagectomy complications significantly contributed to total hospital costs. Continuous institutional initiatives and strategies are needed to enhance patient outcomes and minimize costs.				PubMed	https://pubmed.ncbi.nlm.nih.gov/39087114/
CHEMBL3707313	39024531	Discordance Between the Initial Diagnosis of Sarcomas and Subsequent Histopathological Revision and Molecular Analyses in a Sarcoma Reference Center in Brazil.	2024				To investigate the discordance in sarcoma diagnoses between nonspecialized institutions following revision by dedicated sarcoma pathologists at a reference center in Brazil and the relevance of molecular pathology in this context. We conducted a retrospective analysis of sarcoma samples initially analyzed at outside laboratories and subsequently reviewed by two specialized pathologists between January 2014 and December 2020. After obtaining demographic and tumor characteristics, pathology results were matched and classified as complete discordance (CD; benign  In total, 197 cases were included, with samples obtained predominately from male patients (57.9%) and localized/primary tumors (86.8%). Following revision, the most frequent final diagnoses were undifferentiated pleomorphic sarcoma (17.8%), well-differentiated/dedifferentiated liposarcoma (8.6%), and leiomyosarcoma (7.6%). CD was found in 13.2%, partial discordance in 45.2%, and CC in 41.6% of reviews ( In nearly 60% of the cases, the initial sarcoma diagnosis was modified when revised by a reference center and dedicated pathologists, assisted by molecular pathology techniques. These results justify the assembly of referral networks in countries with limited health care resources.				PubMed	https://pubmed.ncbi.nlm.nih.gov/39024531/
CHEMBL3707313	38691814	Plasma Lipidomic Profiling Identifies Elevated Triglycerides as Potential Risk Factor in Chemotherapy-Induced Peripheral Neuropathy.	2024				Chemotherapy-induced peripheral neuropathy (CIPN) is a dose-limiting side effect of cytotoxic cancer treatment, often necessitating dose reduction (DR) or chemotherapy discontinuation (CD). Studies on peripheral neuropathy related to chemotherapy, obesity, and diabetes have implicated lipid metabolism. This study examined the association between circulating lipids and CIPN. Lipidomic analysis was performed on plasma samples from 137 patients receiving taxane-based treatment. CIPN was graded using Total Neuropathy Score-clinical version (TNSc) and patient-reported outcome measure European Organization for Research and Treatment of Cancer Quality of Life Questionnaire-CIPN (EORTC-QLQ-CIPN20). A significant proportion of elevated baseline lipids were associated with high-grade CIPN defined by TNSc and EORTC-QLQ-CIPN20 including triacylglycerols (TGs). Multivariable Cox regression on lipid species, adjusting for BMI, age, and diabetes, showed several elevated baseline TG associated with shorter time to DR/CD. Latent class analysis identified two baseline lipid profiles with differences in risk of CIPN (hazard ratio, 2.80 [95% CI, 1.50 to 5.23];  Elevated baseline plasma TG is associated with an increased risk of CIPN development and warrants further validation in other cohorts. Ultimately, this may enable therapeutic intervention.				PubMed	https://pubmed.ncbi.nlm.nih.gov/38691814/
CHEMBL3707313	38523555	Cognitive Reserve and Frontotemporal Disorders: Exploring the Relationship Between Education, Physical Activity, and Cognitive Dysfunction in Older Adults.	2024				In this study we investigated the relationship between cognitive reserve (CR) proxies, such as education, physical activity (PA), and cognitive dysfunction (CD) in the presence or absence of frontotemporal disorders (FTD). Previous research has suggested that education and PA may delay the onset of CD and reduce the risk of developing dementia. However, it remains unclear whether these CR proxies can protect against CD when FTD is present. We aimed to explore this relationship and determine whether sustained CR may be evident regardless of FTD. We recruited 149 older adults (aged 65-99 years) from community centers where they were voluntarily participating in leisure activities. We used bioelectrical impedance to measure their body composition, and we administered the International PA Questionnaire and the Mini-Mental State Examination to measure their PA and cognitive function, respectively. We used the Frontal Assessment Battery to screen for frontotemporal dementia. Our results showed that people with FTD were older, had lower education, and engaged in less PA, relative to other participants. Regression models revealed that age, education, and PA were significant predictors of FTD. More specifically, FTD was negatively associated with cognitive functioning, and there were significant interaction effects between FTD and education and PA. PA and education were significant predictors of cognitive functioning, and, when values for PA and education were high, they offset the effects of FTD on cognitive function. These findings support impressions that PA and years of education provide an insulating or compensatory effect on cognitive functioning in older adults with executive dysfunction or frontotemporal dementia, highlighting the importance of encouraging both pursuits.				PubMed	https://pubmed.ncbi.nlm.nih.gov/38523555/
CHEMBL3707313	38439945	Investigating Factors Associated with the Development of Postnatal Depression After Cesarean Delivery: A Validation Cohort Study.	2024				This study aimed to validate a proposed association model previously published to determine the clinical relevance of pre-operative determinants in the development of PND after Cesarean delivery (CD). Parturients undergoing elective CD under neuraxial anesthesia were recruited for a prospective cohort study between Oct 2021 and Oct 2022 at KK Women's and Children's Hospital, Singapore. Predelivery pain, psychological and mechanical temporal summation, and demographic data were recorded. A follow-up survey was conducted at 6 to 10 weeks after CD. The primary outcome was the incidence of PND, defined as an Edinburgh Postnatal Depression Scale (EPDS) score ≥ 10. A total of 180 patients were recruited for validation. PND 6 to 10 weeks post-delivery occurred in 18.9% of recruited parturients. Multivariate regression analyses showed that higher pre-operative CSI scores (p=0.0156), higher anxiety levels about upcoming surgery (p=0.0429), increased pre-operative pain scores on movement (p=0.0110), and higher pre-operative HADS subscale scores on anxiety (p=0.0041) were independently associated with the development of PND weeks post-CD. Lower anticipation of pain medication needs (p=0.0038) was independently associated with the development of PND post-CD. The area under curve (AUC) of this multivariable model (training cohort), internal cross validation (training cohort) and external cross validation (validation cohort) were 0.818 (95% CI, 0.746 to 0.889), 0.785 (95% CI, 0.707 to 0.864) and 0.604 (95% CI, 0.497 to 0.710) respectively. The proposed model performed well in a local population. Further refinement is necessary to test the proposed model in populations with social and cultural differences.				PubMed	https://pubmed.ncbi.nlm.nih.gov/38439945/
CHEMBL3707313	38290534	Efficient and Stable Multicolor Emissions of the Coumarin-Modified Cs	2024				Lanthanide-based lead-free perovskite materials hold great promise for the development of high-resolution full-color displays in the future. Here, various Cs				PubMed	https://pubmed.ncbi.nlm.nih.gov/38290534/
CHEMBL3707313	38241736	High-Performance Blue Perovskite Light-Emitting Diodes Enabled by Synergistic Effect of Additives.	2024				While quasi-two-dimensional (quasi-2D) perovskites have good properties of cascade energy transfer, high exciton binding energy, and high quantum efficiency, which will benefit high-efficiency blue PeLEDs, inefficient domain distribution management and unbalanced carrier transport impede device performance improvement. Herein, (2-(9				PubMed	https://pubmed.ncbi.nlm.nih.gov/38241736/
CHEMBL3707313	38109351	Reduced Ejection Fraction in Elite Endurance Athletes: Clinical and Genetic Overlap With Dilated Cardiomyopathy.	2024				Exercise-induced cardiac remodeling can be profound, resulting in clinical overlap with dilated cardiomyopathy, yet the significance of reduced ejection fraction (EF) in athletes is unclear. The aim is to assess the prevalence, clinical consequences, and genetic predisposition of reduced EF in athletes. Young endurance athletes were recruited from elite training programs and underwent comprehensive cardiac phenotyping and genetic testing. Those with reduced EF using cardiac magnetic resonance imaging (defined as left ventricular EF <50%, or right ventricular EF <45%, or both) were compared with athletes with normal EF. A validated polygenic risk score for indexed left ventricular end-systolic volume (LVESVi-PRS), previously associated with dilated cardiomyopathy, was assessed. Clinical events were recorded over a mean of 4.4 years. Of the 281 elite endurance athletes (22±8 years, 79.7% male) undergoing comprehensive assessment, 44 of 281 (15.7%) had reduced left ventricular EF (N=12; 4.3%), right ventricular EF (N=14; 5.0%), or both (N=18; 6.4%). Reduced EF was associated with a higher burden of ventricular premature beats (13.6% versus 3.8% with >100 ventricular premature beats/24 h;  Reduced EF occurs in approximately 1 in 6 elite endurance athletes and is related to genetic predisposition in addition to exercise training. Genetic and imaging markers may help identify endurance athletes in whom scrutiny about long-term clinical outcomes may be appropriate. URL: https://www.anzctr.org.au/Trial/Registration/TrialReview.aspx?id=374976&isReview=true; Unique identifier: ACTRN12618000716268.				PubMed	https://pubmed.ncbi.nlm.nih.gov/38109351/
CHEMBL3707313	37837601	Regulation of oxygen-glucose deprivation/reperfusion-induced inflammatory responses and M1-M2 phenotype switch of BV2 microglia by lobetyolin.	2023				To elucidate the protective mechanism of lobetyolin on oxygen-glucose deprivation/reperfusion (OGD/R)-induced damage in BV2 microglial cells. The OGD/R model was established using a chemical modeling method to simulate in vivo brain ischemia in lobetyolin-pretreated BV2 cells. The optimum lobetyolin dosage, chemical concentration, and OGD/R modeling duration were screened. The changes in cell morphology were observed, and the levels of immune response-related factors, including tumor necrosis factor-α (TNF-α), interleukin-6, inducible nitric oxide synthase (iNOS), and cluster of differentiation (CD)206, were detected using the enzyme-linked immunosorbent assay. The expression of chemokine-like-factor-1 (CKLF1), hypoxia-inducible factor (HIF)-1α, TNF-α, and CD206, was detected using western blotting. The gene expression of M1 and M2 BV2 phenotype markers was assessed using quantitative polymerase chain reaction (qPCR). The localization of M1 and M2 BV2 markers was detected using immunofluorescence analysis. The results showed that lobetyolin could protect BV2 cells from OGD/R-induced damage. After OGD/R, CKLF1/C-C chemokine receptor type 4 (CCR4) levels increased in BV2 cells, whereas the CKLF1/CCR4 level was decreased due to lobetyolin pretreatment. Additionally, BV2 cells injured with OGD/R tended to be M1 type, but lobetyolin treatment shifted the phenotype of BV2 cells from M1 type to M2 type. Lobetyolin decreased the expression of TNF-α and HIF-1α but increased the expression of transforming growth factor-β (TGF-β) in BV2 cells, indicating a dose-effect relationship. The qPCR results showed that lobetyolin decreased the expression of CD16, CD32, and iNOS at the gene level and increased the expression of C-C-chemokine ligand-22 and TGF-β. The immunofluorescence analysis showed that lobetyolin decreased CD16/CD32 levels and increased CD206 levels. Lobetyolin can protect BV2 cells from OGD/R-induced damage by regulating the phenotypic polarization of BV2 and decreasing inflammatory responses. Additionally, CKLF1/CCR4 may participate in regulating lobetyolin-induced polarization of BV2 cells via the HIF-1α pathway.				PubMed	https://pubmed.ncbi.nlm.nih.gov/37837601/
CHEMBL3707313	37755113	Tandocyclinones A and B, Ether Bridged 	2023				Two new proton-deficient metabolites, tandocyclinones A and B (				PubMed	https://pubmed.ncbi.nlm.nih.gov/37755113/
CHEMBL3707313	37570758	Hydrothermal Synthesis of a Technical Lignin-Based Nanotube for the Efficient and Selective Removal of Cr(VI) from Aqueous Solution.	2023				Aminated lignin (AL) was obtained by modifying technical lignin (TL) with the Mannich reaction, and aminated lignin-based titanate nanotubes (AL-TiNTs) were successfully prepared based on the AL by a facile hydrothermal synthesis method. The characterization of AL-TiNTs showed that a Ti-O bond was introduced into the AL, and the layered and nanotubular structure was formed in the fabrication of the nanotubes. Results showed that the specific surface area increased significantly from 5.9 m				PubMed	https://pubmed.ncbi.nlm.nih.gov/37570758/
CHEMBL3707313	37109679	Identification of Microbial Species and Analysis of Antimicrobial Resistance Patterns in Acute Cholangitis Patients with Malignant and Benign Biliary Obstructions: A Comparative Study.	2023								PubMed	https://pubmed.ncbi.nlm.nih.gov/37109679/
CHEMBL3707313	36982863	Regulation of Aqueous Humor Secretion by Melatonin in Porcine Ciliary Epithelium.	2023				Secretion of melatonin, a natural hormone whose receptors are present in the ciliary epithelium, displays diurnal variation in the aqueous humor (AH), potentially contributing to the regulation of intraocular pressure. This study aimed to determine the effects of melatonin on AH secretion in porcine ciliary epithelium. The addition of 100 µM melatonin to both sides of the epithelium significantly increased the short-circuit current (Isc) by ~40%. Stromal administration alone had no effect on the Isc, but aqueous application triggered a 40% increase in Isc, similar to that of bilateral application without additive effect. Pre-treatment with niflumic acid abolished melatonin-induced Isc stimulation. More importantly, melatonin stimulated the fluid secretion across the intact ciliary epithelium by ~80% and elicited a sustained increase (~50-60%) in gap junctional permeability between pigmented ciliary epithelial (PE) cells and non-pigmented ciliary epithelial (NPE) cells. The expression of MT				PubMed	https://pubmed.ncbi.nlm.nih.gov/36982863/
CHEMBL3707313	36543763	20%-efficient polycrystalline Cd(Se,Te) thin-film solar cells with compositional gradient near the front junction.	2022				Bandgap gradient is a proven approach for improving the open-circuit voltages (V				PubMed	https://pubmed.ncbi.nlm.nih.gov/36543763/
CHEMBL3707313	36190854	Local-Regional Treatment of Hepatocellular Carcinoma: A Primer for Radiologists.	2022				The treatment planning for patients with hepatocellular carcinoma (HCC) relies predominantly on tumor burden, clinical performance, and liver function test results. Curative treatments such as resection, liver transplantation, and ablative therapies of small lesions should be considered for all patients with HCC. However, many patients are ineligible for these treatments owing to advanced disease stage and comorbidities. Despite efforts to increase screening, early-stage HCC remains difficult to diagnose, which decreases the possibility of curative therapies. In this context, local-regional treatment of HCC is accepted as a form of curative therapy in selected patients with early-stage disease, as a therapeutic option in patients who are not eligible to undergo curative therapies, as a downstaging approach to decrease tumor size toward meeting the criteria for liver transplantation, and as a bridging therapy to avoid tumor growth while the patient is on the waiting list for liver transplantation. The authors review the indications, types, mechanism of action, and possible complications of local-regional treatment, as well as the expected postprocedural imaging features of HCC. Furthermore, they discuss the role of imaging in pre- and postprocedural settings, provide guidance on how to assess treatment response, and review the current limitations of imaging assessment. Finally, the authors summarize the potential future directions with imaging tools that may add value to contemporary practice at response assessment and imaging biomarkers for patient selection, treatment response, and prognosis. 				PubMed	https://pubmed.ncbi.nlm.nih.gov/36190854/
CHEMBL3707313	35904442	Symmetry-Breaking-Induced Frequency Combs in Graphene Resonators.	2022				Nonlinearities are inherent to the dynamics of two-dimensional materials. Phenomena-like intermodal coupling already arise at amplitudes of only a few nanometers, and a range of unexplored effects still awaits to be harnessed. Here, we demonstrate a route for generating mechanical frequency combs in graphene resonators undergoing symmetry-breaking forces. We use electrostatic force to break the membrane's out-of-plane symmetry and tune its resonance frequency toward a one-to-two internal resonance, thus achieving strong coupling between two of its mechanical modes. When increasing the drive level, we observe splitting of the fundamental resonance peak, followed by the emergence of a frequency comb regime. We attribute the observed physics to a nonsymmetric restoring potential and show that the frequency comb regime is mediated by Neimark bifurcation of the periodic solution. These results demonstrate that mechanical frequency combs and chaotic dynamics in 2D material resonators can emerge near internal resonances due to symmetry-breaking.				PubMed	https://pubmed.ncbi.nlm.nih.gov/35904442/
CHEMBL3707313	35335467	Synthesis of Naphthalene-Based Polyaminal-Linked Porous Polymers for Highly Effective Uptake of CO	2022				Studying the effect of functional groups on the porosity structure and adsorption efficiency of polymer materials is becoming increasingly interesting. In this work, a novel porous polyaminal-linked polymer, based on naphthalene and melamine (PAN-NA) building blocks, was successfully synthesized by a one-pot polycondensation method, and used as an adsorbent for both CO				PubMed	https://pubmed.ncbi.nlm.nih.gov/35335467/
CHEMBL3707313	35266646	Efficient Radiative Enhancement in Perovskite Light-Emitting Devices through Involving a Novel Sandwich Localized Surface Plasmon Structure.	2022				In recent years, CsPbX				PubMed	https://pubmed.ncbi.nlm.nih.gov/35266646/
CHEMBL3707313	35254835	Highly Stable and Efficient Mn	2022				Zero-dimensional (0D) crystal structure perovskite NCs have reemerged as promising materials owing to their superior long-term stability; however, their poor conductivity leads to the inferior electrical performances and critically restricts the optoelectronic application of 0D perovskite materials. Herien, the alloyed 0D crystal structure Cs				PubMed	https://pubmed.ncbi.nlm.nih.gov/35254835/
CHEMBL3707313	35119813	Efficient and Stable CF	2022				Oleylamine and oleic acid are common organic capping ligands used in the hot injection preparation of perovskite quantum dots (QDs). Their labile nature is responsible for the poor colloidal stability and conductivity that affect the performance of perovskite QD light-emitting diodes (LEDs). We introduced 4-trifluoro phenethylammonium iodide (CF				PubMed	https://pubmed.ncbi.nlm.nih.gov/35119813/
CHEMBL3707313	35115533	Phagocytosis by an HIV antibody is associated with reduced viremia irrespective of enhanced complement lysis.	2022				Increasingly, antibodies are being used to treat and prevent viral infections. In the context of HIV, efficacy is primarily attributed to dose-dependent neutralization potency and to a lesser extent Fc-mediated effector functions. It remains unclear whether augmenting effector functions of broadly neutralizing antibodies (bNAbs) may improve their clinical potential. Here, we use bNAb 10E8v4 targeting the membrane external proximal region (MPER) to examine the role of antibody-mediated effector and complement (C') activity when administered prophylactically against SHIV challenge in rhesus macaques. With sub-protective dosing, we find a 78-88% reduction in post-acute viremia that is associated with 10E8v4-mediated phagocytosis acting at the time of challenge. Neither plasma nor tissue viremic outcomes in vivo is improved with an Fc-modified variant of 10E8v4 enhanced for C' functions as determined in vitro. These results suggest that effector functions inherent to unmodified 10E8v4 contribute to efficacy against SHIV				PubMed	https://pubmed.ncbi.nlm.nih.gov/35115533/
CHEMBL3707313	34129058	The molecular basis and cellular effects of distinct CD103 expression on CD4 and CD8 T cells.	2021				Integrin CD103 mediates the adhesion and tissue retention of T cells by binding to E-cadherin which is abundant on epithelial cells. Notably, CD103 is highly expressed on CD8 T cells but conspicuously absent on most CD4 T cells. The mechanism controlling such lineage-specific expression of CD103 remains unclear. Using a series of genetically engineered mouse models, here, we demonstrate that the regulatory mechanism of CD103 expression is distinct between CD4 and CD8 T cells, and that the transcription factor Runx3 plays an important but not an essential role in this process. We further found that the availability of integrin β7 which heterodimerizes with CD103 was necessary but also constrained the surface expression of CD103. Notably, the forced surface expression of CD103 did not significantly alter the thymic development of conventional T cells but severely impaired the generation of MHC-II-restricted TCR transgenic T cells, revealing previously unappreciated aspects of CD103 in the selection and maturation of CD4 T cells. Unlike its effect on CD4 T cell development, however, CD103 overexpression did not significantly affect CD4 T cells in peripheral tissues. Moreover, the frequency and number of CD4 T cells in the small intestine epithelium did not increase even though E-cadherin is highly expressed in this tissue. Collectively, these results suggest that most mature CD4 T cells are refractory to the effects of CD103 expression, and that they presumably utilize CD103-independent pathways to control their tissue retention and residency.				PubMed	https://pubmed.ncbi.nlm.nih.gov/34129058/
CHEMBL3707313	34065571	A Single Session of Whole-Body Electromyostimulation Increases Muscle Strength, Endurance and proNGF in Early Parkinson Patients.	2021				Parkinson's disease (PD) patients lead a sedentary lifestyle, being unable or unwilling to exercise conventionally, due to physical and mental limitations. The aim of this study was to assess the acute effects of a single session of whole-body electromyostimulation (WB-EMS) on the physical performances and serum levels of the neurotrophic factors in PD patients. Ten subjects (aged 72.60 ± 6.82) underwent 20 min of physical activity with superimposed WB-EMS and, after four weeks, the same protocol with no WB-EMS. WB-EMS was conducted with intermittent stimulation, with 4 s WB-EMS/4 s rest, at 85 Hz, 350 μs. A physical fitness assessment and blood samples collection, to evaluate neurotrophic factors' levels (BDNF, FGF21, proNGF, mNGF), were collected before and after the intervention. The RM-ANOVA showed significant improvements in sit-to-stand (				PubMed	https://pubmed.ncbi.nlm.nih.gov/34065571/
CHEMBL3707313	33963313	Intestinal microbiota influences clinical outcome and side effects of early breast cancer treatment.	2021				The prognosis of early breast cancer (BC) relies on cell autonomous and immune parameters. The impact of the intestinal microbiome on clinical outcome has not yet been evaluated. Shotgun metagenomics was used to determine the composition of the fecal microbiota in 121 specimens from 76 early BC patients, 45 of whom were paired before and after chemotherapy. These patients were enrolled in the CANTO prospective study designed to record the side effects associated with the clinical management of BC. We analyzed associations between baseline or post-chemotherapy fecal microbiota and plasma metabolomics with BC prognosis, as well as with therapy-induced side effects. We examined the clinical relevance of these findings in immunocompetent mice colonized with BC patient microbiota that were subsequently challenged with histo-compatible mouse BC and chemotherapy. We conclude that specific gut commensals that are overabundant in BC patients compared with healthy individuals negatively impact BC prognosis, are modulated by chemotherapy, and may influence weight gain and neurological side effects of BC therapies. These findings obtained in adjuvant and neoadjuvant settings warrant prospective validation.				PubMed	https://pubmed.ncbi.nlm.nih.gov/33963313/
CHEMBL3707313	33920255	Evaluation of Three Formulations of Essential Oils in Broiler Chickens under Cyclic Heat Stress.	2021				The objective of the present research was to assess the dietary supplementation of three formulations of essential oils (EO) in chickens under heat stress (HS). Day-of-hatch Cobb 500 chicks (				PubMed	https://pubmed.ncbi.nlm.nih.gov/33920255/
CHEMBL3707313	33920149	Relationship between CYP3A5 Polymorphism and Tacrolimus Blood Concentration Changes in Allogeneic Hematopoietic Stem Cell Transplant Recipients during Continuous Infusion.	2021				A polymorphism in the gene encoding the metabolic enzyme cytochrome P450 family 3 subfamily A member 5 (CYP3A5) is a particularly influential factor in the use of tacrolimus in Japanese patients. Those who are homozygotic for the 				PubMed	https://pubmed.ncbi.nlm.nih.gov/33920149/
CHEMBL3707313	33597524	Tuning nonlinear damping in graphene nanoresonators by parametric-direct internal resonance.	2021				Mechanical sources of nonlinear damping play a central role in modern physics, from solid-state physics to thermodynamics. The microscopic theory of mechanical dissipation suggests that nonlinear damping of a resonant mode can be strongly enhanced when it is coupled to a vibration mode that is close to twice its resonance frequency. To date, no experimental evidence of this enhancement has been realized. In this letter, we experimentally show that nanoresonators driven into parametric-direct internal resonance provide supporting evidence for the microscopic theory of nonlinear dissipation. By regulating the drive level, we tune the parametric resonance of a graphene nanodrum over a range of 40-70 MHz to reach successive two-to-one internal resonances, leading to a nearly two-fold increase of the nonlinear damping. Our study opens up a route towards utilizing modal interactions and parametric resonance to realize resonators with engineered nonlinear dissipation over wide frequency range.				PubMed	https://pubmed.ncbi.nlm.nih.gov/33597524/
CHEMBL3707313	33570530	Determination of prohibited lead and cadmium traces in hair dyes and henna samples using ultrasound assisted-deep eutectic solvent-based liquid phase microextraction followed by microsampling-flame atomic absorption spectrometry.	2021				In this study ultrasound assisted-deep eutectic solvent-based liquid phase microextraction followed by microsampling-flame atomic absorption spectrometry was developed to determine prohibited lead and cadmium traces in hair dye and henna samples. For this purpose, deep eutectic solvent, prepared from choline chloride and phenol, was used as an extraction solvent, dithizone was used as a complexing agent, and THF was used as an aprotic solvent. All parameters that affect extraction efficiency, such as pH, the DES volume and composition, the extraction time, the amount of dithizone, were optimized. Under the optimal conditions, for Pb(ii) and Cd(ii), enhancement factors of 92 and 57, LODs of 2.5 μg L				PubMed	https://pubmed.ncbi.nlm.nih.gov/33570530/
CHEMBL3707313	32493044	Chondral and Osteochondral Femoral Cartilage Lesions Treated with GelrinC: Significant Improvement of Radiological Outcome Over Time and Zonal Variation of the Repair Tissue Based on T	2021				To prospectively assess the efficacy of GelrinC in the treatment of chondral and osteochondral femoral cartilage lesions using morphological (Magnetic Resonance Observation of Cartilage Repair Tissue [MOCART]) and quantitative (T This study was designed as a prospective single-arm, open label, multicenter study. Morphological magnetic resonance imaging (MRI) for MOCART assessment and T Fifty-six (20 female) patients were prospectively enrolled. The mean MOCART score significantly increased from baseline to the 24-month follow-up with 88.8 (95% CI, 85.8-91.9;  Increasing MOCART scores were observed throughout the follow-up period, indicative of maturation of the cartilage repair. Significant zonal variation of the RT at 24 months might indicate the transformation into hyaline cartilage-like RT. Slightly differing morphological outcome between chondral and osteochondral lesions, but similar global and zonal T				PubMed	https://pubmed.ncbi.nlm.nih.gov/32493044/
CHEMBL3707313	32458868	High brightness blue light-emitting diodes based on CsPb(Cl/Br)	2020				All inorganic perovskite quantum dots (QDs) (CsPbX3, X = Cl, Br, I) have been applied on light-emitting devices (LEDs) in recent years due to their excellent optical and optoelectronic properties. However, blue-light emitting perovskite QD LEDs (PQD-LEDs) exhibit poor performances compared with their green- and red-light emitting counterparts. Herein, we fabricated high performing blue-light emitting PQD-LEDs based on phenethylammonium chloride (PEACl) modified CsPb(Cl/Br)3 QDs. Firstly, the PEA-CsPbCl3 QDs were synthesized by introducing certain amounts of PEACl in the conventional hot-injection synthesis process. The merit of our synthesis lies in the fact that not only the Cl vacancies of CsPbCl3 QDs are efficiently modified by introducing the PEACl precursor, but also the partial long-chain organic ligands (OLA) capping on the surface of CsPbCl3 QDs are simultaneously replaced by shorter PEACl chains. Consequently, the PEA-CsPbCl3 QDs emitting at 410 nm with a PLQY of 62.3% were achieved. Furthermore, to meet the requirement of display applications, we exchanged Cl- with Br- ions at room temperature to precisely control the blue emission in the 460-470 nm spectral region and with a maximum PLQY of 80.2% at 470 nm. Finally, the PQD-LEDs based on PEA-CsPb(Cl/Br)3 perovskite QDs emitting at 462, 465, 468 and 470 nm were fabricated. The PQD-LEDs exhibit a maximal EQE of 2.15% and luminance of 620 cd m-2, which provides the highest value of luminance for the PQD-LEDs in the blue spectral range that satisfies the requirement of practical display applications.				PubMed	https://pubmed.ncbi.nlm.nih.gov/32458868/
CHEMBL3707313	32192335	Unraveling the Dual-Functional Mechanism of Light Absorption and Hole Transport of Cu	2020				Broadening the near-infrared (NIR) spectrum of device is critical to further improve the power conversion efficiency (PCE) of the perovskite solar cells (PSCs). In this work, novel Cu				PubMed	https://pubmed.ncbi.nlm.nih.gov/32192335/
CHEMBL3707313	32093480	Bright Blue Light Emission of Ni	2020				In recent years, significant advances have been achieved in the red and green perovskite quantum dot (PQD)-based light-emitting diodes (LEDs). However, the performances of the blue perovskite LEDs are still seriously lagging behind that of the green and red counterparts. Herein, we successfully developed Ni				PubMed	https://pubmed.ncbi.nlm.nih.gov/32093480/
CHEMBL3707313	31134511	Clinical significance of epithelial-mesenchymal transition-related markers expression in the micrometastatic sentinel lymph node of NSCLC.	2020				Metastatic lymph node affectation is the main prognostic factor in localised lung cancer. However, the pathological study of lymph nodes reveals tumour relapse for 20% of patients after oncological curative surgery. Recently, EMT (epithelial-mesenchymal transition) has been established as one of the main factors related to lymphatic dissemination and metastasis. This study evaluated the prognostic value of EMT-related gene expression in micrometastatic sentinel lymph nodes (SLN) of non-small cell lung cancer (NSCLC) patients. The presence of genes CDH1, CDH2, VIM, TWIST1, SNAI1, SNAI2, ZEB1, and ZEB2 in mRNA was analysed in tumours and in the SLN of NSCLC patients for whom surgery was planned for treatment. The significant association between the expression level of EMT-related markers and patients' clinicopathological characteristics and relapse was assessed. Of the 96 patients, 56 (58.33%) presented molecular micrometastasis in SLN, which showed higher CDH1, CDH2, and VIM expressions than non-micrometastatic ones. An association linking a low CDH1/CDH2 ratio in SLN with molecular micrometastasis, adenocarcinoma, and non-smoking patients was found. The multivariate Cox regression analysis proved the prognostic accuracy of the CDH1/CDH2 ratio in SLN. The molecular EMT status of SLN could be used as an independent prognosis predictor in early stage NSLCL patients, and as a new tool to better stratify and predict patient outcomes.				PubMed	https://pubmed.ncbi.nlm.nih.gov/31134511/
CHEMBL3707313	31107638	Two new species of 	2019				Recent collections of 				PubMed	https://pubmed.ncbi.nlm.nih.gov/31107638/
CHEMBL3707313	30737389	Trifluoroacetate induced small-grained CsPbBr	2019				Quantum efficiencies of organic-inorganic hybrid lead halide perovskite light-emitting devices (LEDs) have increased significantly, but poor device operational stability still impedes their further development and application. All-inorganic perovskites show better stability than the hybrid counterparts, but the performance of their respective films used in LEDs is limited by the large perovskite grain sizes, which lowers the radiative recombination probability and results in grain boundary related trap states. We realize smooth and pinhole-free, small-grained inorganic perovskite films with improved photoluminescence quantum yield by introducing trifluoroacetate anions to effectively passivate surface defects and control the crystal growth. As a result, efficient green LEDs based on inorganic perovskite films achieve a high current efficiency of 32.0 cd A				PubMed	https://pubmed.ncbi.nlm.nih.gov/30737389/
CHEMBL3707313	30270628	In-Depth Venome of the Brazilian Rattlesnake Crotalus durissus terrificus: An Integrative Approach Combining Its Venom Gland Transcriptome and Venom Proteome.	2018				Snake venoms are complex mixtures mainly composed of proteins and small peptides. Crotoxin is one of the most studied components from Crotalus venoms, but many other components are less known due to their low abundance. The venome of Crotalus durissus terrificus, the most lethal Brazilian snake, was investigated by combining its venom gland transcriptome and proteome to create a holistic database of venom compounds unraveling novel toxins. We constructed a cDNA library from C. d. terrificus venom gland using the Illumina platform and investigated its venom proteome through high resolution liquid chromotography-tandem mass spectrometry. After integrating data from both data sets, more than 30 venom components classes were identified by the transcriptomic analysis and 15 of them were detected in the venom proteome. However, few of them (PLA				PubMed	https://pubmed.ncbi.nlm.nih.gov/30270628/
CHEMBL3707313	29171851	A facile and universal strategy for preparation of long wavelength emission carbon dots.	2017				Carbon dots (CDs) have emerged as a promising new type of fluorescent nanomaterial, although one of their main problems is the tuning of the emission wavelength toward the long wavelength region. In this work, the influence of reaction solvents to emission of CDs was systematically studied using four groups of classical precursors (citric acid individually mixed with four nitrogenous organic compounds). Water and toluene were selected to represent the hydrophobic and hydrophilic reaction medium, respectively. It is interesting to observe that in toluene solvent, all the CD products yield two emission bands of blue and yellow light, and the relative intensity of the yellow to blue can be finely tuned by the precursors. In contrast, the CDs formed in water only demonstrate blue emission. Systematic studies indicate that the spectral change results from the content control of carbogenic/defect states to surface states and the energy transfer from the carbogenic/defect states to the surface states. Moreover, solid-state luminescent CD-polymers were fabricated that also demonstrated continuously tunable emission properties. This work provides a new strategy for recognizing the generation of long wavelength-emitting CDs.				PubMed	https://pubmed.ncbi.nlm.nih.gov/29171851/
CHEMBL3707313	28634284	Co-administration of RANKL and CTLA4 Antibodies Enhances Lymphocyte-Mediated Antitumor Immunity in Mice.	2017								PubMed	https://pubmed.ncbi.nlm.nih.gov/28634284/
CHEMBL3707313	28387496	Enhanced Performance and Photostability of Perovskite Solar Cells by Introduction of Fluorescent Carbon Dots.	2017				Perovskite solar cells (PSCs) with high efficiency have recently received tremendous attention, but the stability under light irradiation, namely, photostability, of PSCs still represents a major obstacle that must be overcome before their practical applications can be used. The degeneration of perovskite under ultraviolet irradiation from sunlight is a major impacting factor. To solve this problem, in this work we introduce fluorescent carbon dots (CDs), which could effectively convert ultraviolet to blue light in the mesoporous TiO				PubMed	https://pubmed.ncbi.nlm.nih.gov/28387496/
CHEMBL3707313	26426424	Multi-probe relaxation dispersion measurements increase sensitivity to protein dynamics.	2016				"Carr-Purcell-Meiboom-Gill (CPMG) relaxation dispersion measurements are a valuable tool for the characterization of structural transitions on the micro-millisecond timescale. While the measurement of (15)N relaxation dispersion is now routine, the measurements with alternative nuclei remain limited. Here we report (15)N as well as (1)H R2 relaxation dispersion measurements of the N23PP/S148A ""dynamic knockout"" mutant of dihydrofolate reductase. The (1)H dispersion measurements are complementary to (15)N data as many additional residues are observed to have dispersive behavior for the (1)H nucleus. Simultaneous fitting of the dispersion profiles for the two nuclei increases the accuracy of exchange parameters determined for individual residues and clustered groups of residues. The different sensitivity of the two nuclei to changes in backbone torsional angles, ring currents, and hydrogen bonding effects provides important insights into the nature of the structural changes that take place during the exchange process. We observe clear evidence of direct and indirect hydrogen bond effects for the (15)N and (1)H chemical shift changes in the active-site, modulation of ring current shielding in the CD-loop and backbone torsional changes in a cluster of residues associated with the C-terminus. This work demonstrates the power of combined (1)H and (15)N probes for the study of backbone dynamics on the micro-millisecond timescale though the analysis of chemical shift changes."				PubMed	https://pubmed.ncbi.nlm.nih.gov/26426424/
CHEMBL3707313	25346426	Contribution of MDR1 gene polymorphisms on IBD predisposition and response to glucocorticoids in IBD in a Chinese population.	2015				The cornerstone of conventional treatment for inflammatory bowel disease (IBD) is glucocorticoid (GC). Single nucleotide polymorphisms (SNPs) of genes such as multidrug resistance 1 (MDR1) are related to patient's response to GC, and MDR1 polymorphisms are associated with susceptibility to IBD in Caucasians. We aimed to investigate whether the polymorphisms of five genes including MDR1 influence the response to GC in Chinese patients and the relationship between MDR1 and IBD susceptibility. SNPs were selected and genotyped in 156 IBD patients treated with GC and 223 healthy controls. Patients were evaluated and classified as GC-dependent, GC-resistant or responsive to GC after treatment. The CC genotypes of rs1128503 and rs1045642 in MDR1 gene were more frequent in Crohn's disease (CD) patients who were GC-dependent than in those responsive to GC (odds ratio [OR] 6.583, 95% confidence interval [CI] 1.760-24.628, P = 0.019 and OR 3.873, 95% CI 1.578-9.506, P = 0.009, respectively). The G allele of MDR1 rs2032582 was less frequent among CD patients than in controls (OR 0.668, 95% CI 0.484-0.921, P = 0.014). G allele carriers were also less likely to develop non-stricturing and non-penetrating CD (OR 0.661, 95% CI 0.462-0.946, P = 0.023) and ileocolonic CD (OR 0.669, 95% CI 0.472-0.948, P = 0.024). Polymorphisms of MDR1 are associated with patient's GC response and a predisposition to CD in Chinese population. Further studies are needed to elucidate the role of MDR1 polymorphisms in IBD and that as genetic markers for GC response.				PubMed	https://pubmed.ncbi.nlm.nih.gov/25346426/
CHEMBL3707313	23839863	Lymphocyte subsets: reference ranges in an age- and gender-balanced population of Omani healthy adults.	2013				Country-specific reference ranges for adult peripheral blood lymphocyte subsets have been established in a few countries around the world; however, there have been no specific comprehensive studies in the Gulf Cooperation Council (GCC) and Middle East, which investigated age and gender-specific reference ranges. Demographic and environmental factors may contribute to variations in these subsets around the world, and thus there is a great necessity for each country to establish its own reference ranges. Hence, the aim of this study is to establish lymphocyte subsets reference ranges for Omani healthy adults. Total, age, and gender-specific reference ranges were established using four-color flow cytometry analysis with an extensive panel of monoclonal antibodies in 50 healthy adult males and females aged between 18 and 57. Reference values were expressed as median and 95% confidence intervals for T cells-CD3(+) : 76.5 (57-89), CD4(+) : 45 (31-58), CD5(+) : 75 (58-85), CD7(+) : 80 (70-89), CD8(+) : 29.5 (19-43); B cells-CD10(+) : 1 (1-3), CD19(+) : 14 (6-23), CD20(+) : 14 (6-23), and NK cells-CD16(+) : 9 (3-22), CD56(+) : 13 (5-24), CD3(-) /(CD16(+) /CD56(+) ): 7 (3-20). In comparison with other published studies, the lymphocyte subsets reference ranges in healthy Omani adults were similar to those reported in the rest of the world. These observations have important clinical implications in lymphocyte subset analysis in Oman, especially in the management of immunological disorders. The reference ranges established by this study can be adopted as a reference for clinical practice decisions.				PubMed	https://pubmed.ncbi.nlm.nih.gov/23839863/
CHEMBL3707313	19783093	Heavy metal and persistent organic compound contamination in soil from Wenling: an emerging e-waste recycling city in Taizhou area, China.	2010				The present study was conducted to investigate the levels and sources of heavy metals (Cu, Cr, Cd, Pb, Zn, Hg and As) and persistent organic compounds including polycyclic aromatic hydrocarbons (PAHs) and polychlorinated biphenyls (PCBs) in soils taken from Wenling, an emerging e-waste recycling city in Taizhou, China. The results suggested that most heavy metals exceeded the respective Grade II value of soil quality standards from State Environmental Protection Administration of China and also exceeded the Dutch optimum values. Total PAHs in soil ranged from 371.8 to 1231.2 microg/kg, and relatively higher PAHs concentrations were found in soils taken from simple household workshops. PCBs were detectable in all samples with total concentrations ranging from 52.0 to 5789.5 microg/kg, which were 2.1-232.5 times higher than that from the reference site (24.9 microg/kg). Results of this study suggested soil in the Wenling e-waste recycling area were heavily contaminated by heavy metals, PAHs and PCBs. Furthermore, compared with large-scale plants, simple household workshops contributed more heavy metals, PAHs and PCBs pollution to the soil environment, indicating that soil contamination from e-waste recycling in simple household workshops should be given more attention.				PubMed	https://pubmed.ncbi.nlm.nih.gov/19783093/
CHEMBL3707313	19398152	Cadmium biosorption by polyvinyl alcohol immobilized recombinant Escherichia coli.	2009				Recombinant Escherichia coli expressing human metallothionein protein was immobilized with polyvinyl alcohol (PVA) for the removal of cadmium from solution. The adsorption ability was strongly affected by pH with optimal performance at pH 5.0, while it was less sensitive to temperature over the range of 20-42 degrees C. The adsorption kinetics and equilibrium of PVA-immobilized cells was best described by pseudo-second order model and Langmuir isotherm, respectively. Over the Cd concentrations range of 10-150 mg/l, PVA-cells had the highest Cd removal percentage (82.7%) at 10mg Cd/l and a biomass loading of 15.4 wt.%. Better adsorption ability was obtained when biomass loading was increased, as the highest adsorption capacity of 4.29 mg/g was achieved at 33.0 wt.% of biomass (initial Cd concentration=100mg/l). An aqueous solution of 0.01 M Na(3)NTA displayed the best desorption efficiency (57-89%) for four A/D cycles, while 51-61% of the original adsorption capacity was retained after regeneration.				PubMed	https://pubmed.ncbi.nlm.nih.gov/19398152/
CHEMBL3707313	19299713	Intestinal T cell responses to gluten peptides are largely heterogeneous: implications for a peptide-based therapy in celiac disease.	2009				The identification of gluten peptides eliciting intestinal T cell responses is crucial for the design of a peptide-based immunotherapy in celiac disease (CD). To date, several gluten peptides have been identified to be active in CD. In the present study, we investigated the recognition profile of gluten immunogenic peptides in adult HLA-DQ2(+) celiac patients. Polyclonal, gliadin-reactive T cell lines were generated from jejunal mucosa and assayed for both proliferation and IFN-gamma production in response to 21 peptides from wheat glutenins and alpha-, gamma-, and omega-gliadins. A magnitude analysis of the IFN-gamma responses was performed to assess the hierarchy of peptide potency. Remarkably, 12 of the 14 patients recognized a different array of peptides. All alpha-gliadin stimulatory peptides mapped the 57-89 N-terminal region, thus confirming the relevance of the known polyepitope 33-mer, although it was recognized by only 50% of the patients. By contrast, gamma-gliadin peptides were collectively recognized by the great majority (11 of 14, 78%) of CD volunteers. A 17-mer variant of 33-mer, QLQPFPQPQLPYPQPQP, containing only one copy of DQ2-alpha-I and DQ2-alpha-II epitopes, was as potent as 33-mer in stimulating intestinal T cell responses. A peptide from omega-gliadin, QPQQPFPQPQQPFPWQP, although structurally related to the alpha-gliadin 17-mer, is a distinct epitope and was active in 5 out of 14 patients. In conclusion, these results showed that there is a substantial heterogeneity in intestinal T cell responses to gluten and highlighted the relevance of gamma- and omega-gliadin peptides for CD pathogenesis. Our findings indicated that alpha-gliadin (57-73), gamma-gliadin (139-153), and omega-gliadin (102-118) are the most active gluten peptides in DQ2(+) celiac patients.				PubMed	https://pubmed.ncbi.nlm.nih.gov/19299713/
CHEMBL3707313	17442963	Monocyte recruitment, activation, and function in the gut-associated lymphoid tissue during oral Salmonella infection.	2007				Neutrophils, monocytes, and dendritic cells (DC) are phenotypically and functionally related phagocytes whose presence in infected tissues is critical to host survival. Their overlapping expression pattern of surface molecules, the differentiation capacity of monocytes, and the presence of monocyte subsets underscores the complexity of understanding the role of these cells during infection. In this study we use five- to seven-color flow cytometry to assess the phenotype and function of monocytes recruited to Peyer's patches (PP) and mesenteric lymph nodes (MLN) after oral Salmonella infection of mice. The data show that CD68(high)Gr-1(int) (intermediate) monocytes, along with CD68(int)Gr-1(high) neutrophils, rapidly accumulate in PP and MLN. The monocytes have increased MHC-II and costimulatory molecule expression and, in contrast to neutrophils and DC, produce inducible NO synthase. Although neutrophils and monocytes from infected mice produce TNF-alpha and IL-1beta upon ex vivo culture, DC do not. In addition, although recruited monocytes internalize Salmonella in vitro and in vivo they did not induce the proliferation of OT-II CD4(+) T cells after coincubation with Salmonella expressing OVA despite their ability to activate OT-II cells when pulsed with the OVA(323-339) peptide. We also show that recruited monocytes enter the PP of infected mice independently of the mucosal address in cell adhesion molecule-1 (MAdCAM-1). Finally, recruited but not resident monocytes increase in the blood of orally infected mice, and MHC-II up-regulation, but not TNF-alpha or iNOS production, occur already in the blood. These studies are the first to describe the accumulation and function of monocyte subsets in the blood and GALT during oral Salmonella infection.				PubMed	https://pubmed.ncbi.nlm.nih.gov/17442963/
CHEMBL3707313	8546719	The presence of costimulatory molecules CD86 and CD28 in rheumatoid arthritis synovium.	1996				To investigate the expressions of co-stimulatory molecules CD86 (B7-2, B70) and CD28 by cells obtained from the synovial tissues (ST) and synovial fluids (SF) of patients with rheumatoid arthritis (RA). Monoclonal antibodies (MAb) against CD86 and CD28 were used for immunochemical study of synovia from 18 RA patients, 4 osteoarthritis (OA) patients, and 4 normal subjects. These MAb were also used for flow cytometry of isolated ST cells from 8 RA and 5 OA patients and of SF mononuclear cells from 5 RA and 5 OA patients. Immunohistochemical examination revealed that CD86+ cells occurred in 11 of the 18 RA synovia, but in none of the 4 OA or 4 normal synovia. Most of the positive cells had macrophage-like morphology, and surrounded lymphoid aggregates. Most cells within lymphoid aggregates were stained positively for CD28. Flow cytometry showed that CD86+ cells comprised 2.9-33.4% (average 14.3%) of the total ST cells and 2.1-14.9% (average 6.1%) of the total SF mononuclear cells from RA patients. Approximately 40% of the CD86+ cells expressed CD14. A majority (mean 72%, range 57-89%) of the T cells in ST and SF expressed CD28. RA synovia expressed more CD86 molecules than did OA synovia (mean frequency of positive cells 14.3% versus 2.8%; mean fluorescence intensity 104.6 versus 40.9).				PubMed	https://pubmed.ncbi.nlm.nih.gov/8546719/
CHEMBL3707313	38401109	Application of Comprehensive Pelvic Floor Rehabilitation Therapy in Congestion Syndrome with Pelvic Oblique: A Case Report.	2024				Pelvic congestion syndrome (PCS), also known as ovarian vein syndrome, is one of the key causes of chronic pelvic pain. The present study combined pelvic floor myofascial manipulation, uterine conditioning, and improved Kegel exercise for the treatment of a PCS patient with pelvic inclination to provide a reference for clinical therapy. A 29-year-old female was admitted to our hospital on 20th April 2023, with the main complaint being repeated lower abdominal and lumbosacral pain with frequent urination (urine volume < 200 ml/time), external genital itching accompanied by increased secretion for more than 5 years. The patient was treated with pelvic floor myofascial manipulation, uterine conditioning, and improved Kegel exercise 6 times. Pelvic magnetic resonance imaging (MRI) examination, pelvic X-ray examination, overall posture assessment, and related functional status were observed and evaluated. After comprehensive pelvic floor rehabilitation treatment containing pelvic floor myofascial manipulation, uterine conditioning, and improved Kegel training, the symptoms and signs of the patient were significantly improved, and the effect was obvious.				PubMed	https://pubmed.ncbi.nlm.nih.gov/38401109/
CHEMBL3707313		Novel ligands that modulate RAR receptors and pharmaceutical/cosmetic compositions comprised thereof	2008								ChEMBL	https://www.ebi.ac.uk/chembl/document_report_card/CHEMBL3880406/
CHEMBL3707313	29706423	Structure-based design of Trifarotene (CD5789), a potent and selective RARγ agonist for the treatment of acne.	2018							10.1016/j.bmcl.2018.04.036	ChEMBL	https://pubmed.ncbi.nlm.nih.gov/29706423/
CHEMBL3960035		Novel ligands that modulate RAR receptors and pharmaceutical/cosmetic compositions comprised thereof	2008								ChEMBL	https://www.ebi.ac.uk/chembl/document_report_card/CHEMBL3880406/
CHEMBL3960035	29706423	Structure-based design of Trifarotene (CD5789), a potent and selective RARγ agonist for the treatment of acne.	2018							10.1016/j.bmcl.2018.04.036	ChEMBL	https://pubmed.ncbi.nlm.nih.gov/29706423/
