target_chembl_id	molecule_chembl_id	assay_chembl_id	standard_type	standard_relation	standard_value	standard_units	pchembl_value	activity_comment
CHEMBL2055	CHEMBL111217	CHEMBL803373	Ki	=	8300.0	nM	5.08	
CHEMBL2055	CHEMBL111217	CHEMBL656174	Synergy	=	1.8	nM		
CHEMBL2055	CHEMBL130231	CHEMBL803373	Ki	=	6592.0	nM	5.18	
CHEMBL2055	CHEMBL130231	CHEMBL656174	Synergy	=	1.5	nM		
CHEMBL2055	CHEMBL337393	CHEMBL803373	Ki	>	10000.0	nM		
CHEMBL2055	CHEMBL337393	CHEMBL656174	Synergy	=	0.8	nM		
CHEMBL2055	CHEMBL131826	CHEMBL803373	Ki	=	3730.0	nM	5.43	
CHEMBL2055	CHEMBL131826	CHEMBL656174	Synergy	=	1.5	nM		
CHEMBL2055	CHEMBL335242	CHEMBL803373	Ki	=	4663.0	nM	5.33	
CHEMBL2055	CHEMBL335242	CHEMBL656174	Synergy	=	1.5	nM		
CHEMBL2055	CHEMBL131122	CHEMBL803373	Ki	>	10000.0	nM		
CHEMBL2055	CHEMBL131122	CHEMBL656174	Synergy	=	9.4	nM		
CHEMBL2055	CHEMBL157398	CHEMBL802576	Relative IC50	=	50.0	nM		
CHEMBL2055	CHEMBL157398	CHEMBL659134	Relative EC30	=	4.5	nM		
CHEMBL2055	CHEMBL130317	CHEMBL803374	Ki			nM		Not Determined
CHEMBL2055	CHEMBL130317	CHEMBL656174	Synergy	=	1.2	nM		
CHEMBL2055	CHEMBL130232	CHEMBL803373	Ki	>	10000.0	nM		
CHEMBL2055	CHEMBL130232	CHEMBL656174	Synergy	=	1.6	nM		
CHEMBL2055	CHEMBL38	CHEMBL799873	IC50	=	0.89	nM	9.05	
CHEMBL2055	CHEMBL38	CHEMBL654646	EC30	=	1.1	nM		
CHEMBL2055	CHEMBL133915	CHEMBL803373	Ki	=	4555.0	nM	5.34	
CHEMBL2055	CHEMBL133915	CHEMBL656174	Synergy	=	1.1	nM		
CHEMBL2055	CHEMBL348635	CHEMBL802576	Relative IC50	=	1.4	nM		
CHEMBL2055	CHEMBL348635	CHEMBL659134	Relative EC30	>	10000.0	nM		
CHEMBL2055	CHEMBL422088	CHEMBL803373	Ki	=	6756.0	nM	5.17	
CHEMBL2055	CHEMBL422088	CHEMBL656174	Synergy	=	1.5	nM		
CHEMBL2055	CHEMBL158065	CHEMBL802576	Relative IC50	=	9.7	nM		
CHEMBL2055	CHEMBL158065	CHEMBL659134	Relative EC30	=	1.8	nM		
CHEMBL2055	CHEMBL42314	CHEMBL803373	Ki	=	54.0	nM	7.27	
CHEMBL2055	CHEMBL133896	CHEMBL803373	Ki	>	10000.0	nM		
CHEMBL2055	CHEMBL133896	CHEMBL656174	Synergy	=	2.8	nM		
CHEMBL2055	CHEMBL160622	CHEMBL802576	Relative IC50	<	1.0	nM		
CHEMBL2055	CHEMBL160622	CHEMBL659134	Relative EC30	=	1.1	nM		
CHEMBL2055	CHEMBL75133	CHEMBL656174	Synergy	=	1.9	nM		
CHEMBL2055	CHEMBL424269	CHEMBL803373	Ki	=	2750.0	nM	5.56	
CHEMBL2055	CHEMBL424269	CHEMBL656174	Synergy	=	1.2	nM		
CHEMBL2055	CHEMBL156696	CHEMBL802576	Relative IC50	=	15.0	nM		
CHEMBL2055	CHEMBL156696	CHEMBL659134	Relative EC30	=	49.0	nM		
CHEMBL2055	CHEMBL158064	CHEMBL802576	Relative IC50	=	2.7	nM		
CHEMBL2055	CHEMBL158064	CHEMBL659134	Relative EC30	=	20.0	nM		
CHEMBL2055	CHEMBL132568	CHEMBL803373	Ki	=	2500.0	nM	5.60	
CHEMBL2055	CHEMBL132568	CHEMBL656174	Synergy	=	1.4	nM		
CHEMBL2055	CHEMBL156929	CHEMBL802576	Relative IC50	=	24.0	nM		
CHEMBL2055	CHEMBL156929	CHEMBL659134	Relative EC30	=	2.8	nM		
CHEMBL2055	CHEMBL288436	CHEMBL803373	Ki	=	1550.0	nM	5.81	
CHEMBL2055	CHEMBL288436	CHEMBL656174	Synergy	=	6.9	nM		
CHEMBL2055	CHEMBL130374	CHEMBL803373	Ki	=	4555.0	nM	5.34	
CHEMBL2055	CHEMBL130374	CHEMBL656174	Synergy	=	1.4	nM		
CHEMBL2055	CHEMBL156299	CHEMBL802577	Relative IC50	>	1000.0	nM		
CHEMBL2055	CHEMBL156299	CHEMBL659134	Relative EC30	=	90.0	nM		
CHEMBL2055	CHEMBL424639	CHEMBL803373	Ki	=	4659.0	nM	5.33	
CHEMBL2055	CHEMBL424639	CHEMBL656174	Synergy	=	1.0	nM		
CHEMBL2055	CHEMBL160376	CHEMBL802576	Relative IC50	=	0.49	nM		
CHEMBL2055	CHEMBL160376	CHEMBL659134	Relative EC30	=	0.27	nM		
CHEMBL2055	CHEMBL156356	CHEMBL802577	Relative IC50	>	1000.0	nM		
CHEMBL2055	CHEMBL156356	CHEMBL659135	Relative EC30	>	10000.0	nM		
CHEMBL2055	CHEMBL100439	CHEMBL799981	Relative IC50	=	6.1	nM		
CHEMBL2055	CHEMBL100439	CHEMBL799980	Relative EC30	=	1.3	nM		
CHEMBL2055	CHEMBL98249	CHEMBL799981	Relative IC50	=	15.0	nM		
CHEMBL2055	CHEMBL98249	CHEMBL799980	Relative EC30	=	6.0	nM		
CHEMBL2055	CHEMBL38	CHEMBL799982	Relative IC50	=	0.76	nM		
CHEMBL2055	CHEMBL38	CHEMBL838382	Relative EC30	=	3.4	nM		
CHEMBL2055	CHEMBL100131	CHEMBL799981	Relative IC50	=	16.0	nM		
CHEMBL2055	CHEMBL100131	CHEMBL799980	Relative EC30	=	1.0	nM		
CHEMBL2055	CHEMBL98580	CHEMBL799981	Relative IC50	=	62.0	nM		
CHEMBL2055	CHEMBL98580	CHEMBL799980	Relative EC30	=	2.4	nM		
CHEMBL2055	CHEMBL48353	CHEMBL799981	Relative IC50	=	1.4	nM		
CHEMBL2055	CHEMBL48353	CHEMBL799980	Relative EC30	=	0.37	nM		
CHEMBL2055	CHEMBL98218	CHEMBL799981	Relative IC50	=	12.0	nM		
CHEMBL2055	CHEMBL98218	CHEMBL799980	Relative EC30	=	3.1	nM		
CHEMBL2055	CHEMBL46229	CHEMBL799981	Relative IC50	=	1.5	nM		
CHEMBL2055	CHEMBL46229	CHEMBL799980	Relative EC30	=	0.7	nM		
CHEMBL2055	CHEMBL430677	CHEMBL799981	Relative IC50	=	1.9	nM		
CHEMBL2055	CHEMBL430677	CHEMBL799980	Relative EC30	=	0.29	nM		
CHEMBL2055	CHEMBL98263	CHEMBL799981	Relative IC50	=	1.6	nM		
CHEMBL2055	CHEMBL98263	CHEMBL799980	Relative EC30	=	0.8	nM		
CHEMBL2055	CHEMBL78535	CHEMBL799981	Relative IC50	=	2.5	nM		
CHEMBL2055	CHEMBL78535	CHEMBL799980	Relative EC30	=	0.8	nM		
CHEMBL2055	CHEMBL297022	CHEMBL799981	Relative IC50	=	9.4	nM		
CHEMBL2055	CHEMBL297022	CHEMBL799980	Relative EC30	=	2.0	nM		
CHEMBL2055	CHEMBL40007	CHEMBL772397	Activity	=	9.0	%		
CHEMBL2055	CHEMBL86893	CHEMBL772397	Activity	=	6.0	%		
CHEMBL2055	CHEMBL89253	CHEMBL772397	Activity	=	0.0	%		
CHEMBL2055	CHEMBL415449	CHEMBL772397	Activity	=	12.0	%		
CHEMBL2055	CHEMBL415449	CHEMBL884081	EC50	=	2300.0	nM	5.64	
CHEMBL2055	CHEMBL285179	CHEMBL772397	Activity	=	63.0	%		
CHEMBL2055	CHEMBL285179	CHEMBL884081	EC50	=	37.0	nM	7.43	
CHEMBL2055	CHEMBL86663	CHEMBL772397	Activity	=	14.0	%		
CHEMBL2055	CHEMBL86663	CHEMBL884081	EC50	=	1000.0	nM	6.00	
CHEMBL2055	CHEMBL39344	CHEMBL772397	Activity	=	56.0	%		
CHEMBL2055	CHEMBL39344	CHEMBL884081	EC50	=	27.0	nM	7.57	
CHEMBL2055	CHEMBL73321	CHEMBL772397	Activity	=	53.0	%		
CHEMBL2055	CHEMBL73321	CHEMBL884081	EC50	=	45.0	nM	7.35	
CHEMBL2055	CHEMBL313742	CHEMBL772397	Activity	=	5.0	%		
CHEMBL2055	CHEMBL705	CHEMBL772397	Activity	=	110.0	%		
CHEMBL2055	CHEMBL705	CHEMBL884081	EC50	=	45.0	nM	7.35	
CHEMBL2055	CHEMBL275311	CHEMBL772397	Activity	=	80.0	%		
CHEMBL2055	CHEMBL275311	CHEMBL884081	EC50	=	85.0	nM	7.07	
CHEMBL2055	CHEMBL87147	CHEMBL772397	Activity	=	45.0	%		
CHEMBL2055	CHEMBL87147	CHEMBL884081	EC50	=	2100.0	nM	5.68	
CHEMBL2055	CHEMBL26129	CHEMBL772397	Activity	=	10.0	%		
CHEMBL2055	CHEMBL26129	CHEMBL884081	EC50	=	5000.0	nM	5.30	
CHEMBL2055	CHEMBL38	CHEMBL772397	Activity	=	100.0	%		
CHEMBL2055	CHEMBL38	CHEMBL884081	EC50	=	27.0	nM	7.57	
CHEMBL2055	CHEMBL284264	CHEMBL772397	Activity	=	64.0	%		
CHEMBL2055	CHEMBL284264	CHEMBL772396	EC50	=	240.0	nM	6.62	
CHEMBL2055	CHEMBL36718	CHEMBL772397	Activity	=	52.0	%		
CHEMBL2055	CHEMBL36718	CHEMBL884081	EC50	=	550.0	nM	6.26	
CHEMBL2055	CHEMBL84681	CHEMBL772397	Activity	=	0.0	%		
CHEMBL2055	CHEMBL1265	CHEMBL799803	Ki	=	1100.0	nM	5.96	
CHEMBL2055	CHEMBL75311	CHEMBL799803	Ki	>	3000.0	nM		
CHEMBL2055	CHEMBL75527	CHEMBL799803	Ki	=	5787.0	nM	5.24	
CHEMBL2055	CHEMBL350485	CHEMBL799719	Kd	=	129.0	nM	6.89	
CHEMBL2055	CHEMBL350485	CHEMBL799869	IC50	=	225.0	nM	6.65	
CHEMBL2055	CHEMBL350485	CHEMBL799867	Efficacy	=	96.0	%		
CHEMBL2055	CHEMBL75732	CHEMBL799803	Ki	=	764.0	nM	6.12	
CHEMBL2055	CHEMBL424190	CHEMBL799719	Kd	=	350.0	nM	6.46	
CHEMBL2055	CHEMBL424190	CHEMBL799869	IC50	=	875.0	nM	6.06	
CHEMBL2055	CHEMBL424190	CHEMBL799867	Efficacy	=	94.0	%		
CHEMBL2055	CHEMBL308170	CHEMBL799803	Ki	=	1471.0	nM	5.83	
CHEMBL2055	CHEMBL74218	CHEMBL799803	Ki	>	3000.0	nM		
CHEMBL2055	CHEMBL38	CHEMBL798385	EC50	=	240.0	nM	6.62	
CHEMBL2055	CHEMBL38	CHEMBL799719	Kd	=	14.0	nM	7.85	
CHEMBL2055	CHEMBL349018	CHEMBL799719	Kd	=	148.0	nM	6.83	
CHEMBL2055	CHEMBL349018	CHEMBL799869	IC50	=	210.0	nM	6.68	
CHEMBL2055	CHEMBL349018	CHEMBL799867	Efficacy	=	93.0	%		
CHEMBL2055	CHEMBL349935	CHEMBL799719	Kd	=	136.0	nM	6.87	
CHEMBL2055	CHEMBL349935	CHEMBL799869	IC50	=	220.0	nM	6.66	
CHEMBL2055	CHEMBL349935	CHEMBL799867	Efficacy	=	97.0	%		
CHEMBL2055	CHEMBL75048	CHEMBL799803	Ki	=	821.0	nM	6.09	
CHEMBL2055	CHEMBL165843	CHEMBL798385	EC50	=	30.0	nM	7.52	
CHEMBL2055	CHEMBL165843	CHEMBL799719	Kd	=	36.0	nM	7.44	
CHEMBL2055	CHEMBL151870	CHEMBL798385	EC50	=	435.0	nM	6.36	
CHEMBL2055	CHEMBL151870	CHEMBL799719	Kd	=	135.0	nM	6.87	
CHEMBL2055	CHEMBL358145	CHEMBL799719	Kd	=	17.0	nM	7.77	
CHEMBL2055	CHEMBL358145	CHEMBL799869	IC50	=	31.0	nM	7.51	
CHEMBL2055	CHEMBL358145	CHEMBL799867	Efficacy	=	91.0	%		
CHEMBL2055	CHEMBL164176	CHEMBL799719	Kd	>	1000.0	nM		
CHEMBL2055	CHEMBL75848	CHEMBL799803	Ki	=	487.0	nM	6.31	
CHEMBL2055	CHEMBL25361	CHEMBL799803	Ki	=	580.0	nM	6.24	
CHEMBL2055	CHEMBL74331	CHEMBL799977	Ki	=	3.1	nM	8.51	
CHEMBL2055	CHEMBL38	CHEMBL799977	Ki	=	0.1	nM	10.00	
CHEMBL2055	CHEMBL73973	CHEMBL799977	Ki	>	4000.0	nM		
CHEMBL2055	CHEMBL275311	CHEMBL802229	EC50	=	21.0	nM	7.68	
CHEMBL2055	CHEMBL151870	CHEMBL802229	EC50	=	598.0	nM	6.22	
CHEMBL2055	CHEMBL151672	CHEMBL802230	EC50	>	10000.0	nM		
CHEMBL2055	CHEMBL44478	CHEMBL802229	EC50	=	102.0	nM	6.99	
CHEMBL2055	CHEMBL147335	CHEMBL802230	EC50	>	10000.0	nM		
CHEMBL2055	CHEMBL150583	CHEMBL802230	EC50	>	10000.0	nM		
CHEMBL2055	CHEMBL150691	CHEMBL802230	EC50	>	10000.0	nM		
CHEMBL2055	CHEMBL38	CHEMBL802229	EC50	=	5.0	nM	8.30	
CHEMBL2055	CHEMBL111983	CHEMBL802725	Activity	=	3.0	%		
CHEMBL2055	CHEMBL111911	CHEMBL802725	Activity	=	10.0	%		
CHEMBL2055	CHEMBL115763	CHEMBL802725	Activity	=	6.0	%		
CHEMBL2055	CHEMBL112715	CHEMBL802725	Activity	=	1.0	%		
CHEMBL2055	CHEMBL101308	CHEMBL802725	Activity	=	1.0	%		
CHEMBL2055	CHEMBL115164	CHEMBL802725	Activity	=	6.0	%		
CHEMBL2055	CHEMBL414233	CHEMBL802725	Activity	=	3.0	%		
CHEMBL2055	CHEMBL423654	CHEMBL801812	AC50	=	370.0	nM	6.43	
CHEMBL2055	CHEMBL423654	CHEMBL802580	Activation	=	61.0	%		
CHEMBL2055	CHEMBL25337	CHEMBL801812	AC50	=	14.0	nM	7.85	
CHEMBL2055	CHEMBL25337	CHEMBL802580	Activation	=	86.0	%		
CHEMBL2055	CHEMBL114319	CHEMBL802725	Activity	=	6.0	%		
CHEMBL2055	CHEMBL27226	CHEMBL801812	AC50	=	79.0	nM	7.10	
CHEMBL2055	CHEMBL27226	CHEMBL802580	Activation	=	87.0	%		
CHEMBL2055	CHEMBL705	CHEMBL802725	Activity	=	100.0	%		
CHEMBL2055	CHEMBL705	CHEMBL799862	EC50	=	23.0	nM	7.64	
CHEMBL2055	CHEMBL116859	CHEMBL802725	Activity	=	7.0	%		
CHEMBL2055	CHEMBL1023	CHEMBL802725	Activity	=	17.0	%		
CHEMBL2055	CHEMBL25038	CHEMBL801812	AC50	>	1000.0	nM		
CHEMBL2055	CHEMBL25038	CHEMBL802580	Activation	=	6.0	%		
CHEMBL2055	CHEMBL25088	CHEMBL801812	AC50	>	1000.0	nM		
CHEMBL2055	CHEMBL25088	CHEMBL802580	Activation	=	43.0	%		
CHEMBL2055	CHEMBL115050	CHEMBL802725	Activity	=	48.0	%		
CHEMBL2055	CHEMBL428708	CHEMBL801812	AC50	>	1000.0	nM		
CHEMBL2055	CHEMBL428708	CHEMBL802580	Activation	=	26.0	%		
CHEMBL2055	CHEMBL418570	CHEMBL801812	AC50	=	1.0	nM	9.00	
CHEMBL2055	CHEMBL418570	CHEMBL802580	Activation	=	127.0	%		
CHEMBL2055	CHEMBL24966	CHEMBL802725	Activity	=	0.0	%		
CHEMBL2055	CHEMBL25361	CHEMBL801812	AC50	>	1000.0	nM		
CHEMBL2055	CHEMBL25361	CHEMBL802580	Activation	=	23.0	%		
CHEMBL2055	CHEMBL96184	CHEMBL802725	Activity	=	3.0	%		
CHEMBL2055	CHEMBL323626	CHEMBL802725	Activity	=	0.0	%		
CHEMBL2055	CHEMBL275311	CHEMBL801812	AC50	=	200.0	nM	6.70	
CHEMBL2055	CHEMBL275311	CHEMBL802580	Activation	=	85.0	%		
CHEMBL2055	CHEMBL115558	CHEMBL802725	Activity	=	3.0	%		
CHEMBL2055	CHEMBL38	CHEMBL802724	Activity	=	82.0	%		
CHEMBL2055	CHEMBL326766	CHEMBL802725	Activity	=	1.0	%		
CHEMBL2055	CHEMBL113975	CHEMBL802725	Activity	=	3.0	%		
CHEMBL2055	CHEMBL114880	CHEMBL802725	Activity	=	2.0	%		
CHEMBL2055	CHEMBL113865	CHEMBL802725	Activity	=	15.0	%		
CHEMBL2055	CHEMBL113864	CHEMBL802725	Activity	=	18.0	%		
CHEMBL2055	CHEMBL114390	CHEMBL802725	Activity	=	9.0	%		
CHEMBL2055	CHEMBL98172	CHEMBL802725	Activity	=	0.0	%		
CHEMBL2055	CHEMBL326855	CHEMBL802725	Activity	=	6.0	%		
CHEMBL2055	CHEMBL705	CHEMBL799701	EC50	=	102.0	nM	6.99	
CHEMBL2055	CHEMBL96829	CHEMBL799701	EC50	>	0.001	nM		
CHEMBL2055	CHEMBL92926	CHEMBL799701	EC50	=	2690.0	nM	5.57	
CHEMBL2055	CHEMBL93628	CHEMBL799701	EC50	>	0.001	nM		
CHEMBL2055	CHEMBL32505	CHEMBL799701	EC50	=	4580.0	nM	5.34	
CHEMBL2055	CHEMBL91718	CHEMBL799701	EC50	>	0.001	nM		
CHEMBL2055	CHEMBL38	CHEMBL799701	EC50	=	5.0	nM	8.30	
CHEMBL2055	CHEMBL275311	CHEMBL799701	EC50	=	21.0	nM	7.68	
CHEMBL2055	CHEMBL316336	CHEMBL799701	EC50	>	0.001	nM		
CHEMBL2055	CHEMBL93985	CHEMBL799701	EC50	>	0.001	nM		
CHEMBL2055	CHEMBL347411	CHEMBL799718	Kd	>	0.001	nM		
CHEMBL2055	CHEMBL284167	CHEMBL772308	EC50	=	989.0	nM	6.00	
CHEMBL2055	CHEMBL2114394	CHEMBL772309	EC50			nM		Not Active
CHEMBL2055	CHEMBL284937	CHEMBL772309	EC50			nM		Not Active
CHEMBL2055	CHEMBL705	CHEMBL772308	EC50	=	102.0	nM	6.99	
CHEMBL2055	CHEMBL705	CHEMBL799718	Kd	=	93.0	nM	7.03	
CHEMBL2055	CHEMBL36464	CHEMBL772308	EC50	>	1000.0	nM		
CHEMBL2055	CHEMBL285179	CHEMBL772308	EC50	=	24.0	nM	7.62	
CHEMBL2055	CHEMBL12585	CHEMBL772308	EC50	=	11.0	nM	7.96	
CHEMBL2055	CHEMBL38	CHEMBL772308	EC50	=	5.0	nM	8.30	
CHEMBL2055	CHEMBL275311	CHEMBL772308	EC50	=	21.0	nM	7.68	
CHEMBL2055	CHEMBL38	CHEMBL799718	Kd	=	15.0	nM	7.82	
CHEMBL2055	CHEMBL157333	CHEMBL799718	Kd	>	0.001	nM		
CHEMBL2055	CHEMBL441231	CHEMBL772308	EC50	=	15.0	nM	7.82	
CHEMBL2055	CHEMBL32505	CHEMBL772308	EC50	=	4580.0	nM	5.34	
CHEMBL2055	CHEMBL348310	CHEMBL799757	Relative IC50	=	39.0	nM		
CHEMBL2055	CHEMBL348310	CHEMBL659144	Relative EC30	>	10000.0	nM		
CHEMBL2055	CHEMBL432261	CHEMBL801811	AC50	>	1000.0	nM		
CHEMBL2055	CHEMBL432261	CHEMBL802579	Activation	=	0.0	%		
CHEMBL2055	CHEMBL159167	CHEMBL799757	Relative IC50	=	13.0	nM		
CHEMBL2055	CHEMBL159167	CHEMBL659143	Relative EC30	=	0.19	nM		
CHEMBL2055	CHEMBL24966	CHEMBL801811	AC50	>	1000.0	nM		
CHEMBL2055	CHEMBL24966	CHEMBL802579	Activation	=	0.0	%		
CHEMBL2055	CHEMBL347437	CHEMBL799757	Relative IC50	=	98.0	nM		
CHEMBL2055	CHEMBL347437	CHEMBL659143	Relative EC30	=	1.0	nM		
CHEMBL2055	CHEMBL159168	CHEMBL799757	Relative IC50	=	7.6	nM		
CHEMBL2055	CHEMBL159168	CHEMBL659143	Relative EC30	=	0.22	nM		
CHEMBL2055	CHEMBL280140	CHEMBL801811	AC50	>	1000.0	nM		
CHEMBL2055	CHEMBL280140	CHEMBL802579	Activation	=	19.0	%		
CHEMBL2055	CHEMBL25244	CHEMBL801811	AC50	>	1000.0	nM		
CHEMBL2055	CHEMBL25244	CHEMBL802579	Activation	=	0.0	%		
CHEMBL2055	CHEMBL26295	CHEMBL801811	AC50	>	1000.0	nM		
CHEMBL2055	CHEMBL26295	CHEMBL802579	Activation	=	0.0	%		
CHEMBL2055	CHEMBL38	CHEMBL802581	Relative IC50	=	1.0	nM		
CHEMBL2055	CHEMBL38	CHEMBL659143	Relative EC30	=	1.0	nM		
CHEMBL2055	CHEMBL38	CHEMBL799872	IC50	=	0.78	nM	9.11	
CHEMBL2055	CHEMBL38	CHEMBL654645	EC30	=	0.99	nM		
CHEMBL2055	CHEMBL277626	CHEMBL801811	AC50	>	1000.0	nM		
CHEMBL2055	CHEMBL277626	CHEMBL802579	Activation	=	-23.0	%		
CHEMBL2055	CHEMBL705	CHEMBL801811	AC50	=	19.0	nM	7.72	
CHEMBL2055	CHEMBL705	CHEMBL802579	Activation	=	105.0	%		
CHEMBL2055	CHEMBL146636	CHEMBL799802	Ki	>	10000.0	nM		
CHEMBL2055	CHEMBL109847	CHEMBL799799	Ki	=	2582.0	nM	5.59	
CHEMBL2055	CHEMBL109847	CHEMBL799702	EC50	=	14.0	nM	7.85	
CHEMBL2055	CHEMBL25361	CHEMBL799802	Ki	=	580.0	nM	6.24	
CHEMBL2055	CHEMBL146646	CHEMBL799802	Ki	=	610.0	nM	6.21	
CHEMBL2055	CHEMBL36768	CHEMBL799802	Ki	=	5.3	nM	8.28	
CHEMBL2055	CHEMBL1180	CHEMBL799802	Ki	=	6500.0	nM	5.19	
CHEMBL2055	CHEMBL342051	CHEMBL799802	Ki	=	8500.0	nM	5.07	
CHEMBL2055	CHEMBL148231	CHEMBL799802	Ki	>	10000.0	nM		
CHEMBL2055	CHEMBL74826	CHEMBL799802	Ki	=	130.0	nM	6.89	
CHEMBL2055	CHEMBL348449	CHEMBL799802	Ki	=	834.0	nM	6.08	
CHEMBL2055	CHEMBL345022	CHEMBL799802	Ki	=	1056.0	nM	5.98	
CHEMBL2055	CHEMBL111589	CHEMBL799799	Ki	=	306.0	nM	6.51	
CHEMBL2055	CHEMBL111589	CHEMBL799702	EC50	=	40.0	nM	7.40	
CHEMBL2055	CHEMBL357917	CHEMBL799802	Ki	=	695.0	nM	6.16	
CHEMBL2055	CHEMBL422490	CHEMBL799802	Ki	>	10000.0	nM		
CHEMBL2055	CHEMBL357603	CHEMBL799802	Ki	>	10000.0	nM		
CHEMBL2055	CHEMBL38	CHEMBL799802	Ki	=	16.0	nM	7.80	
CHEMBL2055	CHEMBL146092	CHEMBL799802	Ki	=	6500.0	nM	5.19	
CHEMBL2055	CHEMBL345298	CHEMBL799802	Ki	=	1120.0	nM	5.95	
CHEMBL2055	CHEMBL275311	CHEMBL799802	Ki	=	21.0	nM	7.68	
CHEMBL2055	CHEMBL74218	CHEMBL799802	Ki	>	10000.0	nM		
CHEMBL2055	CHEMBL421773	CHEMBL799802	Ki	=	1144.0	nM	5.94	
CHEMBL2055	CHEMBL149366	CHEMBL799802	Ki	>	10000.0	nM		
CHEMBL2055	CHEMBL356326	CHEMBL799802	Ki	=	420.0	nM	6.38	
CHEMBL2055	CHEMBL147545	CHEMBL799802	Ki	=	5000.0	nM	5.30	
CHEMBL2055	CHEMBL109581	CHEMBL799799	Ki	=	1791.0	nM	5.75	
CHEMBL2055	CHEMBL109581	CHEMBL799702	EC50	=	4.0	nM	8.40	
CHEMBL2055	CHEMBL145911	CHEMBL799802	Ki	>	10000.0	nM		
CHEMBL2055	CHEMBL146449	CHEMBL799802	Ki	=	460.0	nM	6.34	
CHEMBL2055	CHEMBL1265	CHEMBL799802	Ki	=	1100.0	nM	5.96	
CHEMBL2055	CHEMBL337855	CHEMBL799978	Ki					No data
CHEMBL2055	CHEMBL337855	CHEMBL800632	EC30	=	1.7	nM		
CHEMBL2055	CHEMBL337855	CHEMBL688572	ED30	=	2.1	nM		
CHEMBL2055	CHEMBL336365	CHEMBL800631	EC30	=	80.0	nM		
CHEMBL2055	CHEMBL336365	CHEMBL799714	ED30	=	20.0	nM		
CHEMBL2055	CHEMBL336365	CHEMBL799979	Ki					No data
CHEMBL2055	CHEMBL705	CHEMBL800770	EC50	=	102.0	nM	6.99	
CHEMBL2055	CHEMBL134375	CHEMBL799791	IC50	=	0.45	nM	9.35	
CHEMBL2055	CHEMBL134375	CHEMBL698011	EC30	=	0.34	nM		
CHEMBL2055	CHEMBL134375	CHEMBL688572	ED30	=	0.54	nM		
CHEMBL2055	CHEMBL357015	CHEMBL798139	Transcriptional activation					Not Active
CHEMBL2055	CHEMBL357015	CHEMBL800328	Kd	=	1000.0	nM	6.00	
CHEMBL2055	CHEMBL132033	CHEMBL799792	IC50	=	32.0	nM	7.50	
CHEMBL2055	CHEMBL132033	CHEMBL800632	EC30	=	1.8	nM		
CHEMBL2055	CHEMBL132033	CHEMBL688572	ED30	=	2.1	nM		
CHEMBL2055	CHEMBL92096	CHEMBL798139	Transcriptional activation					Not Active
CHEMBL2055	CHEMBL92096	CHEMBL800328	Kd	=	6000.0	nM	5.22	
CHEMBL2055	CHEMBL308967	CHEMBL799863	EC50			nM		Not Active
CHEMBL2055	CHEMBL308967	CHEMBL799876	Kd	>	1000.0	nM		
CHEMBL2055	CHEMBL75741	CHEMBL799863	EC50			nM		Not Active
CHEMBL2055	CHEMBL75741	CHEMBL799717	Kd			nM		Not Active
CHEMBL2055	CHEMBL344122	CHEMBL798139	Transcriptional activation					Not Active
CHEMBL2055	CHEMBL344122	CHEMBL800328	Kd	=	9000.0	nM	5.05	
CHEMBL2055	CHEMBL306999	CHEMBL799863	EC50			nM		Not Active
CHEMBL2055	CHEMBL306999	CHEMBL799876	Kd	>	1000.0	nM		
CHEMBL2055	CHEMBL430616	CHEMBL799863	EC50			nM		Not Active
CHEMBL2055	CHEMBL430616	CHEMBL799876	Kd	=	58.0	nM	7.24	
CHEMBL2055	CHEMBL80934	CHEMBL799863	EC50			nM		Not Active
CHEMBL2055	CHEMBL80934	CHEMBL799876	Kd	>	1000.0	nM		
CHEMBL2055	CHEMBL80820	CHEMBL879144	EC50	=	2300.0	nM	5.64	
CHEMBL2055	CHEMBL80820	CHEMBL799876	Kd	=	5202.0	nM	5.28	
CHEMBL2055	CHEMBL38	CHEMBL798141	EC50	=	350.0	nM	6.46	
CHEMBL2055	CHEMBL38	CHEMBL798143	Kd	=	15.0	nM	7.82	
CHEMBL2055	CHEMBL133725	CHEMBL799792	IC50	=	2.2	nM	8.66	
CHEMBL2055	CHEMBL133725	CHEMBL698008	EC30	=	0.32	nM		
CHEMBL2055	CHEMBL133725	CHEMBL688572	ED30	=	0.11	nM		
CHEMBL2055	CHEMBL76313	CHEMBL799863	EC50			nM		Not Active
CHEMBL2055	CHEMBL76313	CHEMBL799876	Kd	=	136.0	nM	6.87	
CHEMBL2055	CHEMBL69367	CHEMBL799791	IC50	=	41.0	nM	7.39	
CHEMBL2055	CHEMBL69367	CHEMBL698011	EC30	=	0.3	nM		
CHEMBL2055	CHEMBL69367	CHEMBL688572	ED30	=	0.34	nM		
CHEMBL2055	CHEMBL147845	CHEMBL798139	Transcriptional activation					Not Active
CHEMBL2055	CHEMBL147845	CHEMBL800328	Kd	>	5000.0	nM		
CHEMBL2055	CHEMBL144058	CHEMBL798139	Transcriptional activation					Not Active
CHEMBL2055	CHEMBL144058	CHEMBL800328	Kd	=	28000.0	nM	4.55	
CHEMBL2055	CHEMBL336147	CHEMBL800631	EC30	=	38.0	nM		
CHEMBL2055	CHEMBL336147	CHEMBL799714	ED30	=	240.0	nM		
CHEMBL2055	CHEMBL336147	CHEMBL799979	Ki					No data
CHEMBL2055	CHEMBL311269	CHEMBL799863	EC50			nM		Not Active
CHEMBL2055	CHEMBL311269	CHEMBL799876	Kd	=	627.0	nM	6.20	
CHEMBL2055	CHEMBL80271	CHEMBL799863	EC50	=	17.0	nM	7.77	
CHEMBL2055	CHEMBL80271	CHEMBL799876	Kd	=	52.0	nM	7.28	
CHEMBL2055	CHEMBL25202	CHEMBL799791	IC50	=	78.0	nM	7.11	
CHEMBL2055	CHEMBL25202	CHEMBL698011	EC30	=	1.3	nM		
CHEMBL2055	CHEMBL25202	CHEMBL688572	ED30	=	0.67	nM		
CHEMBL2055	CHEMBL131925	CHEMBL799792	IC50	=	19.0	nM	7.72	
CHEMBL2055	CHEMBL131925	CHEMBL800632	EC30	=	0.35	nM		
CHEMBL2055	CHEMBL131925	CHEMBL688572	ED30	=	0.21	nM		
CHEMBL2055	CHEMBL38	CHEMBL799860	EC50	=	5.0	nM	8.30	
CHEMBL2055	CHEMBL38	CHEMBL800328	Kd	=	16.0	nM	7.80	
CHEMBL2055	CHEMBL336311	CHEMBL799792	IC50	=	83.0	nM	7.08	
CHEMBL2055	CHEMBL336311	CHEMBL800632	EC30	=	5.2	nM		
CHEMBL2055	CHEMBL336311	CHEMBL688572	ED30	=	11.0	nM		
CHEMBL2055	CHEMBL131810	CHEMBL799792	IC50	=	130.0	nM	6.89	
CHEMBL2055	CHEMBL131810	CHEMBL800632	EC30	=	15.0	nM		
CHEMBL2055	CHEMBL131810	CHEMBL688572	ED30	=	40.0	nM		
CHEMBL2055	CHEMBL131850	CHEMBL799792	IC50	=	2.4	nM	8.62	
CHEMBL2055	CHEMBL131850	CHEMBL800632	EC30	=	0.87	nM		
CHEMBL2055	CHEMBL131850	CHEMBL688572	ED30	=	9.5	nM		
CHEMBL2055	CHEMBL337003	CHEMBL799978	Ki					No data
CHEMBL2055	CHEMBL337003	CHEMBL800632	EC30	=	11.0	nM		
CHEMBL2055	CHEMBL337003	CHEMBL688572	ED30	=	140.0	nM		
CHEMBL2055	CHEMBL432592	CHEMBL799793	IC50	=	40.0	nM	7.40	
CHEMBL2055	CHEMBL432592	CHEMBL800632	EC30	=	0.15	nM		
CHEMBL2055	CHEMBL432592	CHEMBL688572	ED30	=	0.87	nM		
CHEMBL2055	CHEMBL275311	CHEMBL879144	EC50	=	30.0	nM	7.52	
CHEMBL2055	CHEMBL275311	CHEMBL799876	Kd	=	36.0	nM	7.44	
CHEMBL2055	CHEMBL289057	CHEMBL799936	Ki	>	10000.0	nM		
CHEMBL2055	CHEMBL41890	CHEMBL799936	Ki	>	10000.0	nM		
CHEMBL2055	CHEMBL358145	CHEMBL799720	Kd	=	2.0	nM	8.70	
CHEMBL2055	CHEMBL2372524	CHEMBL799936	Ki	>	10000.0	nM		
CHEMBL2055	CHEMBL41675	CHEMBL799936	Ki	=	8500.0	nM	5.07	
CHEMBL2055	CHEMBL41260	CHEMBL799936	Ki	>	10000.0	nM		
CHEMBL2055	CHEMBL43238	CHEMBL799936	Ki	>	10000.0	nM		
CHEMBL2055	CHEMBL290399	CHEMBL799936	Ki	>	10000.0	nM		
CHEMBL2055	CHEMBL288436	CHEMBL799936	Ki	=	2745.0	nM	5.56	
CHEMBL2055	CHEMBL41422	CHEMBL799936	Ki	>	10000.0	nM		
CHEMBL2055	CHEMBL44420	CHEMBL799936	Ki	=	1786.0	nM	5.75	
CHEMBL2055	CHEMBL442016	CHEMBL659140	Transcriptional activation	=	8.0	%		
CHEMBL2055	CHEMBL41146	CHEMBL799936	Ki	=	7280.0	nM	5.14	
CHEMBL2055	CHEMBL42314	CHEMBL799936	Ki	>	1000.0	nM		
CHEMBL2055	CHEMBL290761	CHEMBL799936	Ki	=	8360.0	nM	5.08	
CHEMBL2055	CHEMBL38	CHEMBL798387	EC50	=	7.0	nM	8.15	
CHEMBL2055	CHEMBL41742	CHEMBL799936	Ki	=	6910.0	nM	5.16	
CHEMBL2055	CHEMBL1180	CHEMBL659140	Transcriptional activation	=	21.0	%		
CHEMBL2055	CHEMBL290246	CHEMBL799936	Ki	>	10000.0	nM		
CHEMBL2055	CHEMBL39206	CHEMBL800465	Ki			nM		Not Determined
CHEMBL2055	CHEMBL417520	CHEMBL799936	Ki	=	6024.0	nM	5.22	
CHEMBL2055	CHEMBL265051	CHEMBL799936	Ki	>	10000.0	nM		
CHEMBL2055	CHEMBL291034	CHEMBL799936	Ki	>	10000.0	nM		
CHEMBL2055	CHEMBL176252	CHEMBL798144	Displacement	=	31.0	%		
CHEMBL2055	CHEMBL176252	CHEMBL798144	Displacement	=	17.0	%		
CHEMBL2055	CHEMBL176252	CHEMBL798144	Displacement	=	83.0	%		
CHEMBL2055	CHEMBL334534	CHEMBL799805	Ki	=	980.0	nM	6.01	
CHEMBL2055	CHEMBL275311	CHEMBL799871	IC50	=	36.0	nM	7.44	
CHEMBL2055	CHEMBL275311	CHEMBL798386	EC50	=	30.0	nM	7.52	
CHEMBL2055	CHEMBL25202	CHEMBL873431	Ki	=	6.5	nM	8.19	
CHEMBL2055	CHEMBL32505	CHEMBL799871	IC50	=	638.0	nM	6.20	
CHEMBL2055	CHEMBL32505	CHEMBL798386	EC50	=	340.0	nM	6.47	
CHEMBL2055	CHEMBL277168	CHEMBL802578	Relative IC50	=	2.7			
CHEMBL2055	CHEMBL277168	CHEMBL802574	Relative EC30	=	3.0			
CHEMBL2055	CHEMBL19727	CHEMBL802578	Relative IC50	=	1.3			
CHEMBL2055	CHEMBL19727	CHEMBL802574	Relative EC30	=	1.9			
CHEMBL2055	CHEMBL424636	CHEMBL799871	IC50	>	1000.0	nM		
CHEMBL2055	CHEMBL424636	CHEMBL798386	EC50	>	10000.0	nM		
CHEMBL2055	CHEMBL19834	CHEMBL802578	Relative IC50	=	0.7			
CHEMBL2055	CHEMBL19834	CHEMBL802574	Relative EC30	=	2.5			
CHEMBL2055	CHEMBL38	CHEMBL799871	IC50	=	15.0	nM	7.82	
CHEMBL2055	CHEMBL38	CHEMBL798386	EC50	=	350.0	nM	6.46	
CHEMBL2055	CHEMBL284937	CHEMBL799871	IC50	=	100.0	nM	7.00	
CHEMBL2055	CHEMBL284937	CHEMBL798386	EC50	=	1700.0	nM	5.77	
CHEMBL2055	CHEMBL19894	CHEMBL802578	Relative IC50	=	1.7			
CHEMBL2055	CHEMBL19894	CHEMBL802574	Relative EC30	=	2.8			
CHEMBL2055	CHEMBL37708	CHEMBL799798	Ki	=	1400.0	nM	5.85	
CHEMBL2055	CHEMBL298373	CHEMBL799798	Ki	=	1300.0	nM	5.89	
CHEMBL2055	CHEMBL334428	CHEMBL799805	Ki	=	2000.0	nM	5.70	
CHEMBL2055	CHEMBL38	CHEMBL873431	Ki	=	3.3	nM	8.48	
CHEMBL2055	CHEMBL705	CHEMBL799871	IC50	=	7.0	nM	8.15	
CHEMBL2055	CHEMBL705	CHEMBL798386	EC50	=	191.0	nM	6.72	
CHEMBL2055	CHEMBL1023	CHEMBL799804	Ki	=	180.0	nM	6.75	
CHEMBL2055	CHEMBL19530	CHEMBL802578	Relative IC50	=	0.8			
CHEMBL2055	CHEMBL19530	CHEMBL802575	Relative EC30	>	3000.0			
CHEMBL2055	CHEMBL134834	CHEMBL799805	Ki	=	1600.0	nM	5.80	
CHEMBL2055	CHEMBL20066	CHEMBL802578	Relative IC50	=	1.8			
CHEMBL2055	CHEMBL20066	CHEMBL802575	Relative EC30	>	3000.0			
CHEMBL2055	CHEMBL20066	CHEMBL799870	IC50	=	31.2	nM	7.51	
CHEMBL2055	CHEMBL337859	CHEMBL799805	Ki	=	900.0	nM	6.05	
CHEMBL2055	CHEMBL120759	CHEMBL799711	EC50	=	2300.0	nM	5.64	
CHEMBL2055	CHEMBL32505	CHEMBL799699	EC50	=	340.0	nM	6.47	
CHEMBL2055	CHEMBL439780	CHEMBL799875	Kd	=	8.4	nM	8.08	
CHEMBL2055	CHEMBL125587	CHEMBL799711	EC50	=	620.0	nM	6.21	
CHEMBL2055	CHEMBL34464	CHEMBL799711	EC50	=	1100.0	nM	5.96	
CHEMBL2055	CHEMBL93538	CHEMBL799699	EC50	=	690.0	nM	6.16	
CHEMBL2055	CHEMBL317873	CHEMBL799875	Kd	=	4.4	nM	8.36	
CHEMBL2055	CHEMBL37672	CHEMBL799712	EC50			nM		Not Active
CHEMBL2055	CHEMBL34292	CHEMBL799711	EC50	=	1400.0	nM	5.85	
CHEMBL2055	CHEMBL118754	CHEMBL799711	EC50	=	420.0	nM	6.38	
CHEMBL2055	CHEMBL328481	CHEMBL799700	EC50			nM		Not Active
CHEMBL2055	CHEMBL81176	CHEMBL799795	Kd	=	27.0			
CHEMBL2055	CHEMBL38	CHEMBL799699	EC50	=	350.0	nM	6.46	
CHEMBL2055	CHEMBL91718	CHEMBL799700	EC50			nM		Not Active
CHEMBL2055	CHEMBL21518	CHEMBL799711	EC50	=	1100.0	nM	5.96	
CHEMBL2055	CHEMBL312198	CHEMBL799795	Kd	=	1.5			
CHEMBL2055	CHEMBL93628	CHEMBL799700	EC50					Not Active
CHEMBL2055	CHEMBL275311	CHEMBL799699	EC50	=	30.0	nM	7.52	
CHEMBL2055	CHEMBL82943	CHEMBL799795	Kd	=	5.7			
CHEMBL2055	CHEMBL310790	CHEMBL799795	Kd	=	32.0			
CHEMBL2055	CHEMBL81978	CHEMBL799795	Kd	=	2.8			
CHEMBL2055	CHEMBL705	CHEMBL799699	EC50	=	191.0	nM	6.72	
CHEMBL2055	CHEMBL93577	CHEMBL799699	EC50	=	210.0	nM	6.68	
CHEMBL2055	CHEMBL433178	CHEMBL799700	EC50			nM		Not Active
CHEMBL2055	CHEMBL329802	CHEMBL799700	EC50			nM		Not Active
CHEMBL2055	CHEMBL69367	CHEMBL799875	Kd	=	36.0	nM	7.44	
CHEMBL2055	CHEMBL38	CHEMBL799795	Kd	=	15.0			
CHEMBL2055	CHEMBL38	CHEMBL799875	Kd	=	15.0	nM	7.82	
CHEMBL2055	CHEMBL86663	CHEMBL799875	Kd	=	72.0	nM	7.14	
CHEMBL2055	CHEMBL35136	CHEMBL799711	EC50	=	740.0	nM	6.13	
CHEMBL2055	CHEMBL330998	CHEMBL799711	EC50	=	1000.0	nM	6.00	
CHEMBL2055	CHEMBL340495	CHEMBL799711	EC50	=	800.0	nM	6.10	
CHEMBL2055	CHEMBL705	CHEMBL877734	Ki	=	22.3	nM	7.65	
CHEMBL2055	CHEMBL705	CHEMBL884092	EC50	=	304.0	nM	6.52	
CHEMBL2055	CHEMBL705	CHEMBL799866	Efficacy	=	81.0	%		
CHEMBL2055	CHEMBL89241	CHEMBL877734	Ki	=	63.5	nM	7.20	
CHEMBL2055	CHEMBL89241	CHEMBL884092	EC50	=	65.0	nM	7.19	
CHEMBL2055	CHEMBL89241	CHEMBL799866	Efficacy	=	39.0	%		
CHEMBL2055	CHEMBL38	CHEMBL877734	Ki	=	187.0	nM	6.73	
CHEMBL2055	CHEMBL38	CHEMBL884092	EC50	=	563.0	nM	6.25	
CHEMBL2055	CHEMBL38	CHEMBL799866	Efficacy	=	100.0	%		
CHEMBL2055	CHEMBL89241	CHEMBL877734	Ki	=	1.1	nM	8.96	
CHEMBL2055	CHEMBL89241	CHEMBL884092	EC50	=	4.0	nM	8.40	
CHEMBL2055	CHEMBL89241	CHEMBL799866	Efficacy	=	31.0	%		
CHEMBL2055	CHEMBL344973	CHEMBL857604	Kd	=	94.0	nM	7.03	
CHEMBL2055	CHEMBL38	CHEMBL799794	Kd	=	2.3	nM	8.64	
CHEMBL2055	CHEMBL38	CHEMBL799861	EC50	=	459.0	nM	6.34	
CHEMBL2055	CHEMBL38	CHEMBL857604	Kd	=	15.0	nM	7.82	
CHEMBL2055	CHEMBL148327	CHEMBL857604	Kd	=	303.0	nM	6.52	
CHEMBL2055	CHEMBL82716	CHEMBL799794	Kd	=	68.0	nM	7.17	
CHEMBL2055	CHEMBL78587	CHEMBL799794	Kd	=	73.0	nM	7.14	
CHEMBL2055	CHEMBL147937	CHEMBL857604	Kd	=	129.0	nM	6.89	
CHEMBL2055	CHEMBL80992	CHEMBL799794	Kd	=	7500.0	nM	5.12	
CHEMBL2055	CHEMBL82089	CHEMBL799794	Kd	=	7500.0	nM	5.12	
CHEMBL2055	CHEMBL77961	CHEMBL799794	Kd	=	700.0	nM	6.16	
CHEMBL2055	CHEMBL78835	CHEMBL799794	Kd	=	6500.0	nM	5.19	
CHEMBL2055	CHEMBL309282	CHEMBL799794	Kd	=	118.0	nM	6.93	
CHEMBL2055	CHEMBL309469	CHEMBL799794	Kd	=	11000.0	nM	4.96	
CHEMBL2055	CHEMBL81273	CHEMBL799794	Kd	=	16500.0	nM	4.78	
CHEMBL2055	CHEMBL82609	CHEMBL799794	Kd	=	2200.0	nM	5.66	
CHEMBL2055	CHEMBL75133	CHEMBL772307	Kd	>	30.0	nM		
CHEMBL2055	CHEMBL374910	CHEMBL799986	Relative luciferase response	~	3.0			
CHEMBL2055	CHEMBL374910	CHEMBL878612	Relative luciferase response	~	5.0			
CHEMBL2055	CHEMBL374910	CHEMBL799985	Relative luciferase response	~	12.0			
CHEMBL2055	CHEMBL374910	CHEMBL799984	Relative luciferase response	~	14.0			
CHEMBL2055	CHEMBL69091	CHEMBL772307	Kd	=	9500.0	nM	5.02	
CHEMBL2055	CHEMBL25202	CHEMBL799983	Relative luciferase response	~	3.0			
CHEMBL2055	CHEMBL25202	CHEMBL799986	Relative luciferase response	~	12.0			
CHEMBL2055	CHEMBL25202	CHEMBL878612	Relative luciferase response	~	23.0			
CHEMBL2055	CHEMBL25202	CHEMBL799985	Relative luciferase response	~	32.0			
CHEMBL2055	CHEMBL705	CHEMBL772307	Kd	=	90.0	nM	7.05	
CHEMBL2055	CHEMBL705	CHEMBL772306	EC50	=	21.0	nM	7.68	
CHEMBL2055	CHEMBL219801	CHEMBL799983	Relative luciferase response	~	1.0			
CHEMBL2055	CHEMBL219801	CHEMBL799986	Relative luciferase response	~	2.0			
CHEMBL2055	CHEMBL219801	CHEMBL878612	Relative luciferase response	=	10.0			
CHEMBL2055	CHEMBL219801	CHEMBL799985	Relative luciferase response	~	18.0			
CHEMBL2055	CHEMBL219801	CHEMBL799984	Relative luciferase response	~	24.0			
CHEMBL2055	CHEMBL308377	CHEMBL772307	Kd	=	5750.0	nM	5.24	
CHEMBL2055	CHEMBL308377	CHEMBL772306	EC50	>	500.0	nM		
CHEMBL2055	CHEMBL38	CHEMBL799874	Kd	=	15.0	nM	7.82	
CHEMBL2055	CHEMBL155474	CHEMBL799874	Kd	=	40.0	nM	7.40	
CHEMBL2055	CHEMBL69091	CHEMBL799721	Kd	=	556.0	nM	6.25	
CHEMBL2055	CHEMBL69091	CHEMBL799859	EC50	>	1000.0	nM		
CHEMBL2055	CHEMBL153974	CHEMBL799874	Kd	=	276.0	nM	6.56	
CHEMBL2055	CHEMBL152740	CHEMBL799874	Kd	=	229.0	nM	6.64	
CHEMBL2055	CHEMBL346202	CHEMBL799874	Kd	=	60.0	nM	7.22	
CHEMBL2055	CHEMBL308883	CHEMBL799721	Kd	>	1000.0	nM		
CHEMBL2055	CHEMBL308883	CHEMBL799859	EC50	>	1000.0	nM		
CHEMBL2055	CHEMBL156997	CHEMBL799874	Kd	=	44.0	nM	7.36	
CHEMBL2055	CHEMBL423954	CHEMBL799874	Kd	=	178.0	nM	6.75	
CHEMBL2055	CHEMBL155421	CHEMBL799874	Kd	=	90.0	nM	7.05	
CHEMBL2055	CHEMBL69091	CHEMBL799721	Kd	=	9530.0	nM	5.02	
CHEMBL2055	CHEMBL69091	CHEMBL799859	EC50	>	1000.0	nM		
CHEMBL2055	CHEMBL156903	CHEMBL799874	Kd	=	147.0	nM	6.83	
CHEMBL2055	CHEMBL156940	CHEMBL799874	Kd	=	103.0	nM	6.99	
CHEMBL2055	CHEMBL38	CHEMBL799721	Kd	=	15.0	nM	7.82	
CHEMBL2055	CHEMBL38	CHEMBL799859	EC50	=	7.0	nM	8.15	
CHEMBL2055	CHEMBL2111535	CHEMBL799721	Kd	>	1000.0	nM		
CHEMBL2055	CHEMBL2111535	CHEMBL799859	EC50	>	1000.0	nM		
CHEMBL2055	CHEMBL157272	CHEMBL799874	Kd	=	85.0	nM	7.07	
CHEMBL2055	CHEMBL358145	CHEMBL799874	Kd	=	16.0	nM	7.80	
CHEMBL2055	CHEMBL157160	CHEMBL799874	Kd	=	58.0	nM	7.24	
CHEMBL2055	CHEMBL705	CHEMBL799721	Kd	=	11.0	nM	7.96	
CHEMBL2055	CHEMBL705	CHEMBL799859	EC50	=	191.0	nM	6.72	
CHEMBL2055	CHEMBL155325	CHEMBL799874	Kd	=	1051.0	nM	5.98	
CHEMBL2055	CHEMBL346429	CHEMBL799874	Kd	=	919.0	nM	6.04	
CHEMBL2055	CHEMBL2111534	CHEMBL799721	Kd	>	1000.0	nM		
CHEMBL2055	CHEMBL2111534	CHEMBL799859	EC50	>	1000.0	nM		
CHEMBL2055	CHEMBL346703	CHEMBL799874	Kd	=	38.0	nM	7.42	
CHEMBL2055	CHEMBL705	CHEMBL801813	EC50	=	191.0	nM	6.72	
CHEMBL2055	CHEMBL119781	CHEMBL801814	EC50			nM		Not Active
CHEMBL2055	CHEMBL69367	CHEMBL644524	Kd	=	36.0	nM	7.44	
CHEMBL2055	CHEMBL69367	CHEMBL644525	EC50	=	2.0	nM	8.70	
CHEMBL2055	CHEMBL69367	CHEMBL644678	Efficacy	=	101.0	%		
CHEMBL2055	CHEMBL118693	CHEMBL801814	EC50			nM		Not Active
CHEMBL2055	CHEMBL118307	CHEMBL801814	EC50			nM		Not Active
CHEMBL2055	CHEMBL118268	CHEMBL801814	EC50			nM		Not Active
CHEMBL2055	CHEMBL439780	CHEMBL644524	Kd	=	4.0	nM	8.40	
CHEMBL2055	CHEMBL439780	CHEMBL644525	EC50	=	290.0	nM	6.54	
CHEMBL2055	CHEMBL439780	CHEMBL644678	Efficacy	=	50.0	%		
CHEMBL2055	CHEMBL38	CHEMBL644524	Kd	=	14.0	nM	7.85	
CHEMBL2055	CHEMBL38	CHEMBL644525	EC50	=	240.0	nM	6.62	
CHEMBL2055	CHEMBL38	CHEMBL644678	Efficacy	=	100.0	%		
CHEMBL2055	CHEMBL107430	CHEMBL644524	Kd	=	3.0	nM	8.52	
CHEMBL2055	CHEMBL107430	CHEMBL644525	EC50	=	200.0	nM	6.70	
CHEMBL2055	CHEMBL107430	CHEMBL644526	Efficacy	=	80.0	%		
CHEMBL2055	CHEMBL38	CHEMBL801813	EC50	=	350.0	nM	6.46	
CHEMBL2055	CHEMBL107054	CHEMBL644524	Kd	=	3.0	nM	8.52	
CHEMBL2055	CHEMBL107054	CHEMBL644525	EC50	=	112.0	nM	6.95	
CHEMBL2055	CHEMBL107054	CHEMBL644678	Efficacy	=	77.0	%		
CHEMBL2055	CHEMBL106527	CHEMBL644524	Kd	=	7.0	nM	8.15	
CHEMBL2055	CHEMBL106527	CHEMBL644525	EC50	=	94.0	nM	7.03	
CHEMBL2055	CHEMBL106527	CHEMBL644678	Efficacy	=	81.0	%		
CHEMBL2055	CHEMBL326911	CHEMBL644524	Kd	=	2.0	nM	8.70	
CHEMBL2055	CHEMBL326911	CHEMBL644525	EC50	=	8.0	nM	8.10	
CHEMBL2055	CHEMBL326911	CHEMBL644678	Efficacy	=	69.0	%		
CHEMBL2055	CHEMBL116886	CHEMBL801814	EC50			nM		Not Active
CHEMBL2055	CHEMBL324960	CHEMBL801814	EC50			nM		Not Active
CHEMBL2055	CHEMBL88216	CHEMBL799704	EC50			nM		Not Active
CHEMBL2055	CHEMBL88216	CHEMBL799796	Kd	>	1000.0	nM		
CHEMBL2055	CHEMBL96184	CHEMBL799705	EC50	>	10000.0	nM		
CHEMBL2055	CHEMBL96184	CHEMBL799797	Kd	=	944.0	nM	6.03	
CHEMBL2055	CHEMBL89058	CHEMBL799704	EC50			nM		Not Active
CHEMBL2055	CHEMBL89058	CHEMBL799796	Kd	>	1000.0	nM		
CHEMBL2055	CHEMBL89581	CHEMBL799703	EC50	=	733.0	nM	6.13	
CHEMBL2055	CHEMBL89581	CHEMBL799796	Kd	>	1000.0	nM		
CHEMBL2055	CHEMBL101302	CHEMBL799705	EC50	>	10000.0	nM		
CHEMBL2055	CHEMBL101302	CHEMBL799797	Kd	>	1000.0	nM		
CHEMBL2055	CHEMBL1023	CHEMBL799705	EC50	>	10000.0	nM		
CHEMBL2055	CHEMBL1023	CHEMBL799797	Kd	>	1000.0	nM		
CHEMBL2055	CHEMBL92284	CHEMBL799857	EC50			nM		Not Active
CHEMBL2055	CHEMBL92284	CHEMBL799865	Efficacy	=	7.0	%		
CHEMBL2055	CHEMBL92284	CHEMBL802573	Ki	>	1000.0	nM		
CHEMBL2055	CHEMBL102039	CHEMBL799705	EC50	>	10000.0	nM		
CHEMBL2055	CHEMBL102039	CHEMBL799797	Kd	>	1000.0	nM		
CHEMBL2055	CHEMBL101666	CHEMBL799705	EC50	>	10000.0	nM		
CHEMBL2055	CHEMBL101666	CHEMBL799797	Kd	>	1000.0	nM		
CHEMBL2055	CHEMBL96184	CHEMBL799858	EC50			nM		Not Active
CHEMBL2055	CHEMBL96184	CHEMBL799865	Efficacy	=	16.0	%		
CHEMBL2055	CHEMBL96184	CHEMBL802573	Ki	=	944.0	nM	6.03	
CHEMBL2055	CHEMBL419166	CHEMBL799705	EC50	=	2856.0	nM	5.54	
CHEMBL2055	CHEMBL419166	CHEMBL799797	Kd	>	1000.0	nM		
CHEMBL2055	CHEMBL97910	CHEMBL799705	EC50	>	10000.0	nM		
CHEMBL2055	CHEMBL97910	CHEMBL799797	Kd	>	1000.0	nM		
CHEMBL2055	CHEMBL98142	CHEMBL799705	EC50	>	10000.0	nM		
CHEMBL2055	CHEMBL98142	CHEMBL799797	Kd	>	1000.0	nM		
CHEMBL2055	CHEMBL99325	CHEMBL799705	EC50	>	10000.0	nM		
CHEMBL2055	CHEMBL99325	CHEMBL799797	Kd	>	1000.0	nM		
CHEMBL2055	CHEMBL318916	CHEMBL799705	EC50	>	10000.0	nM		
CHEMBL2055	CHEMBL318916	CHEMBL799797	Kd	>	1000.0	nM		
CHEMBL2055	CHEMBL92394	CHEMBL799858	EC50			nM		Not Active
CHEMBL2055	CHEMBL92394	CHEMBL799865	Efficacy	=	0.0	%		
CHEMBL2055	CHEMBL92394	CHEMBL802573	Ki	>	1000.0	nM		
CHEMBL2055	CHEMBL93518	CHEMBL799858	EC50			nM		Not Active
CHEMBL2055	CHEMBL93518	CHEMBL799865	Efficacy	=	2.0	%		
CHEMBL2055	CHEMBL93518	CHEMBL802573	Ki	>	1000.0	nM		
CHEMBL2055	CHEMBL101712	CHEMBL799705	EC50	>	10000.0	nM		
CHEMBL2055	CHEMBL101712	CHEMBL799797	Kd	>	1000.0	nM		
CHEMBL2055	CHEMBL139536	CHEMBL799713	EC50	=	225.0	nM	6.65	
CHEMBL2055	CHEMBL38	CHEMBL799703	EC50	=	436.0	nM	6.36	
CHEMBL2055	CHEMBL38	CHEMBL799796	Kd	=	15.0	nM	7.82	
CHEMBL2055	CHEMBL328419	CHEMBL799705	EC50	>	10000.0	nM		
CHEMBL2055	CHEMBL328419	CHEMBL799797	Kd	>	1000.0	nM		
CHEMBL2055	CHEMBL100986	CHEMBL799705	EC50	>	10000.0	nM		
CHEMBL2055	CHEMBL100986	CHEMBL799797	Kd	>	1000.0	nM		
CHEMBL2055	CHEMBL101609	CHEMBL799705	EC50	>	10000.0	nM		
CHEMBL2055	CHEMBL101609	CHEMBL799797	Kd	>	1000.0	nM		
CHEMBL2055	CHEMBL1023	CHEMBL799858	EC50			nM		Not Active
CHEMBL2055	CHEMBL1023	CHEMBL799865	Efficacy	=	6.0	%		
CHEMBL2055	CHEMBL1023	CHEMBL802573	Ki	>	1000.0	nM		
CHEMBL2055	CHEMBL100623	CHEMBL799705	EC50	>	10000.0	nM		
CHEMBL2055	CHEMBL100623	CHEMBL799797	Kd	>	1000.0	nM		
CHEMBL2055	CHEMBL89331	CHEMBL799703	EC50	=	59.0	nM	7.23	
CHEMBL2055	CHEMBL89331	CHEMBL806021	Kd	=	644.0	nM	6.19	
CHEMBL2055	CHEMBL705	CHEMBL799703	EC50	=	220.0	nM	6.66	
CHEMBL2055	CHEMBL705	CHEMBL799796	Kd	=	93.0	nM	7.03	
CHEMBL2055	CHEMBL101212	CHEMBL799705	EC50	>	10000.0	nM		
CHEMBL2055	CHEMBL101212	CHEMBL799618	Kd	>	1000.0	nM		
CHEMBL2055	CHEMBL341704	CHEMBL799713	EC50	>	10000.0	nM		
CHEMBL2055	CHEMBL90674	CHEMBL799704	EC50			nM		Not Active
CHEMBL2055	CHEMBL90674	CHEMBL799796	Kd	>	1000.0	nM		
CHEMBL2055	CHEMBL330593	CHEMBL799705	EC50	>	10000.0	nM		
CHEMBL2055	CHEMBL330593	CHEMBL799797	Kd	>	1000.0	nM		
CHEMBL2055	CHEMBL101308	CHEMBL799705	EC50	>	10000.0	nM		
CHEMBL2055	CHEMBL101308	CHEMBL799797	Kd	>	1000.0	nM		
CHEMBL2055	CHEMBL98172	CHEMBL799705	EC50	>	10000.0	nM		
CHEMBL2055	CHEMBL98172	CHEMBL799797	Kd	>	1000.0	nM		
CHEMBL2055	CHEMBL93848	CHEMBL799858	EC50			nM		Not Active
CHEMBL2055	CHEMBL93848	CHEMBL799865	Efficacy	=	1.0	%		
CHEMBL2055	CHEMBL93848	CHEMBL802573	Ki	>	1000.0	nM		
CHEMBL2055	CHEMBL101661	CHEMBL799705	EC50	>	10000.0	nM		
CHEMBL2055	CHEMBL101661	CHEMBL799797	Kd	>	1000.0	nM		
CHEMBL2055	CHEMBL419713	CHEMBL772399	EC50 ratio					Not Active
CHEMBL2055	CHEMBL419713	CHEMBL772400	Max	=	0.0	%		
CHEMBL2055	CHEMBL98564	CHEMBL772399	EC50 ratio					Not Active
CHEMBL2055	CHEMBL98564	CHEMBL772400	Max	=	0.0	%		
CHEMBL2055	CHEMBL330403	CHEMBL772399	EC50 ratio					Not Active
CHEMBL2055	CHEMBL330403	CHEMBL772400	Max	=	0.0	%		
CHEMBL2055	CHEMBL1023	CHEMBL802572	Ki	=	5453.0	nM	5.26	
CHEMBL2055	CHEMBL1023	CHEMBL799864	EC50	=	6.0	nM	8.22	
CHEMBL2055	CHEMBL309282	CHEMBL772398	EC50 ratio	=	13.0			
CHEMBL2055	CHEMBL309282	CHEMBL772400	Max	=	65.0	%		
CHEMBL2055	CHEMBL423465	CHEMBL802572	Ki	>	10000.0	nM		
CHEMBL2055	CHEMBL423465	CHEMBL799868	Efficacy	=	2.0	%		
CHEMBL2055	CHEMBL98172	CHEMBL802572	Ki	>	10000.0	nM		
CHEMBL2055	CHEMBL98172	CHEMBL799864	EC50	=	4.0	nM	8.40	
CHEMBL2055	CHEMBL97689	CHEMBL772399	EC50 ratio					Not Active
CHEMBL2055	CHEMBL97689	CHEMBL772400	Max	=	0.0	%		
CHEMBL2055	CHEMBL97668	CHEMBL772399	EC50 ratio					Not Active
CHEMBL2055	CHEMBL97668	CHEMBL772400	Max	=	0.0	%		
CHEMBL2055	CHEMBL82089	CHEMBL772399	EC50 ratio					Not Active
CHEMBL2055	CHEMBL82089	CHEMBL772400	Max	=	0.0	%		
CHEMBL2055	CHEMBL95700	CHEMBL772398	EC50 ratio	=	0.7			
CHEMBL2055	CHEMBL95700	CHEMBL772400	Max	=	100.0	%		
CHEMBL2055	CHEMBL100332	CHEMBL772399	EC50 ratio					Not Active
CHEMBL2055	CHEMBL100332	CHEMBL772400	Max	=	0.0	%		
CHEMBL2055	CHEMBL97080	CHEMBL772398	EC50 ratio	=	20.0			
CHEMBL2055	CHEMBL97080	CHEMBL772400	Max	=	89.0	%		
CHEMBL2055	CHEMBL96961	CHEMBL772399	EC50 ratio					Not Active
CHEMBL2055	CHEMBL96961	CHEMBL772400	Max	=	0.0	%		
CHEMBL2055	CHEMBL95949	CHEMBL772398	EC50 ratio	=	63.0			
CHEMBL2055	CHEMBL95949	CHEMBL772400	Max	=	63.0	%		
CHEMBL2055	CHEMBL162334	CHEMBL802572	Ki	>	10000.0	nM		
CHEMBL2055	CHEMBL162334	CHEMBL799868	Efficacy	=	6.0	%		
CHEMBL2055	CHEMBL99073	CHEMBL772398	EC50 ratio	=	14.0			
CHEMBL2055	CHEMBL99073	CHEMBL772400	Max	=	37.0	%		
CHEMBL2055	CHEMBL38	CHEMBL801810	Relative IC50	=	1.0			
CHEMBL2055	CHEMBL38	CHEMBL799987	Relative EC30	=	1.0			
CHEMBL2055	CHEMBL62880	CHEMBL799800	Ki	>	1000.0	nM		
CHEMBL2055	CHEMBL62880	CHEMBL799706	EC50	>	10000.0	nM		
CHEMBL2055	CHEMBL62880	CHEMBL799708	EC50	>	10000.0	nM		
CHEMBL2055	CHEMBL705	CHEMBL801809	Relative IC50	=	5.4			
CHEMBL2055	CHEMBL705	CHEMBL799987	Relative EC30	=	2.4			
CHEMBL2055	CHEMBL62880	CHEMBL799800	Ki	>	1000.0	nM		
CHEMBL2055	CHEMBL62880	CHEMBL799706	EC50	>	10000.0	nM		
CHEMBL2055	CHEMBL62880	CHEMBL799708	EC50	>	10000.0	nM		
CHEMBL2055	CHEMBL305115	CHEMBL799800	Ki	>	1000.0	nM		
CHEMBL2055	CHEMBL305115	CHEMBL799706	EC50	>	10000.0	nM		
CHEMBL2055	CHEMBL305115	CHEMBL799708	EC50	>	10000.0	nM		
CHEMBL2055	CHEMBL109539	CHEMBL801809	Relative IC50	=	372.0			
CHEMBL2055	CHEMBL109539	CHEMBL799987	Relative EC30	=	21.0			
CHEMBL2055	CHEMBL109539	CHEMBL799716	Efficacy	=	93.0			
CHEMBL2055	CHEMBL109785	CHEMBL799987	Relative EC30	=	6100.0			
CHEMBL2055	CHEMBL109785	CHEMBL799716	Efficacy	=	26.0			
CHEMBL2055	CHEMBL432140	CHEMBL799800	Ki	>	1000.0	nM		
CHEMBL2055	CHEMBL432140	CHEMBL799706	EC50	>	10000.0	nM		
CHEMBL2055	CHEMBL432140	CHEMBL799708	EC50	>	10000.0	nM		
CHEMBL2055	CHEMBL64771	CHEMBL799800	Ki	>	1000.0	nM		
CHEMBL2055	CHEMBL64771	CHEMBL799706	EC50	>	10000.0	nM		
CHEMBL2055	CHEMBL64771	CHEMBL884539	IC50	>	1000.0	nM		
CHEMBL2055	CHEMBL1023	CHEMBL799987	Relative EC30	=	3900.0			
CHEMBL2055	CHEMBL1023	CHEMBL799716	Efficacy	=	28.0			
CHEMBL2055	CHEMBL63048	CHEMBL799800	Ki	>	1000.0	nM		
CHEMBL2055	CHEMBL63048	CHEMBL799707	EC50			nM		Not Determined
CHEMBL2055	CHEMBL63048	CHEMBL799708	EC50	=	57.0	nM	7.24	
CHEMBL2055	CHEMBL62537	CHEMBL799800	Ki	>	1000.0	nM		
CHEMBL2055	CHEMBL62537	CHEMBL799706	EC50	>	10000.0	nM		
CHEMBL2055	CHEMBL62537	CHEMBL799708	EC50	>	10000.0	nM		
CHEMBL2055	CHEMBL109283	CHEMBL801806	Relative EC30					Not Active
CHEMBL2055	CHEMBL109283	CHEMBL799790	Efficacy					Not Active
CHEMBL2055	CHEMBL62258	CHEMBL799800	Ki	>	1000.0	nM		
CHEMBL2055	CHEMBL62258	CHEMBL799706	EC50	>	10000.0	nM		
CHEMBL2055	CHEMBL62258	CHEMBL799708	EC50	>	1000.0	nM		
CHEMBL2055	CHEMBL62880	CHEMBL799800	Ki	>	1000.0	nM		
CHEMBL2055	CHEMBL62880	CHEMBL799706	EC50	>	790.0	nM		
CHEMBL2055	CHEMBL62880	CHEMBL799708	EC50	>	2000.0	nM		
CHEMBL2055	CHEMBL64222	CHEMBL799800	Ki	>	1000.0	nM		
CHEMBL2055	CHEMBL64222	CHEMBL799707	EC50			nM		Not Determined
CHEMBL2055	CHEMBL64222	CHEMBL799708	EC50	>	10000.0	nM		
CHEMBL2055	CHEMBL60090	CHEMBL799800	Ki	>	1000.0	nM		
CHEMBL2055	CHEMBL60090	CHEMBL799706	EC50	>	10000.0	nM		
CHEMBL2055	CHEMBL60090	CHEMBL799709	EC50			nM		Not Determined
CHEMBL2055	CHEMBL60089	CHEMBL799800	Ki	>	1000.0	nM		
CHEMBL2055	CHEMBL60089	CHEMBL799707	EC50			nM		Not Determined
CHEMBL2055	CHEMBL60089	CHEMBL799709	EC50			nM		Not Determined
CHEMBL2055	CHEMBL294346	CHEMBL799800	Ki	>	1000.0	nM		
CHEMBL2055	CHEMBL294346	CHEMBL799706	EC50	>	10000.0	nM		
CHEMBL2055	CHEMBL294346	CHEMBL799708	EC50	>	10000.0	nM		
CHEMBL2055	CHEMBL2113736	CHEMBL799800	Ki	>	1000.0	nM		
CHEMBL2055	CHEMBL2113736	CHEMBL799707	EC50			nM		Not Determined
CHEMBL2055	CHEMBL2113736	CHEMBL799708	EC50	>	10000.0	nM		
CHEMBL2055	CHEMBL2113737	CHEMBL799800	Ki	>	1000.0	nM		
CHEMBL2055	CHEMBL2113737	CHEMBL799706	EC50	>	10000.0	nM		
CHEMBL2055	CHEMBL2113737	CHEMBL799708	EC50	>	10000.0	nM		
CHEMBL2055	CHEMBL110002	CHEMBL801808	Relative IC50					Not Determined
CHEMBL2055	CHEMBL110002	CHEMBL799789	Efficacy					Not Active
CHEMBL2055	CHEMBL62047	CHEMBL799800	Ki	=	93.0	nM	7.03	
CHEMBL2055	CHEMBL62047	CHEMBL799707	EC50			nM		Not Determined
CHEMBL2055	CHEMBL62047	CHEMBL799709	EC50			nM		Not Determined
CHEMBL2055	CHEMBL109993	CHEMBL801807	Relative IC50					Not Active
CHEMBL2055	CHEMBL109993	CHEMBL799790	Efficacy					Not Active
CHEMBL2055	CHEMBL62880	CHEMBL799800	Ki	>	1000.0	nM		
CHEMBL2055	CHEMBL62880	CHEMBL799706	EC50	>	10000.0	nM		
CHEMBL2055	CHEMBL62880	CHEMBL799708	EC50	>	10000.0	nM		
CHEMBL2055	CHEMBL82089	CHEMBL799685	EC50 ratio					Not Active
CHEMBL2055	CHEMBL82089	CHEMBL799686	Max	=	0.0	%		
CHEMBL2055	CHEMBL97692	CHEMBL799684	EC50 ratio					Not Active
CHEMBL2055	CHEMBL97692	CHEMBL799686	Max	=	0.0	%		
CHEMBL2055	CHEMBL100327	CHEMBL799684	EC50 ratio					Not Active
CHEMBL2055	CHEMBL100327	CHEMBL799686	Max	=	0.0	%		
CHEMBL2055	CHEMBL95646	CHEMBL799684	EC50 ratio					Not Active
CHEMBL2055	CHEMBL95646	CHEMBL799686	Max	=	0.0	%		
CHEMBL2055	CHEMBL97690	CHEMBL799683	EC50 ratio	=	63.0			
CHEMBL2055	CHEMBL97690	CHEMBL799686	Max	=	56.0	%		
CHEMBL2055	CHEMBL441638	CHEMBL799684	EC50 ratio					Not Active
CHEMBL2055	CHEMBL441638	CHEMBL799686	Max	=	0.0	%		
CHEMBL2055	CHEMBL95828	CHEMBL799683	EC50 ratio	=	25.0			
CHEMBL2055	CHEMBL95828	CHEMBL799686	Max	=	45.0	%		
CHEMBL2055	CHEMBL95261	CHEMBL799684	EC50 ratio					Not Active
CHEMBL2055	CHEMBL95261	CHEMBL799686	Max	=	0.0	%		
CHEMBL2055	CHEMBL317063	CHEMBL799684	EC50 ratio					Not Active
CHEMBL2055	CHEMBL317063	CHEMBL799686	Max	=	0.0	%		
CHEMBL2055	CHEMBL97421	CHEMBL799684	EC50 ratio					Not Active
CHEMBL2055	CHEMBL97421	CHEMBL799686	Max	=	0.0	%		
CHEMBL2055	CHEMBL309282	CHEMBL799683	EC50 ratio	=	13.0			
CHEMBL2055	CHEMBL309282	CHEMBL799686	Max	=	65.0	%		
CHEMBL2055	CHEMBL422607	CHEMBL798140	EC50	=	1128.0	nM	5.95	
CHEMBL2055	CHEMBL422607	CHEMBL798142	Efficacy	=	45.0	%		
CHEMBL2055	CHEMBL97049	CHEMBL799683	EC50 ratio	=	100.0			
CHEMBL2055	CHEMBL97049	CHEMBL799686	Max	=	46.0	%		
CHEMBL2055	CHEMBL95700	CHEMBL799683	EC50 ratio	=	0.7			
CHEMBL2055	CHEMBL95700	CHEMBL799686	Max	=	100.0	%		
CHEMBL2055	CHEMBL331642	CHEMBL798140	EC50	=	796.0	nM	6.10	
CHEMBL2055	CHEMBL331642	CHEMBL798142	Efficacy	=	64.0	%		
CHEMBL2055	CHEMBL100261	CHEMBL799683	EC50 ratio	=	25.0			
CHEMBL2055	CHEMBL100261	CHEMBL799686	Max	=	34.0	%		
CHEMBL2055	CHEMBL329955	CHEMBL799685	EC50 ratio					Not Active
CHEMBL2055	CHEMBL329955	CHEMBL799686	Max	=	0.0	%		
CHEMBL2055	CHEMBL95844	CHEMBL799683	EC50 ratio	=	1.3			
CHEMBL2055	CHEMBL95844	CHEMBL799686	Max	=	118.0	%		
CHEMBL2055	CHEMBL95238	CHEMBL799683	EC50 ratio	=	25.0			
CHEMBL2055	CHEMBL95238	CHEMBL799686	Max	=	26.0	%		
CHEMBL2055	CHEMBL97263	CHEMBL799683	EC50 ratio	=	25.0			
CHEMBL2055	CHEMBL97263	CHEMBL799686	Max	=	27.0	%		
CHEMBL2055	CHEMBL95773	CHEMBL799683	EC50 ratio	=	38.0			
CHEMBL2055	CHEMBL95773	CHEMBL799686	Max	=	42.0	%		
CHEMBL2055	CHEMBL97769	CHEMBL799683	EC50 ratio	=	8.0			
CHEMBL2055	CHEMBL97769	CHEMBL799686	Max	=	23.0	%		
CHEMBL2055	CHEMBL120210	CHEMBL798140	EC50	=	217.0	nM	6.66	
CHEMBL2055	CHEMBL120210	CHEMBL798142	Efficacy	=	59.0	%		
CHEMBL2055	CHEMBL319127	CHEMBL799684	EC50 ratio					Not Active
CHEMBL2055	CHEMBL319127	CHEMBL799686	Max	=	0.0	%		
CHEMBL2055	CHEMBL95953	CHEMBL799683	EC50 ratio	=	25.0			
CHEMBL2055	CHEMBL95953	CHEMBL799686	Max	=	44.0	%		
CHEMBL2055	CHEMBL318479	CHEMBL799684	EC50 ratio					Not Active
CHEMBL2055	CHEMBL318479	CHEMBL799686	Max	=	0.0	%		
CHEMBL2055	CHEMBL97045	CHEMBL799684	EC50 ratio					Not Active
CHEMBL2055	CHEMBL97045	CHEMBL799686	Max	=	0.0	%		
CHEMBL2055	CHEMBL99074	CHEMBL799683	EC50 ratio	=	10.0			
CHEMBL2055	CHEMBL99074	CHEMBL799686	Max	=	63.0	%		
CHEMBL2055	CHEMBL162345	CHEMBL846504	Kd	=	14.0	nM	7.85	
CHEMBL2055	CHEMBL162345	CHEMBL874059	IC50	=	5.5	nM	8.26	
CHEMBL2055	CHEMBL162345	CHEMBL846503	Inhibition	=	97.0	%		
CHEMBL2055	CHEMBL163223	CHEMBL846504	Kd	=	13.0	nM	7.89	
CHEMBL2055	CHEMBL163223	CHEMBL846502	IC50			nM		Not Determined
CHEMBL2055	CHEMBL163530	CHEMBL846504	Kd	=	17.0	nM	7.77	
CHEMBL2055	CHEMBL163530	CHEMBL874059	IC50	=	6.5	nM	8.19	
CHEMBL2055	CHEMBL163530	CHEMBL846503	Inhibition	=	97.0	%		
CHEMBL2055	CHEMBL162393	CHEMBL846504	Kd	=	13.0	nM	7.89	
CHEMBL2055	CHEMBL162393	CHEMBL874059	IC50	=	20.0	nM	7.70	
CHEMBL2055	CHEMBL162393	CHEMBL846503	Inhibition	=	97.0	%		
CHEMBL2055	CHEMBL165417	CHEMBL846504	Kd	=	15.0	nM	7.82	
CHEMBL2055	CHEMBL165417	CHEMBL874059	IC50	=	20.0	nM	7.70	
CHEMBL2055	CHEMBL165417	CHEMBL846503	Inhibition	=	95.0	%		
CHEMBL2055	CHEMBL165629	CHEMBL846504	Kd	=	5.5	nM	8.26	
CHEMBL2055	CHEMBL165629	CHEMBL874059	IC50	=	1.5	nM	8.82	
CHEMBL2055	CHEMBL165629	CHEMBL846503	Inhibition	=	97.0	%		
CHEMBL2055	CHEMBL312737	CHEMBL799710	EC50			nM		Not Active
CHEMBL2055	CHEMBL312737	CHEMBL799715	Efficacy	=	2.0	%		
CHEMBL2055	CHEMBL312737	CHEMBL799801	Ki	>	1000.0	nM		
CHEMBL2055	CHEMBL80424	CHEMBL799710	EC50			nM		Not Active
CHEMBL2055	CHEMBL80424	CHEMBL799715	Efficacy	=	1.0	%		
CHEMBL2055	CHEMBL80424	CHEMBL799801	Ki	>	1000.0	nM		
CHEMBL2055	CHEMBL312233	CHEMBL799710	EC50			nM		Not Active
CHEMBL2055	CHEMBL312233	CHEMBL799715	Efficacy	=	1.0	%		
CHEMBL2055	CHEMBL312233	CHEMBL799801	Ki	>	1000.0	nM		
CHEMBL2055	CHEMBL1023	CHEMBL799710	EC50			nM		Not Active
CHEMBL2055	CHEMBL1023	CHEMBL799715	Efficacy	=	1.0	%		
CHEMBL2055	CHEMBL1023	CHEMBL799801	Ki	>	1000.0	nM		
CHEMBL2055	CHEMBL79234	CHEMBL799710	EC50			nM		Not Active
CHEMBL2055	CHEMBL79234	CHEMBL799715	Efficacy	=	9.0	%		
CHEMBL2055	CHEMBL79234	CHEMBL799801	Ki	>	1000.0	nM		
CHEMBL2055	CHEMBL310047	CHEMBL799710	EC50			nM		Not Active
CHEMBL2055	CHEMBL310047	CHEMBL799715	Efficacy	=	2.0	%		
CHEMBL2055	CHEMBL310047	CHEMBL799801	Ki	>	1000.0	nM		
CHEMBL2055	CHEMBL80236	CHEMBL799710	EC50			nM		Not Active
CHEMBL2055	CHEMBL80236	CHEMBL799715	Efficacy	=	2.0	%		
CHEMBL2055	CHEMBL80236	CHEMBL799801	Ki	>	1000.0	nM		
CHEMBL2055	CHEMBL312395	CHEMBL799710	EC50			nM		Not Active
CHEMBL2055	CHEMBL312395	CHEMBL799715	Efficacy	=	3.0	%		
CHEMBL2055	CHEMBL312395	CHEMBL799801	Ki	>	1000.0	nM		
CHEMBL2055	CHEMBL75814	CHEMBL799710	EC50			nM		Not Active
CHEMBL2055	CHEMBL75814	CHEMBL799715	Efficacy	=	1.0	%		
CHEMBL2055	CHEMBL75814	CHEMBL799801	Ki	>	1000.0	nM		
CHEMBL2055	CHEMBL311113	CHEMBL799710	EC50			nM		Not Active
CHEMBL2055	CHEMBL311113	CHEMBL799715	Efficacy	=	1.0	%		
CHEMBL2055	CHEMBL311113	CHEMBL799801	Ki	>	1000.0	nM		
CHEMBL2055	CHEMBL38	CHEMBL836045	Activity	=	15.6			
CHEMBL2055	CHEMBL426963	CHEMBL836045	Activity	=	7.0			
CHEMBL2055	CHEMBL182393	CHEMBL836045	Activity	=	11.8			
CHEMBL2055	CHEMBL182565	CHEMBL836045	Activity	=	7.1			
CHEMBL2055	CHEMBL180440	CHEMBL836045	Activity	=	4.9			
CHEMBL2055	CHEMBL183509	CHEMBL836045	Activity	=	1.3			
CHEMBL2055	CHEMBL183400	CHEMBL836045	Activity	=	23.5			
CHEMBL2055	CHEMBL359912	CHEMBL836045	Activity	=	22.2			
CHEMBL2055	CHEMBL188638	CHEMBL834845	Relative activation	=	82.0	%		
CHEMBL2055	CHEMBL188638	CHEMBL834844	Relative activation	=	45.0	%		
CHEMBL2055	CHEMBL188638	CHEMBL831146	Relative activation	=	22.0	%		
CHEMBL2055	CHEMBL188638	CHEMBL834854	Relative activation	=	100.0	%		
CHEMBL2055	CHEMBL188638	CHEMBL834984	Relative activation	=	52.0	%		
CHEMBL2055	CHEMBL188638	CHEMBL834860	Relative activation	=	10.0	%		
CHEMBL2055	CHEMBL189191	CHEMBL834845	Relative activation	=	75.0	%		
CHEMBL2055	CHEMBL189191	CHEMBL834844	Relative activation	=	30.0	%		
CHEMBL2055	CHEMBL189191	CHEMBL831146	Relative activation	=	20.0	%		
CHEMBL2055	CHEMBL209145	CHEMBL868240	Activity					Not Active
CHEMBL2055	CHEMBL210372	CHEMBL868240	Activity					Not Active
CHEMBL2055	CHEMBL208819	CHEMBL868240	Activity					Not Determined
CHEMBL2055	CHEMBL57765	CHEMBL916388	IC50	=	20000.0	nM	4.70	
CHEMBL2055	CHEMBL38	CHEMBL916388	IC50	=	9000.0	nM	5.05	
CHEMBL2055	CHEMBL387639	CHEMBL916388	IC50	=	100000.0	nM	4.00	
CHEMBL2055	CHEMBL388283	CHEMBL916388	IC50	=	20000.0	nM	4.70	
CHEMBL2055	CHEMBL388064	CHEMBL916388	IC50	>	1000000.0	nM		
CHEMBL2055	CHEMBL53449	CHEMBL916388	IC50	=	410000.0	nM		
CHEMBL2055	CHEMBL417769	CHEMBL916388	IC50	>	1000000.0	nM		
CHEMBL2055	CHEMBL705	CHEMBL1017445	Activity					Active
CHEMBL2055	CHEMBL470464	CHEMBL1017445	Activity					Active
CHEMBL2055	CHEMBL451039	CHEMBL954844	Activity					Active
CHEMBL2055	CHEMBL986	CHEMBL954844	Activity					Active
CHEMBL2055	CHEMBL38	CHEMBL954844	Activity					Active
CHEMBL2055	CHEMBL462134	CHEMBL970650	Activity					Not Active
CHEMBL2055	CHEMBL447382	CHEMBL970650	Activity					Not Active
CHEMBL2055	CHEMBL448905	CHEMBL970650	Activity					Not Active
CHEMBL2055	CHEMBL481273	CHEMBL970650	Activity					Not Active
CHEMBL2055	CHEMBL481272	CHEMBL970650	Activity					Not Active
CHEMBL2055	CHEMBL507489	CHEMBL970650	Activity					Not Active
CHEMBL2055	CHEMBL442636	CHEMBL970650	Activity					Not Active
CHEMBL2055	CHEMBL514274	CHEMBL970650	Activity					Not Active
CHEMBL2055	CHEMBL458326	CHEMBL970650	Activity					Not Active
CHEMBL2055	CHEMBL516652	CHEMBL970650	Activity					Not Active
CHEMBL2055	CHEMBL459680	CHEMBL970650	Activity					Not Active
CHEMBL2055	CHEMBL472172	CHEMBL970653	Activity					Active
CHEMBL2055	CHEMBL462134	CHEMBL970653	Activity					Active
CHEMBL2055	CHEMBL459680	CHEMBL970653	Activity					Active
CHEMBL2055	CHEMBL481273	CHEMBL970653	Activity					Active
CHEMBL2055	CHEMBL481272	CHEMBL970653	Activity					Active
CHEMBL2055	CHEMBL508378	CHEMBL1023990	Activity					Active
CHEMBL2055	CHEMBL275311	CHEMBL1023990	Activity					Active
CHEMBL2055	CHEMBL457645	CHEMBL1023990	Activity					Active
CHEMBL2055	CHEMBL513434	CHEMBL1023990	Activity					Active
CHEMBL2055	CHEMBL2021517	CHEMBL1023990	Activity					Active
CHEMBL2055	CHEMBL2021516	CHEMBL1023990	Activity					Active
CHEMBL2055	CHEMBL455992	CHEMBL1023990	Activity					Active
CHEMBL2055	CHEMBL2021515	CHEMBL1023990	Activity					Active
CHEMBL2055	CHEMBL191275	CHEMBL1015265	Activity					Not Active
CHEMBL2055	CHEMBL522936	CHEMBL1015265	Activity					Not Active
CHEMBL2055	CHEMBL457775	CHEMBL1011984	EC50	>	1000.0	nM		
CHEMBL2055	CHEMBL511855	CHEMBL1011984	EC50	>	1000.0	nM		
CHEMBL2055	CHEMBL468607	CHEMBL1011984	EC50	>	1000.0	nM		
CHEMBL2055	CHEMBL451835	CHEMBL1011984	EC50	=	0.6	nM	9.22	
CHEMBL2055	CHEMBL468608	CHEMBL1011984	EC50	>	1000.0	nM		
CHEMBL2055	CHEMBL467748	CHEMBL1011984	EC50	>	1000.0	nM		
CHEMBL2055	CHEMBL69367	CHEMBL1011984	EC50	=	0.3	nM	9.52	
CHEMBL2055	CHEMBL468623	CHEMBL1011984	EC50	=	520.0	nM	6.28	
CHEMBL2055	CHEMBL1657	CHEMBL1011984	EC50	=	63.0	nM	7.20	
CHEMBL2055	CHEMBL38	CHEMBL1011984	EC50	=	17.0	nM	7.77	
CHEMBL2055	CHEMBL457775	CHEMBL1029015	Efficacy	<	10.0	%		
CHEMBL2055	CHEMBL511855	CHEMBL1029015	Efficacy	<	10.0	%		
CHEMBL2055	CHEMBL468607	CHEMBL1029015	Efficacy	<	10.0	%		
CHEMBL2055	CHEMBL451835	CHEMBL1011985	Efficacy	=	53.0	%		
CHEMBL2055	CHEMBL468608	CHEMBL1029015	Efficacy	<	10.0	%		
CHEMBL2055	CHEMBL467748	CHEMBL1029015	Efficacy	<	10.0	%		
CHEMBL2055	CHEMBL69367	CHEMBL1011985	Efficacy	=	43.0	%		
CHEMBL2055	CHEMBL468623	CHEMBL1011985	Efficacy	=	40.0	%		
CHEMBL2055	CHEMBL1657	CHEMBL1011985	Efficacy	=	54.0	%		
CHEMBL2055	CHEMBL38	CHEMBL1011985	Efficacy	=	100.0	%		
CHEMBL2055	CHEMBL38	CHEMBL1022114	Efficacy	=	121.0	%		
CHEMBL2055	CHEMBL425027	CHEMBL1022114	Efficacy	=	32.0	%		
CHEMBL2055	CHEMBL524687	CHEMBL1022114	Efficacy	=	65.0	%		
CHEMBL2055	CHEMBL469281	CHEMBL1022114	Activity					Not Active
CHEMBL2055	CHEMBL472476	CHEMBL1022114	Activity					Not Active
CHEMBL2055	CHEMBL513760	CHEMBL1022114	Efficacy	=	55.0	%		
CHEMBL2055	CHEMBL470588	CHEMBL1022114	Activity					Not Active
CHEMBL2055	CHEMBL471422	CHEMBL1022114	Activity					Not Active
CHEMBL2055	CHEMBL69367	CHEMBL1022114	Efficacy	=	100.0	%		
CHEMBL2055	CHEMBL198997	CHEMBL1022114	Efficacy	=	46.0	%		
CHEMBL2055	CHEMBL472238	CHEMBL1022115	Efficacy	=	35.0	%		
CHEMBL2055	CHEMBL38	CHEMBL1022116	EC50	=	6.31	nM	8.20	
CHEMBL2055	CHEMBL425027	CHEMBL1022116	EC50	=	2511.89	nM	5.60	
CHEMBL2055	CHEMBL524687	CHEMBL1022116	EC50	=	1995.26	nM	5.70	
CHEMBL2055	CHEMBL513760	CHEMBL1022116	EC50	=	1584.89	nM	5.80	
CHEMBL2055	CHEMBL69367	CHEMBL1022116	EC50	=	79.43	nM	7.10	
CHEMBL2055	CHEMBL198997	CHEMBL1022116	EC50	=	630.96	nM	6.20	
CHEMBL2055	CHEMBL469281	CHEMBL1022116	EC50	<	10000.0	nM		
CHEMBL2055	CHEMBL471422	CHEMBL1022116	EC50	<	10000.0	nM		
CHEMBL2055	CHEMBL470588	CHEMBL1022116	EC50	<	10000.0	nM		
CHEMBL2055	CHEMBL472476	CHEMBL1022116	EC50	<	10000.0	nM		
CHEMBL2055	CHEMBL564037	CHEMBL1029369	Inhibition			%		Not Active
CHEMBL2055	CHEMBL565088	CHEMBL1029369	Inhibition			%		Not Active
CHEMBL2055	CHEMBL554740	CHEMBL1029369	Inhibition			%		Not Active
CHEMBL2055	CHEMBL462134	CHEMBL1029369	Inhibition	=	90.0	%		
CHEMBL2055	CHEMBL560351	CHEMBL1029369	Inhibition			%		Not Active
CHEMBL2055	CHEMBL563805	CHEMBL1029369	Inhibition			%		Not Active
CHEMBL2055	CHEMBL564563	CHEMBL1029369	Inhibition			%		Not Active
CHEMBL2055	CHEMBL565088	CHEMBL1029368	Inhibition	=	27.0	%		
CHEMBL2055	CHEMBL564563	CHEMBL1029368	Inhibition	=	27.0	%		
CHEMBL2055	CHEMBL563805	CHEMBL1029368	Inhibition	=	27.0	%		
CHEMBL2055	CHEMBL560351	CHEMBL1029368	Inhibition	=	43.7	%		
CHEMBL2055	CHEMBL564563	CHEMBL1029365	Activity					Not Active
CHEMBL2055	CHEMBL563805	CHEMBL1029365	Activity					Not Active
CHEMBL2055	CHEMBL560351	CHEMBL1029365	Activity					Not Active
CHEMBL2055	CHEMBL462134	CHEMBL1029365	Activity					Not Active
CHEMBL2055	CHEMBL554740	CHEMBL1029365	Activity					Not Active
CHEMBL2055	CHEMBL565088	CHEMBL1029365	Activity					Not Active
CHEMBL2055	CHEMBL564037	CHEMBL1029365	Activity					Not Active
CHEMBL2055	CHEMBL563488	CHEMBL1029365	Activity					Not Active
CHEMBL2055	CHEMBL176252	CHEMBL1031896	Activity	=	31.0	%		
CHEMBL2055	CHEMBL550796	CHEMBL1063213	IC50	=	15.0	nM	7.82	
CHEMBL2055	CHEMBL1023	CHEMBL1061276	Activity	=	25.0	%		
CHEMBL2055	CHEMBL583410	CHEMBL1061276	Activity	=	35.0	%		
CHEMBL2055	CHEMBL575324	CHEMBL1061276	Activity	=	14.0	%		
CHEMBL2055	CHEMBL583996	CHEMBL1061276	Activity	=	26.0	%		
CHEMBL2055	CHEMBL1023	CHEMBL1062038	Activity	=	23.0	%		
CHEMBL2055	CHEMBL583410	CHEMBL1062038	Activity	=	30.0	%		
CHEMBL2055	CHEMBL575324	CHEMBL1062038	Activity	=	13.0	%		
CHEMBL2055	CHEMBL583996	CHEMBL1062038	Activity	=	25.0	%		
CHEMBL2055	CHEMBL1209109	CHEMBL1211337	EC50	>	10000.0	nM		
CHEMBL2055	CHEMBL1209170	CHEMBL1211337	EC50	>	10000.0	nM		
CHEMBL2055	CHEMBL1209173	CHEMBL1211337	EC50	>	10000.0	nM		
CHEMBL2055	CHEMBL1209109	CHEMBL1211362	Efficacy	=	0.0	%		
CHEMBL2055	CHEMBL1209173	CHEMBL1211362	Efficacy	=	0.0	%		
CHEMBL2055	CHEMBL1209170	CHEMBL1211362	Efficacy	=	0.0	%		
CHEMBL2055	CHEMBL1221639	CHEMBL1227766	Activity					Not Active
CHEMBL2055	CHEMBL1221642	CHEMBL1227766	Activity					Not Active
CHEMBL2055	CHEMBL1221641	CHEMBL1227766	Activity					Not Active
CHEMBL2055	CHEMBL1221640	CHEMBL1227766	Activity					Not Active
CHEMBL2055	CHEMBL25202	CHEMBL1274439	EC50	=	45.0	nM	7.35	
CHEMBL2055	CHEMBL1668773	CHEMBL1671298	Activity					Not Active
CHEMBL2055	CHEMBL1668774	CHEMBL1671298	Activity					Not Active
CHEMBL2055	CHEMBL1668775	CHEMBL1671298	Activity					Not Active
CHEMBL2055	CHEMBL1668776	CHEMBL1671298	Activity					Not Active
CHEMBL2055	CHEMBL1668777	CHEMBL1671298	Activity					Not Active
CHEMBL2055	CHEMBL1668778	CHEMBL1671298	Activity					Not Active
CHEMBL2055	CHEMBL1671971	CHEMBL1679776	EC50	>	8300.0	nM		
CHEMBL2055	CHEMBL69367	CHEMBL1679776	EC50	=	4.0	nM	8.40	
CHEMBL2055	CHEMBL1671971	CHEMBL1679782	IC50	>	8300.0	nM		
CHEMBL2055	CHEMBL442016	CHEMBL1815811	Activity	=	8.0	%		
CHEMBL2055	CHEMBL1180	CHEMBL1815811	Activity	=	21.0	%		
CHEMBL2055	CHEMBL442016	CHEMBL1815808	FC	=	6.0			
CHEMBL2055	CHEMBL1180	CHEMBL1815808	FC	=	10.0			
CHEMBL2055	CHEMBL1961796	CHEMBL1961828	Inhibition			%		Not Active
CHEMBL2055	CHEMBL1961797	CHEMBL1961828	Inhibition			%		Not Active
CHEMBL2055	CHEMBL2048501	CHEMBL2051205	Activity					Not Active
CHEMBL2055	CHEMBL2153725	CHEMBL2155736	Activity					Dose-dependent effect
CHEMBL2055	CHEMBL2153725	CHEMBL2155740	Inhibition			%		Dose-dependent effect
CHEMBL2055	CHEMBL2153725	CHEMBL2155741	Activity					Active
CHEMBL2055	CHEMBL2332887	CHEMBL2341874	Activity					Active
CHEMBL2055	CHEMBL81978	CHEMBL2379966	Inhibition			%		Active
CHEMBL2055	CHEMBL2376840	CHEMBL2379063	Inhibition			%		Active
CHEMBL2055	CHEMBL2376840	CHEMBL2379064	Inhibition			%		Dose-dependent effect
CHEMBL2055	CHEMBL2385269	CHEMBL2389681	Activity					Active
CHEMBL2055	CHEMBL81176	CHEMBL2389681	Activity					Active
CHEMBL2055	CHEMBL2385269	CHEMBL2389682	Activity					Active
CHEMBL2055	CHEMBL81176	CHEMBL2389682	Activity					Active
CHEMBL2055	CHEMBL2398366	CHEMBL2401373	FC	=	85.0			
CHEMBL2055	CHEMBL2398367	CHEMBL2401373	FC	=	83.0			
CHEMBL2055	CHEMBL2398356	CHEMBL2401373	FC	=	68.0			
CHEMBL2055	CHEMBL25202	CHEMBL2401373	FC	=	66.0			
CHEMBL2055	CHEMBL2398369	CHEMBL2401373	FC	=	63.0			
CHEMBL2055	CHEMBL2398368	CHEMBL2401373	FC	=	63.0			
CHEMBL2055	CHEMBL2398365	CHEMBL2401373	FC	=	62.0			
CHEMBL2055	CHEMBL2398358	CHEMBL2401373	FC	=	59.0			
CHEMBL2055	CHEMBL2398381	CHEMBL2401373	FC	=	56.0			
CHEMBL2055	CHEMBL38	CHEMBL2401373	FC	=	55.0			
CHEMBL2055	CHEMBL2398383	CHEMBL2401373	FC	=	52.0			
CHEMBL2055	CHEMBL2398360	CHEMBL2401373	FC	=	51.0			
CHEMBL2055	CHEMBL2398355	CHEMBL2401373	FC	=	51.0			
CHEMBL2055	CHEMBL2398380	CHEMBL2401373	FC	=	51.0			
CHEMBL2055	CHEMBL38	CHEMBL2401367	EC50	=	50.0	nM	7.30	
CHEMBL2055	CHEMBL2398382	CHEMBL2401373	FC	=	50.0			
CHEMBL2055	CHEMBL2398357	CHEMBL2401373	FC	=	45.0			
CHEMBL2055	CHEMBL2398370	CHEMBL2401373	FC	=	43.0			
CHEMBL2055	CHEMBL2398363	CHEMBL2401373	FC	=	42.0			
CHEMBL2055	CHEMBL2398364	CHEMBL2401373	FC	=	40.0			
CHEMBL2055	CHEMBL2398374	CHEMBL2401373	FC	=	40.0			
CHEMBL2055	CHEMBL2398362	CHEMBL2401373	FC	=	38.0			
CHEMBL2055	CHEMBL2398359	CHEMBL2401373	FC	=	38.0			
CHEMBL2055	CHEMBL2398372	CHEMBL2401373	FC	=	37.0			
CHEMBL2055	CHEMBL2398376	CHEMBL2401373	FC	=	34.0			
CHEMBL2055	CHEMBL2398375	CHEMBL2401373	FC	=	34.0			
CHEMBL2055	CHEMBL2398371	CHEMBL2401373	FC	=	33.0			
CHEMBL2055	CHEMBL2398373	CHEMBL2401373	FC	=	30.0			
CHEMBL2055	CHEMBL2398361	CHEMBL2401373	FC	=	28.0			
CHEMBL2055	CHEMBL2398384	CHEMBL2401373	FC	=	24.0			
CHEMBL2055	CHEMBL2398385	CHEMBL2401373	FC	=	23.0			
CHEMBL2055	CHEMBL2398354	CHEMBL2401373	FC	=	22.0			
CHEMBL2055	CHEMBL2398353	CHEMBL2401373	FC	=	20.0			
CHEMBL2055	CHEMBL2396673	CHEMBL2401373	FC	=	3.0			
CHEMBL2055	CHEMBL2398378	CHEMBL2401373	FC	=	2.0			
CHEMBL2055	CHEMBL2398379	CHEMBL2401373	FC	=	1.0			
CHEMBL2055	CHEMBL2398377	CHEMBL2401373	FC	=	1.0			
CHEMBL2055	CHEMBL3098771	CHEMBL3100731	Activity	<	1.0	%		
CHEMBL2055	CHEMBL3098858	CHEMBL3100731	Activity	=	17.0	%		
CHEMBL2055	CHEMBL3098773	CHEMBL3100731	Activity	=	17.0	%		
CHEMBL2055	CHEMBL462134	CHEMBL3118432	IC50	=	4474.0	nM	5.35	
CHEMBL2055	CHEMBL472172	CHEMBL3118431	IC50	=	114.0	nM	6.94	
CHEMBL2055	CHEMBL3114297	CHEMBL3118432	IC50	=	1277.0	nM	5.89	
CHEMBL2055	CHEMBL3114305	CHEMBL3118434	Activity	=	108.7	%		
CHEMBL2055	CHEMBL3114304	CHEMBL3118434	Activity	=	95.4	%		
CHEMBL2055	CHEMBL3114303	CHEMBL3118434	Activity	=	99.5	%		
CHEMBL2055	CHEMBL3114302	CHEMBL3118434	Activity	=	78.7	%		
CHEMBL2055	CHEMBL3114301	CHEMBL3118434	Activity	=	89.0	%		
CHEMBL2055	CHEMBL3114300	CHEMBL3118434	Activity	=	93.2	%		
CHEMBL2055	CHEMBL3114299	CHEMBL3118434	Activity	=	61.6	%		
CHEMBL2055	CHEMBL3114298	CHEMBL3118434	Activity	=	92.4	%		
CHEMBL2055	CHEMBL3114297	CHEMBL3118434	Activity	=	33.2	%		
CHEMBL2055	CHEMBL3114296	CHEMBL3118434	Activity	=	66.2	%		
CHEMBL2055	CHEMBL3114295	CHEMBL3118434	Activity	=	75.3	%		
CHEMBL2055	CHEMBL3114294	CHEMBL3118434	Activity	=	94.2	%		
CHEMBL2055	CHEMBL3114293	CHEMBL3118434	Activity	=	87.3	%		
CHEMBL2055	CHEMBL3114292	CHEMBL3118434	Activity	=	92.4	%		
CHEMBL2055	CHEMBL560351	CHEMBL3118434	Activity	=	74.1	%		
CHEMBL2055	CHEMBL564037	CHEMBL3118434	Activity	=	79.7	%		
CHEMBL2055	CHEMBL3114291	CHEMBL3118434	Activity	=	70.0	%		
CHEMBL2055	CHEMBL564563	CHEMBL3118434	Activity	=	61.5	%		
CHEMBL2055	CHEMBL554740	CHEMBL3118434	Activity	=	67.1	%		
CHEMBL2055	CHEMBL563805	CHEMBL3118434	Activity	=	82.7	%		
CHEMBL2055	CHEMBL565088	CHEMBL3118434	Activity	=	90.0	%		
CHEMBL2055	CHEMBL521955	CHEMBL3118434	Activity					Not Determined
CHEMBL2055	CHEMBL491294	CHEMBL3118434	Activity					Not Determined
CHEMBL2055	CHEMBL472172	CHEMBL3118434	Activity	=	7.1	%		
CHEMBL2055	CHEMBL3114305	CHEMBL3118436	FC	=	1.1			
CHEMBL2055	CHEMBL3114304	CHEMBL3118436	FC	=	1.9			
CHEMBL2055	CHEMBL3114303	CHEMBL3118436	FC	=	0.8			
CHEMBL2055	CHEMBL3114302	CHEMBL3118436	FC	=	1.1			
CHEMBL2055	CHEMBL3114301	CHEMBL3118436	FC	=	1.0			
CHEMBL2055	CHEMBL3114300	CHEMBL3118436	FC	=	1.1			
CHEMBL2055	CHEMBL3114299	CHEMBL3118436	FC	=	0.9			
CHEMBL2055	CHEMBL3114298	CHEMBL3118436	FC	=	1.2			
CHEMBL2055	CHEMBL3114297	CHEMBL3118436	FC	=	1.4			
CHEMBL2055	CHEMBL3114296	CHEMBL3118436	FC	=	4.6			
CHEMBL2055	CHEMBL3114295	CHEMBL3118436	FC	=	1.9			
CHEMBL2055	CHEMBL3114294	CHEMBL3118436	FC	=	1.0			
CHEMBL2055	CHEMBL3114293	CHEMBL3118436	FC	=	1.0			
CHEMBL2055	CHEMBL3114292	CHEMBL3118436	FC	=	1.1			
CHEMBL2055	CHEMBL560351	CHEMBL3118436	FC	=	1.3			
CHEMBL2055	CHEMBL564037	CHEMBL3118436	FC	=	1.4			
CHEMBL2055	CHEMBL3114291	CHEMBL3118436	FC	=	1.0			
CHEMBL2055	CHEMBL564563	CHEMBL3118436	FC	=	1.8			
CHEMBL2055	CHEMBL554740	CHEMBL3118436	FC	=	1.1			
CHEMBL2055	CHEMBL563805	CHEMBL3118436	FC	=	1.1			
CHEMBL2055	CHEMBL565088	CHEMBL3118436	FC	=	1.1			
CHEMBL2055	CHEMBL521955	CHEMBL3118436	FC					Not Determined
CHEMBL2055	CHEMBL491294	CHEMBL3118436	FC					Not Determined
CHEMBL2055	CHEMBL472172	CHEMBL3118436	FC	=	1.3			
CHEMBL2055	CHEMBL38	CHEMBL3118436	FC	=	110.8			
CHEMBL2055	CHEMBL3114296	CHEMBL3118432	IC50	=	2650.0	nM	5.58	
CHEMBL2055	CHEMBL373364	CHEMBL3224186	IC50	=	11.1	nM	7.96	
CHEMBL2055	CHEMBL381434	CHEMBL3224186	IC50	=	10.0	nM	8.00	
CHEMBL2055	CHEMBL205627	CHEMBL3224186	IC50	=	470.0	nM	6.33	
CHEMBL2055	CHEMBL1778373	CHEMBL3224186	IC50	<	1.0	nM		
CHEMBL2055	CHEMBL3217922	CHEMBL3224186	IC50	>	30000.0	nM		
CHEMBL2055	CHEMBL3217923	CHEMBL3224186	IC50	>	30000.0	nM		
CHEMBL2055	CHEMBL1735595	CHEMBL3292970	Activity					Active
CHEMBL2055	CHEMBL1735595	CHEMBL3292971	Activity					Not Active
CHEMBL2055	CHEMBL1735595	CHEMBL3292973	Activity					Active
CHEMBL2055	CHEMBL463996	CHEMBL3292973	Activity					Not Active
CHEMBL2055	CHEMBL3289363	CHEMBL3292973	Activity					Not Active
CHEMBL2055	CHEMBL71893	CHEMBL3292973	Activity					Active
CHEMBL2055	CHEMBL1410398	CHEMBL3292973	Activity					Active
CHEMBL2055	CHEMBL3098771	CHEMBL3297476	Activity	<	1.0	%		
CHEMBL2055	CHEMBL3289657	CHEMBL3297476	Activity	<	1.0	%		
CHEMBL2055	CHEMBL3289658	CHEMBL3297476	Activity	<	1.0	%		
CHEMBL2055	CHEMBL3289659	CHEMBL3297476	Activity	<	1.0	%		
CHEMBL2055	CHEMBL3289660	CHEMBL3297476	Activity	=	20.0	%		
CHEMBL2055	CHEMBL3314593	CHEMBL3368375	Activity					Not Active
CHEMBL2055	CHEMBL3314592	CHEMBL3368375	Activity					Not Active
CHEMBL2055	CHEMBL1476397	CHEMBL3367188	EC50	>	1000.0	nM		
CHEMBL2055	CHEMBL3319093	CHEMBL3370745	Inhibition			%		Active
CHEMBL2055	CHEMBL3105681	CHEMBL3385866	EC50					Not Active
CHEMBL2055	CHEMBL275311	CHEMBL3385866	EC50	=	0.18	nM	9.74	
CHEMBL2055	CHEMBL3400677	CHEMBL3405113	Activity					Active
CHEMBL2055	CHEMBL517514	CHEMBL3405113	Activity					Active
CHEMBL2055	CHEMBL478938	CHEMBL3405113	Activity					Active
CHEMBL2055	CHEMBL514057	CHEMBL3405113	Activity					Active
CHEMBL2055	CHEMBL3400678	CHEMBL3405113	Activity					Active
CHEMBL2055	CHEMBL3400677	CHEMBL3405114	EC50	=	65.0	nM	7.19	
CHEMBL2055	CHEMBL517514	CHEMBL3405114	EC50	=	170.0	nM	6.77	
CHEMBL2055	CHEMBL478938	CHEMBL3405114	EC50	=	1700.0	nM	5.77	
CHEMBL2055	CHEMBL3400678	CHEMBL3405114	EC50	=	110.0	nM	6.96	
CHEMBL2055	CHEMBL3400677	CHEMBL3405115	EC50	=	170.0	nM	6.77	
CHEMBL2055	CHEMBL517514	CHEMBL3405115	EC50	=	200.0	nM	6.70	
CHEMBL2055	CHEMBL478938	CHEMBL3405115	EC50	=	2000.0	nM	5.70	
CHEMBL2055	CHEMBL3400678	CHEMBL3405115	EC50	=	200.0	nM	6.70	
CHEMBL2055	CHEMBL3400677	CHEMBL3405114	Activity					Dose-dependent effect
CHEMBL2055	CHEMBL517514	CHEMBL3405114	Activity					Dose-dependent effect
CHEMBL2055	CHEMBL478938	CHEMBL3405114	Activity					Dose-dependent effect
CHEMBL2055	CHEMBL3400678	CHEMBL3405114	Activity					Dose-dependent effect
CHEMBL2055	CHEMBL38	CHEMBL3405117	Activity					Active
CHEMBL2055	CHEMBL3580916	CHEMBL3583847	Activity					Not Active
CHEMBL2055	CHEMBL3596632	CHEMBL3599039	Inhibition	<	50.0	%		
CHEMBL2055	CHEMBL3596632	CHEMBL3599161	Activity	<	50.0	%		
CHEMBL2055	CHEMBL3774855	CHEMBL3778102	EC50	>	20000.0	nM		
CHEMBL2055	CHEMBL3786581	CHEMBL3789268	Activity					Not Active
CHEMBL2055	CHEMBL3787627	CHEMBL3789268	Activity					Not Active
CHEMBL2055	CHEMBL3787323	CHEMBL3789268	Activity					Not Active
CHEMBL2055	CHEMBL3814815	CHEMBL3817435	Kb	>	4440.0	nM		
CHEMBL2055	CHEMBL3907274	CHEMBL3880815	Kd	=	8.0	nM	8.10	
CHEMBL2055	CHEMBL3910072	CHEMBL3880815	Kd	=	2000.0	nM	5.70	
CHEMBL2055	CHEMBL3945228	CHEMBL3880815	Kd	=	30.0	nM	7.52	
CHEMBL2055	CHEMBL3954703	CHEMBL3880815	Kd	=	120.0	nM	6.92	
CHEMBL2055	CHEMBL3892845	CHEMBL3880815	Kd	=	250.0	nM	6.60	
CHEMBL2055	CHEMBL3926084	CHEMBL3880815	Kd	=	4000.0	nM	5.40	
CHEMBL2055	CHEMBL3931870	CHEMBL3880815	Kd	=	60.0	nM	7.22	
CHEMBL2055	CHEMBL3707313	CHEMBL3880815	Kd	=	500.0	nM	6.30	
CHEMBL2055	CHEMBL3916016	CHEMBL3880815	Kd	=	60.0	nM	7.22	
CHEMBL2055	CHEMBL3934863	CHEMBL3880815	Kd	=	4.0	nM	8.40	
CHEMBL2055	CHEMBL3953756	CHEMBL3880815	Kd	=	60.0	nM	7.22	
CHEMBL2055	CHEMBL3951072	CHEMBL3880815	Kd	=	250.0	nM	6.60	
CHEMBL2055	CHEMBL3901588	CHEMBL3880815	Kd	=	500.0	nM	6.30	
CHEMBL2055	CHEMBL3891815	CHEMBL3880815	Kd	=	250.0	nM	6.60	
CHEMBL2055	CHEMBL3939687	CHEMBL3880815	Kd	=	60.0	nM	7.22	
CHEMBL2055	CHEMBL3936922	CHEMBL3880815	Kd	=	60.0	nM	7.22	
CHEMBL2055	CHEMBL3957342	CHEMBL3880815	Kd	=	8.0	nM	8.10	
CHEMBL2055	CHEMBL3960035	CHEMBL3880815	Kd	=	30.0	nM	7.52	
CHEMBL2055	CHEMBL4066332	CHEMBL4019429	Activity					Not Active
CHEMBL2055	CHEMBL108402	CHEMBL4037125	EC50	>	10000.0	nM		
CHEMBL2055	CHEMBL107039	CHEMBL4037125	EC50	>	10000.0	nM		
CHEMBL2055	CHEMBL1023	CHEMBL4037125	EC50	>	10000.0	nM		
CHEMBL2055	CHEMBL4077016	CHEMBL4040808	Inhibition			%		Not Active
CHEMBL2055	CHEMBL4077016	CHEMBL4040793	Activity					Not Active
CHEMBL2055	CHEMBL4170032	CHEMBL4144811	Inhibition			%		Not Active
CHEMBL2055	CHEMBL4170032	CHEMBL4144819	Activity					Not Active
CHEMBL2055	CHEMBL1545045	CHEMBL4150340	Activity					Not Active
CHEMBL2055	CHEMBL69367	CHEMBL4187072	Ratio IC50	=	9.0			
CHEMBL2055	CHEMBL4202767	CHEMBL4187072	Ratio IC50	=	3.6			
CHEMBL2055	CHEMBL4211827	CHEMBL4187072	Ratio IC50	=	115.0			
CHEMBL2055	CHEMBL38	CHEMBL4187069	EC50	=	1.01	nM	9.00	
CHEMBL2055	CHEMBL69367	CHEMBL4187066	Ratio EC50	=	0.13			
CHEMBL2055	CHEMBL4202767	CHEMBL4187066	Ratio EC50	=	0.59			
CHEMBL2055	CHEMBL4211827	CHEMBL4187066	Ratio EC50	=	8.1			
CHEMBL2055	CHEMBL4217784	CHEMBL4188164	Efficacy	=	6.0	%		
CHEMBL2055	CHEMBL1265	CHEMBL4195064	EC50	=	22.0	nM	7.66	
CHEMBL2055	CHEMBL4212472	CHEMBL4195064	EC50	=	11.0	nM	7.96	
CHEMBL2055	CHEMBL97080	CHEMBL4195064	EC50	=	370.0	nM	6.43	
CHEMBL2055	CHEMBL4216904	CHEMBL4195064	EC50	>	10000.0	nM		
CHEMBL2055	CHEMBL1180	CHEMBL4195064	EC50	>	10000.0	nM		
CHEMBL2055	CHEMBL4203742	CHEMBL4195064	EC50	=	59.0	nM	7.23	
CHEMBL2055	CHEMBL4206237	CHEMBL4195064	EC50	=	212.0	nM	6.67	
CHEMBL2055	CHEMBL4217953	CHEMBL4195064	EC50	=	34.0	nM	7.47	
CHEMBL2055	CHEMBL4210595	CHEMBL4195064	EC50	=	43.0	nM	7.37	
CHEMBL2055	CHEMBL4205733	CHEMBL4195064	EC50	=	40.0	nM	7.40	
CHEMBL2055	CHEMBL4215021	CHEMBL4195064	EC50	>	10000.0	nM		
CHEMBL2055	CHEMBL4210099	CHEMBL4195064	EC50	=	336.0	nM	6.47	
CHEMBL2055	CHEMBL4202830	CHEMBL4195064	EC50	=	317.0	nM	6.50	
CHEMBL2055	CHEMBL3960035	CHEMBL4195064	EC50	=	180.0	nM	6.75	
CHEMBL2055	CHEMBL3953756	CHEMBL4195064	EC50	=	103.0	nM	6.99	
CHEMBL2055	CHEMBL3934863	CHEMBL4195064	EC50	>	10000.0	nM		
CHEMBL2055	CHEMBL3939687	CHEMBL4195064	EC50	=	180.0	nM	6.75	
CHEMBL2055	CHEMBL3916016	CHEMBL4195064	EC50	=	200.0	nM	6.70	
CHEMBL2055	CHEMBL3891815	CHEMBL4195064	EC50	=	270.0	nM	6.57	
CHEMBL2055	CHEMBL4210286	CHEMBL4195064	EC50	>	10000.0	nM		
CHEMBL2055	CHEMBL3936922	CHEMBL4195064	EC50	=	1010.0	nM	6.00	
CHEMBL2055	CHEMBL3707313	CHEMBL4195064	EC50	=	500.0	nM	6.30	
CHEMBL2055	CHEMBL3910072	CHEMBL4195064	EC50	>	10000.0	nM		
CHEMBL2055	CHEMBL4207978	CHEMBL4195064	EC50	>	10000.0	nM		
CHEMBL2055	CHEMBL4211171	CHEMBL4195064	EC50	>	10000.0	nM		
CHEMBL2055	CHEMBL38	CHEMBL4220761	EC50	=	16.1	nM	7.79	
CHEMBL2055	CHEMBL512879	CHEMBL4220761	EC50	=	15.1	nM	7.82	
CHEMBL2055	CHEMBL4226012	CHEMBL4220761	EC50	=	82.0	nM	7.09	
CHEMBL2055	CHEMBL4226854	CHEMBL4220761	EC50	=	88.9	nM	7.05	
CHEMBL2055	CHEMBL4226389	CHEMBL4220761	EC50	=	77.5	nM	7.11	
CHEMBL2055	CHEMBL4224900	CHEMBL4220761	EC50	=	8.2	nM	8.09	
CHEMBL2055	CHEMBL4549060	CHEMBL4306855	Activity					Not Active
CHEMBL2055	CHEMBL4463668	CHEMBL4306855	Activity					Not Active
CHEMBL2055	CHEMBL4583953	CHEMBL4308203	Activity					Active
CHEMBL2055	CHEMBL4515368	CHEMBL4308238	Activity					Active
CHEMBL2055	CHEMBL4476449	CHEMBL4308238	Activity					Active
CHEMBL2055	CHEMBL1381178	CHEMBL4334382	Activity					Active
CHEMBL2055	CHEMBL4552760	CHEMBL4341843	Inhibition			%		Not Active
CHEMBL2055	CHEMBL4577891	CHEMBL4368723	Activity					Not Active
CHEMBL2055	CHEMBL4467078	CHEMBL4368723	Activity					Not Active
CHEMBL2055	CHEMBL4577891	CHEMBL4368731	Activity					Not Active
CHEMBL2055	CHEMBL4467078	CHEMBL4368731	Activity					Not Active
CHEMBL2055	CHEMBL38	CHEMBL4414388	EC50	=	240.0	nM	6.62	
CHEMBL2055	CHEMBL4555929	CHEMBL4417465	Inhibition			%		Not Active
CHEMBL2055	CHEMBL4473917	CHEMBL4417465	Inhibition			%		Not Active
CHEMBL2055	CHEMBL4459695	CHEMBL4417465	Inhibition			%		Not Active
CHEMBL2055	CHEMBL4437844	CHEMBL4417465	Inhibition			%		Not Active
CHEMBL2055	CHEMBL4560899	CHEMBL4417465	Inhibition			%		Not Active
CHEMBL2055	CHEMBL4467778	CHEMBL4417465	Inhibition			%		Not Active
CHEMBL2055	CHEMBL4549663	CHEMBL4417465	Inhibition			%		Not Active
CHEMBL2055	CHEMBL4584238	CHEMBL4417465	Inhibition			%		Not Active
CHEMBL2055	CHEMBL4546094	CHEMBL4417465	Inhibition			%		Not Active
CHEMBL2055	CHEMBL4435919	CHEMBL4417465	Inhibition			%		Not Active
CHEMBL2055	CHEMBL4454057	CHEMBL4417465	Inhibition			%		Not Active
CHEMBL2055	CHEMBL4540025	CHEMBL4417465	Inhibition			%		Not Active
CHEMBL2055	CHEMBL4466509	CHEMBL4417465	Inhibition			%		Not Active
CHEMBL2055	CHEMBL1023	CHEMBL4430355	Activity	=	27.0	%		
CHEMBL2055	CHEMBL1221641	CHEMBL4430355	Activity	=	26.0	%		
CHEMBL2055	CHEMBL4476213	CHEMBL4430355	Activity	=	11.0	%		
CHEMBL2055	CHEMBL4638567	CHEMBL4624960	Activity					Not Active
CHEMBL2055	CHEMBL4637834	CHEMBL4624960	Activity					Not Active
CHEMBL2055	CHEMBL4633499	CHEMBL4630527	Activity					Not Active
CHEMBL2055	CHEMBL4783205	CHEMBL4689765	Activity					Not Active
CHEMBL2055	CHEMBL4783205	CHEMBL4689774	Activity					Not Active
CHEMBL2055	CHEMBL4855847	CHEMBL4835428	Activity	=	1.0	%		
CHEMBL2055	CHEMBL4849999	CHEMBL4835428	Activity	=	5.0	%		
CHEMBL2055	CHEMBL4862605	CHEMBL4835428	Activity	=	1.0	%		
CHEMBL2055	CHEMBL5077503	CHEMBL5042644	Activity					Not Active
CHEMBL2055	CHEMBL5084377	CHEMBL5044831	Activity					Not Active
CHEMBL2055	CHEMBL5188201	CHEMBL5149347	Emax	=	-3.0	%		
CHEMBL2055	CHEMBL705	CHEMBL5149364	EC50	=	1.0	nM	9.00	
CHEMBL2055	CHEMBL5287875	CHEMBL5237809	IC50	=	4420.0	nM	5.36	
CHEMBL2055	CHEMBL5290209	CHEMBL5258844	Activity					Not Active
CHEMBL2055	CHEMBL705	CHEMBL5265733	Activity					Dose-Dependent Effect
CHEMBL2055	CHEMBL5284921	CHEMBL5265735	Activity					Not Active
CHEMBL2055	CHEMBL428	CHEMBL5291872	AC50	>	30000.0	nM		"Summarised AC50 (mean value for measurements with a relation sign ""=""; largest value for measurements with relation sign "">"")"
CHEMBL2055	CHEMBL957	CHEMBL5291872	AC50	>	30000.0	nM		"Summarised AC50 (mean value for measurements with a relation sign ""=""; largest value for measurements with relation sign "">"")"
CHEMBL2055	CHEMBL56337	CHEMBL5291872	AC50	>	30000.0	nM		"Summarised AC50 (mean value for measurements with a relation sign ""=""; largest value for measurements with relation sign "">"")"
CHEMBL2055	CHEMBL691	CHEMBL5291872	AC50	>	30000.0	nM		"Summarised AC50 (mean value for measurements with a relation sign ""=""; largest value for measurements with relation sign "">"")"
CHEMBL2055	CHEMBL121	CHEMBL5291872	AC50	>	30000.0	nM		"Summarised AC50 (mean value for measurements with a relation sign ""=""; largest value for measurements with relation sign "">"")"
CHEMBL2055	CHEMBL139	CHEMBL5291872	AC50	>	30000.0	nM		"Summarised AC50 (mean value for measurements with a relation sign ""=""; largest value for measurements with relation sign "">"")"
CHEMBL2055	CHEMBL408	CHEMBL5291872	AC50	>	30000.0	nM		"Summarised AC50 (mean value for measurements with a relation sign ""=""; largest value for measurements with relation sign "">"")"
CHEMBL2055	CHEMBL421	CHEMBL5291872	AC50	>	30000.0	nM		"Summarised AC50 (mean value for measurements with a relation sign ""=""; largest value for measurements with relation sign "">"")"
CHEMBL2055	CHEMBL833	CHEMBL5291872	AC50	>	30000.0	nM		"Summarised AC50 (mean value for measurements with a relation sign ""=""; largest value for measurements with relation sign "">"")"
CHEMBL2055	CHEMBL160	CHEMBL5291872	AC50	>	30000.0	nM		"Summarised AC50 (mean value for measurements with a relation sign ""=""; largest value for measurements with relation sign "">"")"
CHEMBL2055	CHEMBL38	CHEMBL5291872	AC50	=	1400.0	nM	5.85	"Summarised AC50 (mean value for measurements with a relation sign ""=""; largest value for measurements with relation sign "">"")"
CHEMBL2055	CHEMBL1272	CHEMBL5291872	AC50	>	30000.0	nM		"Summarised AC50 (mean value for measurements with a relation sign ""=""; largest value for measurements with relation sign "">"")"
CHEMBL2055	CHEMBL1481	CHEMBL5291872	AC50	>	30000.0	nM		"Summarised AC50 (mean value for measurements with a relation sign ""=""; largest value for measurements with relation sign "">"")"
CHEMBL2055	CHEMBL521	CHEMBL5291872	AC50	>	30000.0	nM		"Summarised AC50 (mean value for measurements with a relation sign ""=""; largest value for measurements with relation sign "">"")"
CHEMBL2055	CHEMBL64391	CHEMBL5291872	AC50	>	30000.0	nM		"Summarised AC50 (mean value for measurements with a relation sign ""=""; largest value for measurements with relation sign "">"")"
CHEMBL2055	CHEMBL1082	CHEMBL5291872	AC50	>	30000.0	nM		"Summarised AC50 (mean value for measurements with a relation sign ""=""; largest value for measurements with relation sign "">"")"
CHEMBL2055	CHEMBL374478	CHEMBL5291872	AC50	>	30000.0	nM		"Summarised AC50 (mean value for measurements with a relation sign ""=""; largest value for measurements with relation sign "">"")"
CHEMBL2055	CHEMBL111	CHEMBL5291872	AC50	>	30000.0	nM		"Summarised AC50 (mean value for measurements with a relation sign ""=""; largest value for measurements with relation sign "">"")"
CHEMBL2055	CHEMBL715	CHEMBL5291872	AC50	>	30000.0	nM		"Summarised AC50 (mean value for measurements with a relation sign ""=""; largest value for measurements with relation sign "">"")"
CHEMBL2055	CHEMBL1487	CHEMBL5291872	AC50	>	30000.0	nM		"Summarised AC50 (mean value for measurements with a relation sign ""=""; largest value for measurements with relation sign "">"")"
CHEMBL2055	CHEMBL1316	CHEMBL5291872	AC50	>	30000.0	nM		"Summarised AC50 (mean value for measurements with a relation sign ""=""; largest value for measurements with relation sign "">"")"
CHEMBL2055	CHEMBL495	CHEMBL5291872	AC50	>	30000.0	nM		"Summarised AC50 (mean value for measurements with a relation sign ""=""; largest value for measurements with relation sign "">"")"
CHEMBL2055	CHEMBL112	CHEMBL5291872	AC50	>	30000.0	nM		"Summarised AC50 (mean value for measurements with a relation sign ""=""; largest value for measurements with relation sign "">"")"
CHEMBL2055	CHEMBL157101	CHEMBL5291872	AC50	>	30000.0	nM		"Summarised AC50 (mean value for measurements with a relation sign ""=""; largest value for measurements with relation sign "">"")"
CHEMBL2055	CHEMBL198362	CHEMBL5291872	AC50	>	30000.0	nM		"Summarised AC50 (mean value for measurements with a relation sign ""=""; largest value for measurements with relation sign "">"")"
CHEMBL2055	CHEMBL383634	CHEMBL5291872	AC50	>	30000.0	nM		"Summarised AC50 (mean value for measurements with a relation sign ""=""; largest value for measurements with relation sign "">"")"
CHEMBL2055	CHEMBL1946170	CHEMBL5291872	AC50	>	30000.0	nM		"Summarised AC50 (mean value for measurements with a relation sign ""=""; largest value for measurements with relation sign "">"")"
CHEMBL2055	CHEMBL1569487	CHEMBL5291872	AC50	>	30000.0	nM		"Summarised AC50 (mean value for measurements with a relation sign ""=""; largest value for measurements with relation sign "">"")"
CHEMBL2055	CHEMBL1324	CHEMBL5291872	AC50	>	30000.0	nM		"Summarised AC50 (mean value for measurements with a relation sign ""=""; largest value for measurements with relation sign "">"")"
CHEMBL2055	CHEMBL603	CHEMBL5291872	AC50	>	30000.0	nM		"Summarised AC50 (mean value for measurements with a relation sign ""=""; largest value for measurements with relation sign "">"")"
CHEMBL2055	CHEMBL1064	CHEMBL5291872	AC50	>	30000.0	nM		"Summarised AC50 (mean value for measurements with a relation sign ""=""; largest value for measurements with relation sign "">"")"
CHEMBL2055	CHEMBL6966	CHEMBL5291872	AC50	>	30000.0	nM		"Summarised AC50 (mean value for measurements with a relation sign ""=""; largest value for measurements with relation sign "">"")"
CHEMBL2055	CHEMBL1292	CHEMBL5291872	AC50	>	30000.0	nM		"Summarised AC50 (mean value for measurements with a relation sign ""=""; largest value for measurements with relation sign "">"")"
CHEMBL2055	CHEMBL404108	CHEMBL5291872	AC50	>	30000.0	nM		"Summarised AC50 (mean value for measurements with a relation sign ""=""; largest value for measurements with relation sign "">"")"
CHEMBL2055	CHEMBL2103772	CHEMBL5291872	AC50	>	30000.0	nM		"Summarised AC50 (mean value for measurements with a relation sign ""=""; largest value for measurements with relation sign "">"")"
CHEMBL2055	CHEMBL535	CHEMBL5291872	AC50	>	10000.0	nM		"Summarised AC50 (mean value for measurements with a relation sign ""=""; largest value for measurements with relation sign "">"")"
CHEMBL2055	CHEMBL56367	CHEMBL5291872	AC50	>	30000.0	nM		"Summarised AC50 (mean value for measurements with a relation sign ""=""; largest value for measurements with relation sign "">"")"
CHEMBL2055	CHEMBL1657	CHEMBL5291872	AC50	>	30000.0	nM		"Summarised AC50 (mean value for measurements with a relation sign ""=""; largest value for measurements with relation sign "">"")"
CHEMBL2055	CHEMBL428	CHEMBL5291873	AC50	>	30000.0	nM		"Summarised AC50 (mean value for measurements with a relation sign ""=""; largest value for measurements with relation sign "">"")"
CHEMBL2055	CHEMBL957	CHEMBL5291873	AC50	>	30000.0	nM		"Summarised AC50 (mean value for measurements with a relation sign ""=""; largest value for measurements with relation sign "">"")"
CHEMBL2055	CHEMBL56337	CHEMBL5291873	AC50	>	30000.0	nM		"Summarised AC50 (mean value for measurements with a relation sign ""=""; largest value for measurements with relation sign "">"")"
CHEMBL2055	CHEMBL691	CHEMBL5291873	AC50	>	30000.0	nM		"Summarised AC50 (mean value for measurements with a relation sign ""=""; largest value for measurements with relation sign "">"")"
CHEMBL2055	CHEMBL121	CHEMBL5291873	AC50	>	30000.0	nM		"Summarised AC50 (mean value for measurements with a relation sign ""=""; largest value for measurements with relation sign "">"")"
CHEMBL2055	CHEMBL139	CHEMBL5291873	AC50	>	30000.0	nM		"Summarised AC50 (mean value for measurements with a relation sign ""=""; largest value for measurements with relation sign "">"")"
CHEMBL2055	CHEMBL408	CHEMBL5291873	AC50	>	30000.0	nM		"Summarised AC50 (mean value for measurements with a relation sign ""=""; largest value for measurements with relation sign "">"")"
CHEMBL2055	CHEMBL421	CHEMBL5291873	AC50	>	30000.0	nM		"Summarised AC50 (mean value for measurements with a relation sign ""=""; largest value for measurements with relation sign "">"")"
CHEMBL2055	CHEMBL833	CHEMBL5291873	AC50	>	30000.0	nM		"Summarised AC50 (mean value for measurements with a relation sign ""=""; largest value for measurements with relation sign "">"")"
CHEMBL2055	CHEMBL160	CHEMBL5291873	AC50	>	30000.0	nM		"Summarised AC50 (mean value for measurements with a relation sign ""=""; largest value for measurements with relation sign "">"")"
CHEMBL2055	CHEMBL1272	CHEMBL5291873	AC50	>	30000.0	nM		"Summarised AC50 (mean value for measurements with a relation sign ""=""; largest value for measurements with relation sign "">"")"
CHEMBL2055	CHEMBL1481	CHEMBL5291873	AC50	>	30000.0	nM		"Summarised AC50 (mean value for measurements with a relation sign ""=""; largest value for measurements with relation sign "">"")"
CHEMBL2055	CHEMBL521	CHEMBL5291873	AC50	>	30000.0	nM		"Summarised AC50 (mean value for measurements with a relation sign ""=""; largest value for measurements with relation sign "">"")"
CHEMBL2055	CHEMBL64391	CHEMBL5291873	AC50	>	30000.0	nM		"Summarised AC50 (mean value for measurements with a relation sign ""=""; largest value for measurements with relation sign "">"")"
CHEMBL2055	CHEMBL1082	CHEMBL5291873	AC50	>	30000.0	nM		"Summarised AC50 (mean value for measurements with a relation sign ""=""; largest value for measurements with relation sign "">"")"
CHEMBL2055	CHEMBL374478	CHEMBL5291873	AC50	>	3000.0	nM		"Summarised AC50 (mean value for measurements with a relation sign ""=""; largest value for measurements with relation sign "">"")"
CHEMBL2055	CHEMBL111	CHEMBL5291873	AC50	>	30000.0	nM		"Summarised AC50 (mean value for measurements with a relation sign ""=""; largest value for measurements with relation sign "">"")"
CHEMBL2055	CHEMBL715	CHEMBL5291873	AC50	>	30000.0	nM		"Summarised AC50 (mean value for measurements with a relation sign ""=""; largest value for measurements with relation sign "">"")"
CHEMBL2055	CHEMBL1487	CHEMBL5291873	AC50	>	30000.0	nM		"Summarised AC50 (mean value for measurements with a relation sign ""=""; largest value for measurements with relation sign "">"")"
CHEMBL2055	CHEMBL1316	CHEMBL5291873	AC50	>	30000.0	nM		"Summarised AC50 (mean value for measurements with a relation sign ""=""; largest value for measurements with relation sign "">"")"
CHEMBL2055	CHEMBL495	CHEMBL5291873	AC50	>	30000.0	nM		"Summarised AC50 (mean value for measurements with a relation sign ""=""; largest value for measurements with relation sign "">"")"
CHEMBL2055	CHEMBL112	CHEMBL5291873	AC50	>	30000.0	nM		"Summarised AC50 (mean value for measurements with a relation sign ""=""; largest value for measurements with relation sign "">"")"
CHEMBL2055	CHEMBL157101	CHEMBL5291873	AC50	>	30000.0	nM		"Summarised AC50 (mean value for measurements with a relation sign ""=""; largest value for measurements with relation sign "">"")"
CHEMBL2055	CHEMBL198362	CHEMBL5291873	AC50	>	30000.0	nM		"Summarised AC50 (mean value for measurements with a relation sign ""=""; largest value for measurements with relation sign "">"")"
CHEMBL2055	CHEMBL383634	CHEMBL5291873	AC50	=	21999.9	nM	4.66	"Summarised AC50 (mean value for measurements with a relation sign ""=""; largest value for measurements with relation sign "">"")"
CHEMBL2055	CHEMBL1946170	CHEMBL5291873	AC50	>	30000.0	nM		"Summarised AC50 (mean value for measurements with a relation sign ""=""; largest value for measurements with relation sign "">"")"
CHEMBL2055	CHEMBL1569487	CHEMBL5291873	AC50	>	30000.0	nM		"Summarised AC50 (mean value for measurements with a relation sign ""=""; largest value for measurements with relation sign "">"")"
CHEMBL2055	CHEMBL1324	CHEMBL5291873	AC50	>	30000.0	nM		"Summarised AC50 (mean value for measurements with a relation sign ""=""; largest value for measurements with relation sign "">"")"
CHEMBL2055	CHEMBL603	CHEMBL5291873	AC50	>	30000.0	nM		"Summarised AC50 (mean value for measurements with a relation sign ""=""; largest value for measurements with relation sign "">"")"
CHEMBL2055	CHEMBL1064	CHEMBL5291873	AC50	>	30000.0	nM		"Summarised AC50 (mean value for measurements with a relation sign ""=""; largest value for measurements with relation sign "">"")"
CHEMBL2055	CHEMBL6966	CHEMBL5291873	AC50	>	30000.0	nM		"Summarised AC50 (mean value for measurements with a relation sign ""=""; largest value for measurements with relation sign "">"")"
CHEMBL2055	CHEMBL1292	CHEMBL5291873	AC50	>	30000.0	nM		"Summarised AC50 (mean value for measurements with a relation sign ""=""; largest value for measurements with relation sign "">"")"
CHEMBL2055	CHEMBL404108	CHEMBL5291873	AC50	>	30000.0	nM		"Summarised AC50 (mean value for measurements with a relation sign ""=""; largest value for measurements with relation sign "">"")"
CHEMBL2055	CHEMBL2103772	CHEMBL5291873	AC50	>	30000.0	nM		"Summarised AC50 (mean value for measurements with a relation sign ""=""; largest value for measurements with relation sign "">"")"
CHEMBL2055	CHEMBL535	CHEMBL5291873	AC50	>	3000.0	nM		"Summarised AC50 (mean value for measurements with a relation sign ""=""; largest value for measurements with relation sign "">"")"
CHEMBL2055	CHEMBL56367	CHEMBL5291873	AC50	>	30000.0	nM		"Summarised AC50 (mean value for measurements with a relation sign ""=""; largest value for measurements with relation sign "">"")"
CHEMBL2055	CHEMBL5415488	CHEMBL5316738	Activity	=	1.0	%		
CHEMBL2055	CHEMBL5433310	CHEMBL5316752	Activity	=	1.0	%		
CHEMBL2055	CHEMBL5418573	CHEMBL5316752	Activity	=	1.0	%		
CHEMBL2055	CHEMBL5432412	CHEMBL5328596	Activity					Not Active
CHEMBL2055	CHEMBL247920	CHEMBL5340841	EC50					Not Determined
CHEMBL2055	CHEMBL5420532	CHEMBL5340841	EC50	>	10000.0	nM		
CHEMBL2055	CHEMBL5396467	CHEMBL5340841	EC50	>	10000.0	nM		
CHEMBL2055	CHEMBL5417169	CHEMBL5343457	Activity					Not Active
CHEMBL2055	CHEMBL5403200	CHEMBL5345120	Activity					Not Active
CHEMBL2055	CHEMBL4466322	CHEMBL5345120	Activity					Not Active
CHEMBL2055	CHEMBL5401472	CHEMBL5368336	EC50	>	10000.0	nM		
CHEMBL2055	CHEMBL5425250	CHEMBL5368336	EC50	>	10000.0	nM		
CHEMBL2055	CHEMBL5406315	CHEMBL5368336	EC50	>	10000.0	nM		
CHEMBL2055	CHEMBL5415710	CHEMBL5369679	Activity					Not Active
CHEMBL2055	CHEMBL5405956	CHEMBL5369679	Activity					Not Active
CHEMBL2055	CHEMBL5404648	CHEMBL5378850	Activity					Not Active
CHEMBL2055	CHEMBL5404648	CHEMBL5378880	Activity					Not Active
CHEMBL2055	CHEMBL5404648	CHEMBL5378910	Activity					Not Active
CHEMBL2055	CHEMBL197194	CHEMBL5385495	EC50	>	10000.0	nM		
CHEMBL2055	CHEMBL5417085	CHEMBL5385495	Activity					Not Active
CHEMBL2055	CHEMBL5405485	CHEMBL5392250	Activity					Not Active
CHEMBL2055	CHEMBL5532117	CHEMBL5500996	Activity					Not Active
CHEMBL2055	CHEMBL5532117	CHEMBL5501007	Inhibition			%		Not Active
CHEMBL2055	CHEMBL5561101	CHEMBL5509174	Activity					Not Active
CHEMBL2055	CHEMBL5561101	CHEMBL5509175	Activity					Not Active
CHEMBL2055	CHEMBL5565773	CHEMBL5541042	Activity					Not Active
CHEMBL2055	CHEMBL2385268	CHEMBL5636233	IC50	=	200.0	nM	6.70	
CHEMBL2055	CHEMBL2385268	CHEMBL5636236	IC50	~	10.0	nM		
CHEMBL2055	CHEMBL705	CHEMBL5636240	EC50	=	12.6	nM	7.90	
CHEMBL2055	CHEMBL2385268	CHEMBL5636243	IC50	=	9.4	nM	8.03	
CHEMBL2055	CHEMBL81176	CHEMBL5636243	IC50	=	29.0	nM	7.54	
CHEMBL2055	CHEMBL2385269	CHEMBL5636243	IC50	=	270.0	nM	6.57	
CHEMBL2055	CHEMBL5640022	CHEMBL5636243	IC50	=	140.0	nM	6.85	
CHEMBL2055	CHEMBL5646569	CHEMBL5636243	IC50	=	1100.0	nM	5.96	
CHEMBL2055	CHEMBL5646471	CHEMBL5636243	IC50	=	520.0	nM	6.28	
CHEMBL2055	CHEMBL344973	CHEMBL5636243	IC50	=	440.0	nM	6.36	
CHEMBL2055	CHEMBL5646902	CHEMBL5636243	IC50	>	3300.0	nM		
CHEMBL2055	CHEMBL5639172	CHEMBL5636243	IC50	>	3300.0	nM		
CHEMBL2055	CHEMBL5641574	CHEMBL5636243	IC50	>	3300.0	nM		
CHEMBL2055	CHEMBL5640017	CHEMBL5636243	IC50	>	3300.0	nM		
CHEMBL2055	CHEMBL5647256	CHEMBL5636243	IC50	>	3300.0	nM		
CHEMBL2055	CHEMBL5639386	CHEMBL5636243	IC50	>	3300.0	nM		
CHEMBL2055	CHEMBL5641562	CHEMBL5636243	IC50	=	1500.0	nM	5.82	
CHEMBL2055	CHEMBL5641884	CHEMBL5636243	IC50	>	3300.0	nM		
CHEMBL2055	CHEMBL310790	CHEMBL5636243	IC50	=	430.0	nM	6.37	
CHEMBL2055	CHEMBL5640026	CHEMBL5636243	IC50	>	3300.0	nM		
CHEMBL2055	CHEMBL5641860	CHEMBL5636243	IC50	>	3300.0	nM		
CHEMBL2055	CHEMBL5646931	CHEMBL5636243	IC50	>	3300.0	nM		
CHEMBL2055	CHEMBL5647012	CHEMBL5636243	IC50	>	3300.0	nM		
CHEMBL2055	CHEMBL5639513	CHEMBL5636243	IC50	=	4.6	nM	8.34	
CHEMBL2055	CHEMBL5641823	CHEMBL5636243	IC50	>	3300.0	nM		
CHEMBL2055	CHEMBL5647354	CHEMBL5636243	IC50	>	3300.0	nM		
CHEMBL2055	CHEMBL5647040	CHEMBL5636243	IC50	>	3300.0	nM		
CHEMBL2055	CHEMBL5647148	CHEMBL5636243	IC50	>	3300.0	nM		
CHEMBL2055	CHEMBL5647594	CHEMBL5636243	IC50	>	3300.0	nM		
CHEMBL2055	CHEMBL2385268	CHEMBL5636246	Emax	=	12.0	%		
CHEMBL2055	CHEMBL81176	CHEMBL5636246	Emax	=	9.0	%		
CHEMBL2055	CHEMBL2385269	CHEMBL5636246	Emax	=	0.0	%		
CHEMBL2055	CHEMBL5640022	CHEMBL5636246	Emax	=	4.0	%		
CHEMBL2055	CHEMBL5646471	CHEMBL5636246	Emax	=	0.0	%		
CHEMBL2055	CHEMBL344973	CHEMBL5636246	Emax	=	3.0	%		
CHEMBL2055	CHEMBL5639513	CHEMBL5636246	Emax	=	0.0	%		
CHEMBL2055	CHEMBL3414623	CHEMBL5675450	IC50	>	10000.0	nM		
CHEMBL2055	CHEMBL1657	CHEMBL5723392	EC50	=	63.0	nM	7.20	
CHEMBL2055	CHEMBL1265	CHEMBL5723395	EC50	=	22.0	nM	7.66	
CHEMBL2055	CHEMBL4792252	CHEMBL5723397	EC50	=	110.0	nM	6.96	
CHEMBL2055	CHEMBL25202	CHEMBL5723399	EC50	=	50.0	nM	7.30	
CHEMBL2055	CHEMBL69367	CHEMBL5723402	EC50	=	0.3	nM	9.52	
CHEMBL2055	CHEMBL191703	CHEMBL5723430	EC50	=	630.0	nM	6.20	
CHEMBL2055	CHEMBL1235644	CHEMBL5723441	EC50	=	400.0	nM	6.40	
CHEMBL2055	CHEMBL5997757	CHEMBL5732269	EC50	=	5.5	nM	8.26	636327
CHEMBL2055	CHEMBL5997757	CHEMBL5732269	kon	=				636327
CHEMBL2055	CHEMBL5997757	CHEMBL5732269	k_off	=		s-1		636327
CHEMBL2055	CHEMBL1235644	CHEMBL5735632	EC50	=	1.2	nM	8.92	944915
CHEMBL2055	CHEMBL1235644	CHEMBL5735632	kon	=				944915
CHEMBL2055	CHEMBL1235644	CHEMBL5735632	k_off	=		s-1		944915
CHEMBL2055	CHEMBL4459692	CHEMBL5735632	EC50	=	26.0	nM	7.58	944918
CHEMBL2055	CHEMBL4459692	CHEMBL5735632	kon	=				944918
CHEMBL2055	CHEMBL4459692	CHEMBL5735632	k_off	=		s-1		944918
CHEMBL2055	CHEMBL5913925	CHEMBL5735632	EC50	=	136.0	nM	6.87	944921
CHEMBL2055	CHEMBL5913925	CHEMBL5735632	kon	=				944921
CHEMBL2055	CHEMBL5913925	CHEMBL5735632	k_off	=		s-1		944921
CHEMBL2055	CHEMBL5940856	CHEMBL5735632	EC50	=	160.0	nM	6.80	944924
CHEMBL2055	CHEMBL5940856	CHEMBL5735632	kon	=				944924
CHEMBL2055	CHEMBL5940856	CHEMBL5735632	k_off	=		s-1		944924
CHEMBL2055	CHEMBL5831421	CHEMBL5735632	EC50	=	130.0	nM	6.89	944928
CHEMBL2055	CHEMBL5831421	CHEMBL5735632	kon	=				944928
CHEMBL2055	CHEMBL5831421	CHEMBL5735632	k_off	=		s-1		944928
CHEMBL2055	CHEMBL4469143	CHEMBL5735632	EC50	=	89.0	nM	7.05	944931
CHEMBL2055	CHEMBL4469143	CHEMBL5735632	kon	=				944931
CHEMBL2055	CHEMBL4469143	CHEMBL5735632	k_off	=		s-1		944931
CHEMBL2055	CHEMBL4449668	CHEMBL5735632	EC50	=	16.0	nM	7.80	944934
CHEMBL2055	CHEMBL4449668	CHEMBL5735632	kon	=				944934
CHEMBL2055	CHEMBL4449668	CHEMBL5735632	k_off	=		s-1		944934
CHEMBL2055	CHEMBL5946099	CHEMBL5735632	EC50	=	17.0	nM	7.77	944937
CHEMBL2055	CHEMBL5946099	CHEMBL5735632	kon	=				944937
CHEMBL2055	CHEMBL5946099	CHEMBL5735632	k_off	=		s-1		944937
CHEMBL2055	CHEMBL5862926	CHEMBL5735632	EC50	=	32.0	nM	7.50	944940
CHEMBL2055	CHEMBL5862926	CHEMBL5735632	kon	=				944940
CHEMBL2055	CHEMBL5862926	CHEMBL5735632	k_off	=		s-1		944940
CHEMBL2055	CHEMBL5947674	CHEMBL5735632	EC50	=	25.0	nM	7.60	944943
CHEMBL2055	CHEMBL5947674	CHEMBL5735632	kon	=				944943
CHEMBL2055	CHEMBL5947674	CHEMBL5735632	k_off	=		s-1		944943
CHEMBL2055	CHEMBL6005408	CHEMBL5735632	EC50	=	26.0	nM	7.58	944946
CHEMBL2055	CHEMBL6005408	CHEMBL5735632	kon	=				944946
CHEMBL2055	CHEMBL6005408	CHEMBL5735632	k_off	=		s-1		944946
CHEMBL2055	CHEMBL5928608	CHEMBL5735632	EC50	=	67.0	nM	7.17	944949
CHEMBL2055	CHEMBL5928608	CHEMBL5735632	kon	=				944949
CHEMBL2055	CHEMBL5928608	CHEMBL5735632	k_off	=		s-1		944949
CHEMBL2055	CHEMBL5830474	CHEMBL5735632	EC50	=	140.0	nM	6.85	944952
CHEMBL2055	CHEMBL5830474	CHEMBL5735632	kon	=				944952
CHEMBL2055	CHEMBL5830474	CHEMBL5735632	k_off	=		s-1		944952
CHEMBL2055	CHEMBL5899376	CHEMBL5735632	EC50	=	12.0	nM	7.92	944955
CHEMBL2055	CHEMBL5899376	CHEMBL5735632	kon	=				944955
CHEMBL2055	CHEMBL5899376	CHEMBL5735632	k_off	=		s-1		944955
CHEMBL2055	CHEMBL5840509	CHEMBL5735632	EC50	=	23.0	nM	7.64	944958
CHEMBL2055	CHEMBL5840509	CHEMBL5735632	kon	=				944958
CHEMBL2055	CHEMBL5840509	CHEMBL5735632	k_off	=		s-1		944958
CHEMBL2055	CHEMBL5818566	CHEMBL5735632	EC50	=	18.0	nM	7.75	944961
CHEMBL2055	CHEMBL5818566	CHEMBL5735632	kon	=				944961
CHEMBL2055	CHEMBL5818566	CHEMBL5735632	k_off	=		s-1		944961
CHEMBL2055	CHEMBL5957972	CHEMBL5735632	EC50	=	56.0	nM	7.25	944964
CHEMBL2055	CHEMBL5957972	CHEMBL5735632	kon	=				944964
CHEMBL2055	CHEMBL5957972	CHEMBL5735632	k_off	=		s-1		944964
CHEMBL2055	CHEMBL5816018	CHEMBL5735632	EC50	=	150.0	nM	6.82	944967
CHEMBL2055	CHEMBL5816018	CHEMBL5735632	kon	=				944967
CHEMBL2055	CHEMBL5816018	CHEMBL5735632	k_off	=		s-1		944967
CHEMBL2055	CHEMBL4439399	CHEMBL5735632	EC50	=	19.0	nM	7.72	944970
CHEMBL2055	CHEMBL4439399	CHEMBL5735632	kon	=				944970
CHEMBL2055	CHEMBL4439399	CHEMBL5735632	k_off	=		s-1		944970
CHEMBL2055	CHEMBL5941402	CHEMBL5735632	EC50	=	60.0	nM	7.22	944973
CHEMBL2055	CHEMBL5941402	CHEMBL5735632	kon	=				944973
CHEMBL2055	CHEMBL5941402	CHEMBL5735632	k_off	=		s-1		944973
CHEMBL2055	CHEMBL4438880	CHEMBL5735632	EC50	=	30.0	nM	7.52	944976
CHEMBL2055	CHEMBL4438880	CHEMBL5735632	kon	=				944976
CHEMBL2055	CHEMBL4438880	CHEMBL5735632	k_off	=		s-1		944976
CHEMBL2055	CHEMBL5833730	CHEMBL5735632	EC50	=	77.0	nM	7.11	944979
CHEMBL2055	CHEMBL5833730	CHEMBL5735632	kon	=				944979
CHEMBL2055	CHEMBL5833730	CHEMBL5735632	k_off	=		s-1		944979
CHEMBL2055	CHEMBL4562084	CHEMBL5735632	EC50	=	114.0	nM	6.94	944982
CHEMBL2055	CHEMBL4562084	CHEMBL5735632	kon	=				944982
CHEMBL2055	CHEMBL4562084	CHEMBL5735632	k_off	=		s-1		944982
CHEMBL2055	CHEMBL5798215	CHEMBL5735632	EC50	=	180.0	nM	6.75	944985
CHEMBL2055	CHEMBL5798215	CHEMBL5735632	kon	=				944985
CHEMBL2055	CHEMBL5798215	CHEMBL5735632	k_off	=		s-1		944985
CHEMBL2055	CHEMBL5901116	CHEMBL5735632	EC50	=	150.0	nM	6.82	944988
CHEMBL2055	CHEMBL5901116	CHEMBL5735632	kon	=				944988
CHEMBL2055	CHEMBL5901116	CHEMBL5735632	k_off	=		s-1		944988
CHEMBL2055	CHEMBL5931168	CHEMBL5735632	EC50	=	47.0	nM	7.33	944991
CHEMBL2055	CHEMBL5931168	CHEMBL5735632	kon	=				944991
CHEMBL2055	CHEMBL5931168	CHEMBL5735632	k_off	=		s-1		944991
CHEMBL2055	CHEMBL5801049	CHEMBL5735632	EC50	=	61.0	nM	7.21	944994
CHEMBL2055	CHEMBL5801049	CHEMBL5735632	kon	=				944994
CHEMBL2055	CHEMBL5801049	CHEMBL5735632	k_off	=		s-1		944994
CHEMBL2055	CHEMBL6032942	CHEMBL5735632	EC50	=	26.0	nM	7.58	944997
CHEMBL2055	CHEMBL6032942	CHEMBL5735632	kon	=				944997
CHEMBL2055	CHEMBL6032942	CHEMBL5735632	k_off	=		s-1		944997
CHEMBL2055	CHEMBL5935299	CHEMBL5735632	EC50	=	210.0	nM	6.68	945000
CHEMBL2055	CHEMBL5935299	CHEMBL5735632	kon	=				945000
CHEMBL2055	CHEMBL5935299	CHEMBL5735632	k_off	=		s-1		945000
CHEMBL2055	CHEMBL5799955	CHEMBL5735632	EC50	=	58.0	nM	7.24	945003
CHEMBL2055	CHEMBL5799955	CHEMBL5735632	kon	=				945003
CHEMBL2055	CHEMBL5799955	CHEMBL5735632	k_off	=		s-1		945003
CHEMBL2055	CHEMBL5835788	CHEMBL5735632	EC50	=	150.0	nM	6.82	945006
CHEMBL2055	CHEMBL5835788	CHEMBL5735632	kon	=				945006
CHEMBL2055	CHEMBL5835788	CHEMBL5735632	k_off	=		s-1		945006
CHEMBL2055	CHEMBL5888315	CHEMBL5735632	EC50	=	150.0	nM	6.82	945009
CHEMBL2055	CHEMBL5888315	CHEMBL5735632	kon	=				945009
CHEMBL2055	CHEMBL5888315	CHEMBL5735632	k_off	=		s-1		945009
CHEMBL2055	CHEMBL5873579	CHEMBL5735632	EC50	=	45.0	nM	7.35	945012
CHEMBL2055	CHEMBL5873579	CHEMBL5735632	kon	=				945012
CHEMBL2055	CHEMBL5873579	CHEMBL5735632	k_off	=		s-1		945012
CHEMBL2055	CHEMBL5905886	CHEMBL5735632	EC50	=	92.0	nM	7.04	945015
CHEMBL2055	CHEMBL5905886	CHEMBL5735632	kon	=				945015
CHEMBL2055	CHEMBL5905886	CHEMBL5735632	k_off	=		s-1		945015
CHEMBL2055	CHEMBL5831550	CHEMBL5735632	EC50	=	91.0	nM	7.04	945018
CHEMBL2055	CHEMBL5831550	CHEMBL5735632	kon	=				945018
CHEMBL2055	CHEMBL5831550	CHEMBL5735632	k_off	=		s-1		945018
CHEMBL2055	CHEMBL5862215	CHEMBL5735632	EC50	=	225.0	nM	6.65	945021
CHEMBL2055	CHEMBL5862215	CHEMBL5735632	kon	=				945021
CHEMBL2055	CHEMBL5862215	CHEMBL5735632	k_off	=		s-1		945021
CHEMBL2055	CHEMBL5837674	CHEMBL5735632	EC50	=	91.0	nM	7.04	945024
CHEMBL2055	CHEMBL5837674	CHEMBL5735632	kon	=				945024
CHEMBL2055	CHEMBL5837674	CHEMBL5735632	k_off	=		s-1		945024
CHEMBL2055	CHEMBL5890168	CHEMBL5735632	EC50	=	19.0	nM	7.72	945027
CHEMBL2055	CHEMBL5890168	CHEMBL5735632	kon	=				945027
CHEMBL2055	CHEMBL5890168	CHEMBL5735632	k_off	=		s-1		945027
CHEMBL2055	CHEMBL5861416	CHEMBL5735632	EC50	=	65.0	nM	7.19	945030
CHEMBL2055	CHEMBL5861416	CHEMBL5735632	kon	=				945030
CHEMBL2055	CHEMBL5861416	CHEMBL5735632	k_off	=		s-1		945030
CHEMBL2055	CHEMBL5919236	CHEMBL5735632	EC50	=	72.0	nM	7.14	945033
CHEMBL2055	CHEMBL5919236	CHEMBL5735632	kon	=				945033
CHEMBL2055	CHEMBL5919236	CHEMBL5735632	k_off	=		s-1		945033
CHEMBL2055	CHEMBL5967033	CHEMBL5735632	EC50	=	20.0	nM	7.70	945036
CHEMBL2055	CHEMBL5967033	CHEMBL5735632	kon	=				945036
CHEMBL2055	CHEMBL5967033	CHEMBL5735632	k_off	=		s-1		945036
CHEMBL2055	CHEMBL5940771	CHEMBL5735632	EC50	=	9.4	nM	8.03	945039
CHEMBL2055	CHEMBL5940771	CHEMBL5735632	kon	=				945039
CHEMBL2055	CHEMBL5940771	CHEMBL5735632	k_off	=		s-1		945039
CHEMBL2055	CHEMBL5820942	CHEMBL5735632	EC50	=	44.0	nM	7.36	945042
CHEMBL2055	CHEMBL5820942	CHEMBL5735632	kon	=				945042
CHEMBL2055	CHEMBL5820942	CHEMBL5735632	k_off	=		s-1		945042
CHEMBL2055	CHEMBL5877402	CHEMBL5735632	EC50	=	26.0	nM	7.58	945045
CHEMBL2055	CHEMBL5877402	CHEMBL5735632	kon	=				945045
CHEMBL2055	CHEMBL5877402	CHEMBL5735632	k_off	=		s-1		945045
CHEMBL2055	CHEMBL5941968	CHEMBL5735632	EC50	=	91.0	nM	7.04	945048
CHEMBL2055	CHEMBL5941968	CHEMBL5735632	kon	=				945048
CHEMBL2055	CHEMBL5941968	CHEMBL5735632	k_off	=		s-1		945048
CHEMBL2008	CHEMBL111217	CHEMBL798145	Ki	=	5681.0	nM	5.25	
CHEMBL2008	CHEMBL130231	CHEMBL798145	Ki	=	5325.0	nM	5.27	
CHEMBL2008	CHEMBL337393	CHEMBL798145	Ki	=	1956.0	nM	5.71	
CHEMBL2008	CHEMBL131826	CHEMBL798145	Ki	=	4623.0	nM	5.33	
CHEMBL2008	CHEMBL335242	CHEMBL798145	Ki	=	6008.0	nM	5.22	
CHEMBL2008	CHEMBL131122	CHEMBL798145	Ki	>	10000.0	nM		
CHEMBL2008	CHEMBL157398	CHEMBL800443	Relative IC50	>	1000.0	nM		
CHEMBL2008	CHEMBL157398	CHEMBL659136	Relative EC30	=	1030.0	nM		
CHEMBL2008	CHEMBL130317	CHEMBL798146	Ki			nM		Not Determined
CHEMBL2008	CHEMBL130232	CHEMBL798145	Ki	=	3597.0	nM	5.44	
CHEMBL2008	CHEMBL38	CHEMBL879257	IC50	=	0.94	nM	9.03	
CHEMBL2008	CHEMBL38	CHEMBL654648	EC30	=	0.69	nM		
CHEMBL2008	CHEMBL133915	CHEMBL798145	Ki	=	2112.0	nM	5.67	
CHEMBL2008	CHEMBL348635	CHEMBL800443	Relative IC50	>	1000.0	nM		
CHEMBL2008	CHEMBL348635	CHEMBL659136	Relative EC30	=	880.0	nM		
CHEMBL2008	CHEMBL422088	CHEMBL798145	Ki	=	3927.0	nM	5.41	
CHEMBL2008	CHEMBL158065	CHEMBL800443	Relative IC50	>	1000.0	nM		
CHEMBL2008	CHEMBL158065	CHEMBL659136	Relative EC30	=	240.0	nM		
CHEMBL2008	CHEMBL42314	CHEMBL798145	Ki	=	9513.0	nM	5.02	
CHEMBL2008	CHEMBL133896	CHEMBL798145	Ki	>	10000.0	nM		
CHEMBL2008	CHEMBL160622	CHEMBL800443	Relative IC50	>	1000.0	nM		
CHEMBL2008	CHEMBL160622	CHEMBL659136	Relative EC30	=	78.0	nM		
CHEMBL2008	CHEMBL424269	CHEMBL798145	Ki	=	2270.0	nM	5.64	
CHEMBL2008	CHEMBL156696	CHEMBL800443	Relative IC50	>	1000.0	nM		
CHEMBL2008	CHEMBL156696	CHEMBL659137	Relative EC30	>	10000.0	nM		
CHEMBL2008	CHEMBL158064	CHEMBL800443	Relative IC50	=	49.0	nM		
CHEMBL2008	CHEMBL158064	CHEMBL659136	Relative EC30	=	11.0	nM		
CHEMBL2008	CHEMBL132568	CHEMBL798145	Ki	=	1984.0	nM	5.70	
CHEMBL2008	CHEMBL156929	CHEMBL800443	Relative IC50	>	1000.0	nM		
CHEMBL2008	CHEMBL156929	CHEMBL659136	Relative EC30	=	250.0	nM		
CHEMBL2008	CHEMBL288436	CHEMBL798145	Ki	=	9901.0	nM	5.00	
CHEMBL2008	CHEMBL130374	CHEMBL798145	Ki	=	2112.0	nM	5.67	
CHEMBL2008	CHEMBL156299	CHEMBL800443	Relative IC50	>	1000.0	nM		
CHEMBL2008	CHEMBL156299	CHEMBL659137	Relative EC30	>	10000.0	nM		
CHEMBL2008	CHEMBL424639	CHEMBL798145	Ki	=	2612.0	nM	5.58	
CHEMBL2008	CHEMBL160376	CHEMBL800443	Relative IC50	=	0.34	nM		
CHEMBL2008	CHEMBL160376	CHEMBL659136	Relative EC30	=	0.2	nM		
CHEMBL2008	CHEMBL156356	CHEMBL800443	Relative IC50	>	1000.0	nM		
CHEMBL2008	CHEMBL156356	CHEMBL659137	Relative EC30	>	10000.0	nM		
CHEMBL2008	CHEMBL100439	CHEMBL804171	Relative IC50					Not Determined
CHEMBL2008	CHEMBL100439	CHEMBL839729	Relative EC30	=	130.0	nM		
CHEMBL2008	CHEMBL98249	CHEMBL804171	Relative IC50					Not Determined
CHEMBL2008	CHEMBL98249	CHEMBL839729	Relative EC30	=	730.0	nM		
CHEMBL2008	CHEMBL38	CHEMBL839730	Relative IC50	=	0.47	nM		
CHEMBL2008	CHEMBL38	CHEMBL699008	Relative EC30	=	2.2	nM		
CHEMBL2008	CHEMBL100131	CHEMBL804171	Relative IC50					Not Determined
CHEMBL2008	CHEMBL100131	CHEMBL839729	Relative EC30	=	380.0	nM		
CHEMBL2008	CHEMBL98580	CHEMBL804171	Relative IC50					Not Determined
CHEMBL2008	CHEMBL98580	CHEMBL839729	Relative EC30	=	1300.0	nM		
CHEMBL2008	CHEMBL48353	CHEMBL772401	Relative IC50	=	490.0	nM		
CHEMBL2008	CHEMBL48353	CHEMBL839729	Relative EC30	=	25.0	nM		
CHEMBL2008	CHEMBL98218	CHEMBL804171	Relative IC50					Not Determined
CHEMBL2008	CHEMBL98218	CHEMBL839729	Relative EC30	=	160.0	nM		
CHEMBL2008	CHEMBL46229	CHEMBL772401	Relative IC50	=	690.0	nM		
CHEMBL2008	CHEMBL46229	CHEMBL839729	Relative EC30	=	110.0	nM		
CHEMBL2008	CHEMBL430677	CHEMBL772401	Relative IC50	=	500.0	nM		
CHEMBL2008	CHEMBL430677	CHEMBL839729	Relative EC30	=	8.5	nM		
CHEMBL2008	CHEMBL98263	CHEMBL804171	Relative IC50					Not Determined
CHEMBL2008	CHEMBL98263	CHEMBL839729	Relative EC30	=	92.0	nM		
CHEMBL2008	CHEMBL78535	CHEMBL804171	Relative IC50					Not Determined
CHEMBL2008	CHEMBL78535	CHEMBL839729	Relative EC30	=	210.0	nM		
CHEMBL2008	CHEMBL297022	CHEMBL804171	Relative IC50					Not Determined
CHEMBL2008	CHEMBL297022	CHEMBL839729	Relative EC30	=	200.0	nM		
CHEMBL2008	CHEMBL40007	CHEMBL795965	Activity	=	26.0	%		
CHEMBL2008	CHEMBL40007	CHEMBL772402	EC50	=	1100.0	nM	5.96	
CHEMBL2008	CHEMBL86893	CHEMBL795965	Activity	=	66.0	%		
CHEMBL2008	CHEMBL86893	CHEMBL802396	EC50	=	1900.0	nM	5.72	
CHEMBL2008	CHEMBL89253	CHEMBL795965	Activity	=	46.0	%		
CHEMBL2008	CHEMBL89253	CHEMBL802396	EC50	=	3200.0	nM	5.50	
CHEMBL2008	CHEMBL415449	CHEMBL795965	Activity	=	11.0	%		
CHEMBL2008	CHEMBL415449	CHEMBL802396	EC50	=	250.0	nM	6.60	
CHEMBL2008	CHEMBL285179	CHEMBL795965	Activity	=	51.0	%		
CHEMBL2008	CHEMBL285179	CHEMBL802396	EC50	=	25.0	nM	7.60	
CHEMBL2008	CHEMBL86663	CHEMBL795965	Activity	=	53.0	%		
CHEMBL2008	CHEMBL86663	CHEMBL802396	EC50	=	2200.0	nM	5.66	
CHEMBL2008	CHEMBL39344	CHEMBL795965	Activity	=	29.0	%		
CHEMBL2008	CHEMBL39344	CHEMBL802396	EC50	=	15.0	nM	7.82	
CHEMBL2008	CHEMBL73321	CHEMBL795965	Activity	=	79.0	%		
CHEMBL2008	CHEMBL73321	CHEMBL802396	EC50	=	40.0	nM	7.40	
CHEMBL2008	CHEMBL313742	CHEMBL795965	Activity	=	25.0	%		
CHEMBL2008	CHEMBL313742	CHEMBL802396	EC50	=	2000.0	nM	5.70	
CHEMBL2008	CHEMBL705	CHEMBL795965	Activity	=	86.0	%		
CHEMBL2008	CHEMBL705	CHEMBL802396	EC50	=	22.0	nM	7.66	
CHEMBL2008	CHEMBL275311	CHEMBL795965	Activity	=	69.0	%		
CHEMBL2008	CHEMBL275311	CHEMBL802396	EC50	=	6.0	nM	8.22	
CHEMBL2008	CHEMBL87147	CHEMBL795965	Activity	=	56.0	%		
CHEMBL2008	CHEMBL87147	CHEMBL802396	EC50	=	1500.0	nM	5.82	
CHEMBL2008	CHEMBL26129	CHEMBL795965	Activity	=	52.0	%		
CHEMBL2008	CHEMBL26129	CHEMBL802396	EC50	=	1800.0	nM	5.75	
CHEMBL2008	CHEMBL38	CHEMBL795965	Activity	=	97.0	%		
CHEMBL2008	CHEMBL38	CHEMBL802396	EC50	=	12.0	nM	7.92	
CHEMBL2008	CHEMBL284264	CHEMBL795965	Activity	=	55.0	%		
CHEMBL2008	CHEMBL284264	CHEMBL802396	EC50	=	5.0	nM	8.30	
CHEMBL2008	CHEMBL36718	CHEMBL795965	Activity	=	31.0	%		
CHEMBL2008	CHEMBL36718	CHEMBL802396	EC50	=	20.0	nM	7.70	
CHEMBL2008	CHEMBL84681	CHEMBL795965	Activity	=	0.0	%		
CHEMBL2008	CHEMBL1265	CHEMBL798918	Ki	=	34.0	nM	7.47	
CHEMBL2008	CHEMBL75311	CHEMBL798918	Ki	>	3000.0	nM		
CHEMBL2008	CHEMBL75527	CHEMBL798918	Ki	=	90.0	nM	7.05	
CHEMBL2008	CHEMBL350485	CHEMBL807724	Kd	=	35.0	nM	7.46	
CHEMBL2008	CHEMBL350485	CHEMBL807717	IC50	=	53.0	nM	7.28	
CHEMBL2008	CHEMBL350485	CHEMBL807715	Efficacy	=	94.0	%		
CHEMBL2008	CHEMBL75732	CHEMBL798918	Ki	=	71.0	nM	7.15	
CHEMBL2008	CHEMBL424190	CHEMBL807724	Kd	=	27.0	nM	7.57	
CHEMBL2008	CHEMBL424190	CHEMBL807717	IC50	=	25.0	nM	7.60	
CHEMBL2008	CHEMBL424190	CHEMBL807715	Efficacy	=	96.0	%		
CHEMBL2008	CHEMBL308170	CHEMBL798918	Ki	>	3000.0	nM		
CHEMBL2008	CHEMBL74218	CHEMBL798918	Ki	>	3000.0	nM		
CHEMBL2008	CHEMBL38	CHEMBL796046	EC50	=	38.0	nM	7.42	
CHEMBL2008	CHEMBL38	CHEMBL807724	Kd	=	11.0	nM	7.96	
CHEMBL2008	CHEMBL349018	CHEMBL807724	Kd	=	6.0	nM	8.22	
CHEMBL2008	CHEMBL349018	CHEMBL807717	IC50	=	22.0	nM	7.66	
CHEMBL2008	CHEMBL349018	CHEMBL807715	Efficacy	=	92.0	%		
CHEMBL2008	CHEMBL349935	CHEMBL807724	Kd	=	4.0	nM	8.40	
CHEMBL2008	CHEMBL349935	CHEMBL807717	IC50	=	40.0	nM	7.40	
CHEMBL2008	CHEMBL349935	CHEMBL807715	Efficacy	=	96.0	%		
CHEMBL2008	CHEMBL75048	CHEMBL798918	Ki	>	3000.0	nM		
CHEMBL2008	CHEMBL165843	CHEMBL796046	EC50	=	8.0	nM	8.10	
CHEMBL2008	CHEMBL165843	CHEMBL807724	Kd	=	5.0	nM	8.30	
CHEMBL2008	CHEMBL151870	CHEMBL796046	EC50	=	7.0	nM	8.15	
CHEMBL2008	CHEMBL151870	CHEMBL807724	Kd	=	20.0	nM	7.70	
CHEMBL2008	CHEMBL358145	CHEMBL807724	Kd	=	7.0	nM	8.15	
CHEMBL2008	CHEMBL358145	CHEMBL807717	IC50	=	20.0	nM	7.70	
CHEMBL2008	CHEMBL358145	CHEMBL807715	Efficacy	=	97.0	%		
CHEMBL2008	CHEMBL164176	CHEMBL807724	Kd	=	87.0	nM	7.06	
CHEMBL2008	CHEMBL75848	CHEMBL798918	Ki	=	36.0	nM	7.44	
CHEMBL2008	CHEMBL25361	CHEMBL798918	Ki	=	13.0	nM	7.89	
CHEMBL2008	CHEMBL275311	CHEMBL818520	Ki	=	0.5	nM	9.30	
CHEMBL2008	CHEMBL275311	CHEMBL820185	Ki	=	0.5	nM	9.30	
CHEMBL2008	CHEMBL74331	CHEMBL820187	Ki	=	11.0	nM	7.96	
CHEMBL2008	CHEMBL74331	CHEMBL820188	Ki	=	13.0	nM	7.89	
CHEMBL2008	CHEMBL38	CHEMBL820187	Ki	=	0.5	nM	9.30	
CHEMBL2008	CHEMBL38	CHEMBL820188	Ki	=	0.4	nM	9.40	
CHEMBL2008	CHEMBL73973	CHEMBL820187	Ki	>	1100.0	nM		
CHEMBL2008	CHEMBL73973	CHEMBL820188	Ki	>	1200.0	nM		
CHEMBL2008	CHEMBL275311	CHEMBL795966	EC50	=	4.0	nM	8.40	
CHEMBL2008	CHEMBL151870	CHEMBL795966	EC50	=	2.0	nM	8.70	
CHEMBL2008	CHEMBL151672	CHEMBL795966	EC50	=	355.0	nM	6.45	
CHEMBL2008	CHEMBL151672	CHEMBL796045	EC50	=	930.0	nM	6.03	
CHEMBL2008	CHEMBL44478	CHEMBL795966	EC50	=	3.3	nM	8.48	
CHEMBL2008	CHEMBL147335	CHEMBL797503	EC50	>	10000.0	nM		
CHEMBL2008	CHEMBL2114142	CHEMBL820184	Ki			nM		Not Active
CHEMBL2008	CHEMBL2114142	CHEMBL820186	Ki			nM		Not Active
CHEMBL2008	CHEMBL150583	CHEMBL797503	EC50	>	10000.0	nM		
CHEMBL2008	CHEMBL150691	CHEMBL795966	EC50	>	5.0	nM		
CHEMBL2008	CHEMBL38	CHEMBL795966	EC50	=	1.5	nM	8.82	
CHEMBL2008	CHEMBL1023	CHEMBL818520	Ki	>	550.0	nM		
CHEMBL2008	CHEMBL1023	CHEMBL820185	Ki	>	800.0	nM		
CHEMBL2008	CHEMBL2115168	CHEMBL820184	Ki			nM		Not Active
CHEMBL2008	CHEMBL2115168	CHEMBL820186	Ki			nM		Not Active
CHEMBL2008	CHEMBL705	CHEMBL818520	Ki	=	0.7	nM	9.15	
CHEMBL2008	CHEMBL705	CHEMBL820185	Ki	=	0.5	nM	9.30	
CHEMBL2008	CHEMBL111983	CHEMBL795964	Activity	=	74.0	%		
CHEMBL2008	CHEMBL111911	CHEMBL795964	Activity	=	68.0	%		
CHEMBL2008	CHEMBL115763	CHEMBL795964	Activity	=	45.0	%		
CHEMBL2008	CHEMBL112715	CHEMBL795964	Activity	=	27.0	%		
CHEMBL2008	CHEMBL101308	CHEMBL795964	Activity	=	1.0	%		
CHEMBL2008	CHEMBL115164	CHEMBL795964	Activity	=	32.0	%		
CHEMBL2008	CHEMBL414233	CHEMBL795964	Activity	=	74.0	%		
CHEMBL2008	CHEMBL423654	CHEMBL795952	AC50	=	140.0	nM	6.85	
CHEMBL2008	CHEMBL423654	CHEMBL799126	Activation	=	68.0	%		
CHEMBL2008	CHEMBL25337	CHEMBL795952	AC50	<	1.0	nM		
CHEMBL2008	CHEMBL25337	CHEMBL799126	Activation	=	94.0	%		
CHEMBL2008	CHEMBL114319	CHEMBL795964	Activity	=	45.0	%		
CHEMBL2008	CHEMBL27226	CHEMBL795952	AC50	<	1.0	nM		
CHEMBL2008	CHEMBL27226	CHEMBL799126	Activation	=	113.0	%		
CHEMBL2008	CHEMBL705	CHEMBL795964	Activity	=	100.0	%		
CHEMBL2008	CHEMBL116859	CHEMBL795964	Activity	=	10.0	%		
CHEMBL2008	CHEMBL1023	CHEMBL795964	Activity	=	67.0	%		
CHEMBL2008	CHEMBL25038	CHEMBL795952	AC50	=	740.0	nM	6.13	
CHEMBL2008	CHEMBL25038	CHEMBL799126	Activation	=	36.0	%		
CHEMBL2008	CHEMBL25088	CHEMBL795952	AC50	=	10.0	nM	8.00	
CHEMBL2008	CHEMBL25088	CHEMBL799126	Activation	=	96.0	%		
CHEMBL2008	CHEMBL115050	CHEMBL795964	Activity	=	102.0	%		
CHEMBL2008	CHEMBL428708	CHEMBL795952	AC50	>	1000.0	nM		
CHEMBL2008	CHEMBL428708	CHEMBL799126	Activation	=	42.0	%		
CHEMBL2008	CHEMBL418570	CHEMBL795952	AC50	=	4.3	nM	8.37	
CHEMBL2008	CHEMBL418570	CHEMBL799126	Activation	=	109.0	%		
CHEMBL2008	CHEMBL24966	CHEMBL795964	Activity	=	21.0	%		
CHEMBL2008	CHEMBL25361	CHEMBL795952	AC50	=	52.0	nM	7.28	
CHEMBL2008	CHEMBL25361	CHEMBL799126	Activation	=	82.0	%		
CHEMBL2008	CHEMBL96184	CHEMBL795964	Activity	=	2300.0	%		
CHEMBL2008	CHEMBL323626	CHEMBL795964	Activity	=	4.0	%		
CHEMBL2008	CHEMBL275311	CHEMBL795952	AC50	=	22.0	nM	7.66	
CHEMBL2008	CHEMBL275311	CHEMBL799126	Activation	=	86.0	%		
CHEMBL2008	CHEMBL115558	CHEMBL795964	Activity	=	6.0	%		
CHEMBL2008	CHEMBL38	CHEMBL795963	Activity	=	78.0	%		
CHEMBL2008	CHEMBL326766	CHEMBL795964	Activity	=	32.0	%		
CHEMBL2008	CHEMBL113975	CHEMBL795964	Activity	=	27.0	%		
CHEMBL2008	CHEMBL114880	CHEMBL795964	Activity	=	26.0	%		
CHEMBL2008	CHEMBL113865	CHEMBL795964	Activity	=	4.0	%		
CHEMBL2008	CHEMBL113864	CHEMBL795964	Activity	=	0.0	%		
CHEMBL2008	CHEMBL114390	CHEMBL795964	Activity	=	5.0	%		
CHEMBL2008	CHEMBL98172	CHEMBL795964	Activity	=	64.0	%		
CHEMBL2008	CHEMBL326855	CHEMBL795964	Activity	=	12.0	%		
CHEMBL2008	CHEMBL705	CHEMBL798152	EC50	=	3.3	nM	8.48	
CHEMBL2008	CHEMBL96829	CHEMBL798152	EC50	>	0.001	nM		
CHEMBL2008	CHEMBL92926	CHEMBL798152	EC50	=	21.0	nM	7.68	
CHEMBL2008	CHEMBL93628	CHEMBL798152	EC50	>	0.001	nM		
CHEMBL2008	CHEMBL32505	CHEMBL798152	EC50	=	74.0	nM	7.13	
CHEMBL2008	CHEMBL91718	CHEMBL798152	EC50	=	23.0	nM	7.64	
CHEMBL2008	CHEMBL38	CHEMBL798152	EC50	=	1.5	nM	8.82	
CHEMBL2008	CHEMBL275311	CHEMBL798152	EC50	=	4.0	nM	8.40	
CHEMBL2008	CHEMBL316336	CHEMBL798152	EC50	=	1080.0	nM	5.97	
CHEMBL2008	CHEMBL93985	CHEMBL798152	EC50	>	0.001	nM		
CHEMBL2008	CHEMBL347411	CHEMBL807723	Kd	>	0.001	nM		
CHEMBL2008	CHEMBL284167	CHEMBL772312	EC50	=	21.0	nM	7.68	
CHEMBL2008	CHEMBL2114394	CHEMBL772313	EC50			nM		Not Active
CHEMBL2008	CHEMBL284937	CHEMBL772312	EC50	=	961.0	nM	6.02	
CHEMBL2008	CHEMBL705	CHEMBL772312	EC50	=	3.3	nM	8.48	
CHEMBL2008	CHEMBL705	CHEMBL807723	Kd	=	97.0	nM	7.01	
CHEMBL2008	CHEMBL36464	CHEMBL772312	EC50	=	21.0	nM	7.68	
CHEMBL2008	CHEMBL285179	CHEMBL772312	EC50	=	0.5	nM	9.30	
CHEMBL2008	CHEMBL12585	CHEMBL772312	EC50	=	0.4	nM	9.40	
CHEMBL2008	CHEMBL38	CHEMBL772312	EC50	=	1.5	nM	8.82	
CHEMBL2008	CHEMBL275311	CHEMBL772312	EC50	=	4.0	nM	8.40	
CHEMBL2008	CHEMBL38	CHEMBL807723	Kd	=	13.0	nM	7.89	
CHEMBL2008	CHEMBL157333	CHEMBL807723	Kd	>	0.001	nM		
CHEMBL2008	CHEMBL441231	CHEMBL772312	EC50	=	0.4	nM	9.40	
CHEMBL2008	CHEMBL32505	CHEMBL772312	EC50	=	74.0	nM	7.13	
CHEMBL2008	CHEMBL348310	CHEMBL799129	Relative IC50	>	1000.0	nM		
CHEMBL2008	CHEMBL348310	CHEMBL659146	Relative EC30	>	10000.0	nM		
CHEMBL2008	CHEMBL432261	CHEMBL795951	AC50	>	1000.0	nM		
CHEMBL2008	CHEMBL432261	CHEMBL800445	Activation	=	1.0	%		
CHEMBL2008	CHEMBL159167	CHEMBL799130	Relative IC50	=	660.0	nM		
CHEMBL2008	CHEMBL159167	CHEMBL659145	Relative EC30	=	1.8	nM		
CHEMBL2008	CHEMBL24966	CHEMBL795951	AC50	>	1000.0	nM		
CHEMBL2008	CHEMBL24966	CHEMBL800445	Activation	=	21.0	%		
CHEMBL2008	CHEMBL347437	CHEMBL799129	Relative IC50	>	1000.0	nM		
CHEMBL2008	CHEMBL347437	CHEMBL659145	Relative EC30	=	15.0	nM		
CHEMBL2008	CHEMBL159168	CHEMBL799127	Relative IC50	=	110.0	nM		
CHEMBL2008	CHEMBL159168	CHEMBL659145	Relative EC30	=	0.63	nM		
CHEMBL2008	CHEMBL280140	CHEMBL795951	AC50	=	17.0	nM	7.77	
CHEMBL2008	CHEMBL280140	CHEMBL800445	Activation	=	85.0	%		
CHEMBL2008	CHEMBL25244	CHEMBL795951	AC50	>	1000.0	nM		
CHEMBL2008	CHEMBL25244	CHEMBL800445	Activation	=	-6.0	%		
CHEMBL2008	CHEMBL26295	CHEMBL795951	AC50	>	1000.0	nM		
CHEMBL2008	CHEMBL26295	CHEMBL800445	Activation	=	-6.0	%		
CHEMBL2008	CHEMBL38	CHEMBL799128	Relative IC50	=	1.0	nM		
CHEMBL2008	CHEMBL38	CHEMBL659145	Relative EC30	=	1.0	nM		
CHEMBL2008	CHEMBL38	CHEMBL807719	IC50	=	0.9	nM	9.05	
CHEMBL2008	CHEMBL38	CHEMBL654647	EC30	=	0.93	nM		
CHEMBL2008	CHEMBL277626	CHEMBL795951	AC50	>	1000.0	nM		
CHEMBL2008	CHEMBL277626	CHEMBL800445	Activation	=	-19.0	%		
CHEMBL2008	CHEMBL705	CHEMBL795951	AC50	=	2.0	nM	8.70	
CHEMBL2008	CHEMBL705	CHEMBL800445	Activation	=	112.0	%		
CHEMBL2008	CHEMBL146636	CHEMBL798917	Ki	=	158.0	nM	6.80	
CHEMBL2008	CHEMBL109847	CHEMBL798915	Ki	=	3115.0	nM	5.51	
CHEMBL2008	CHEMBL109847	CHEMBL798153	EC50	=	31.0	nM	7.51	
CHEMBL2008	CHEMBL25361	CHEMBL798917	Ki	=	13.0	nM	7.89	
CHEMBL2008	CHEMBL146646	CHEMBL798917	Ki	=	70.0	nM	7.16	
CHEMBL2008	CHEMBL36768	CHEMBL798917	Ki	=	3.0	nM	8.52	
CHEMBL2008	CHEMBL1180	CHEMBL798917	Ki	=	2480.0	nM	5.61	
CHEMBL2008	CHEMBL342051	CHEMBL798917	Ki	=	210.0	nM	6.68	
CHEMBL2008	CHEMBL148231	CHEMBL798917	Ki	=	660.0	nM	6.18	
CHEMBL2008	CHEMBL74826	CHEMBL798917	Ki	=	12.0	nM	7.92	
CHEMBL2008	CHEMBL348449	CHEMBL798917	Ki	=	105.0	nM	6.98	
CHEMBL2008	CHEMBL345022	CHEMBL798917	Ki	=	90.0	nM	7.05	
CHEMBL2008	CHEMBL111589	CHEMBL798915	Ki	=	400.0	nM	6.40	
CHEMBL2008	CHEMBL111589	CHEMBL798153	EC50	=	8.0	nM	8.10	
CHEMBL2008	CHEMBL357917	CHEMBL798917	Ki	=	21.0	nM	7.68	
CHEMBL2008	CHEMBL422490	CHEMBL798917	Ki	=	156.0	nM	6.81	
CHEMBL2008	CHEMBL357603	CHEMBL798917	Ki	=	288.0	nM	6.54	
CHEMBL2008	CHEMBL38	CHEMBL798917	Ki	=	7.0	nM	8.15	
CHEMBL2008	CHEMBL146092	CHEMBL798917	Ki	=	36.0	nM	7.44	
CHEMBL2008	CHEMBL345298	CHEMBL798917	Ki	=	26.0	nM	7.58	
CHEMBL2008	CHEMBL275311	CHEMBL798917	Ki	=	5.0	nM	8.30	
CHEMBL2008	CHEMBL74218	CHEMBL798917	Ki	=	3550.0	nM	5.45	
CHEMBL2008	CHEMBL421773	CHEMBL798917	Ki	=	1245.0	nM	5.91	
CHEMBL2008	CHEMBL149366	CHEMBL798917	Ki	>	10000.0	nM		
CHEMBL2008	CHEMBL356326	CHEMBL798917	Ki	=	17.0	nM	7.77	
CHEMBL2008	CHEMBL147545	CHEMBL798917	Ki	=	89.0	nM	7.05	
CHEMBL2008	CHEMBL109581	CHEMBL798915	Ki	=	2587.0	nM	5.59	
CHEMBL2008	CHEMBL109581	CHEMBL798153	EC50	=	10.0	nM	8.00	
CHEMBL2008	CHEMBL145911	CHEMBL798917	Ki	>	10000.0	nM		
CHEMBL2008	CHEMBL146449	CHEMBL798917	Ki	=	105.0	nM	6.98	
CHEMBL2008	CHEMBL1265	CHEMBL798917	Ki	=	34.0	nM	7.47	
CHEMBL2008	CHEMBL337855	CHEMBL798909	IC50	=	290.0	nM	6.54	
CHEMBL2008	CHEMBL337855	CHEMBL798149	EC30	=	0.85	nM		
CHEMBL2008	CHEMBL336365	CHEMBL798148	EC30	=	40.0	nM		
CHEMBL2008	CHEMBL336365	CHEMBL798922	Ki					No data
CHEMBL2008	CHEMBL705	CHEMBL799697	EC50	=	3.3	nM	8.48	
CHEMBL2008	CHEMBL134375	CHEMBL798908	IC50	=	100.0	nM	7.00	
CHEMBL2008	CHEMBL134375	CHEMBL698012	EC30	=	3.9	nM		
CHEMBL2008	CHEMBL357015	CHEMBL800041	EC50	>	1000.0	nM		
CHEMBL2008	CHEMBL357015	CHEMBL799665	Kd	>	30000.0	nM		
CHEMBL2008	CHEMBL132033	CHEMBL798909	IC50	=	39.0	nM	7.41	
CHEMBL2008	CHEMBL132033	CHEMBL798149	EC30	=	0.38	nM		
CHEMBL2008	CHEMBL92096	CHEMBL800041	EC50	>	1000.0	nM		
CHEMBL2008	CHEMBL92096	CHEMBL799665	Kd	>	30000.0	nM		
CHEMBL2008	CHEMBL308967	CHEMBL802568	EC50	=	280.0	nM	6.55	
CHEMBL2008	CHEMBL308967	CHEMBL807722	Kd	>	1000.0	nM		
CHEMBL2008	CHEMBL75741	CHEMBL802568	EC50	=	36.0	nM	7.44	
CHEMBL2008	CHEMBL75741	CHEMBL807722	Kd	=	211.0	nM	6.68	
CHEMBL2008	CHEMBL344122	CHEMBL800041	EC50	>	1000.0	nM		
CHEMBL2008	CHEMBL344122	CHEMBL799665	Kd	>	3000.0	nM		
CHEMBL2008	CHEMBL306999	CHEMBL802568	EC50	=	1000.0	nM	6.00	
CHEMBL2008	CHEMBL306999	CHEMBL807722	Kd	>	1000.0	nM		
CHEMBL2008	CHEMBL430616	CHEMBL802568	EC50	=	4.0	nM	8.40	
CHEMBL2008	CHEMBL430616	CHEMBL807722	Kd	=	18.0	nM	7.75	
CHEMBL2008	CHEMBL80934	CHEMBL802569	EC50			nM		Not Active
CHEMBL2008	CHEMBL80934	CHEMBL807722	Kd	>	1000.0	nM		
CHEMBL2008	CHEMBL80820	CHEMBL802568	EC50	=	170.0	nM	6.77	
CHEMBL2008	CHEMBL80820	CHEMBL807722	Kd	=	714.0	nM	6.15	
CHEMBL2008	CHEMBL38	CHEMBL799132	EC50	=	80.0	nM	7.10	
CHEMBL2008	CHEMBL38	CHEMBL799134	Kd	=	13.0	nM	7.89	
CHEMBL2008	CHEMBL133725	CHEMBL798909	IC50	=	230.0	nM	6.64	
CHEMBL2008	CHEMBL133725	CHEMBL698009	EC30	=	2.5	nM		
CHEMBL2008	CHEMBL76313	CHEMBL802568	EC50	=	4.0	nM	8.40	
CHEMBL2008	CHEMBL76313	CHEMBL807722	Kd	=	17.0	nM	7.77	
CHEMBL2008	CHEMBL69367	CHEMBL698012	EC30	=	12.0	nM		
CHEMBL2008	CHEMBL147845	CHEMBL800041	EC50	>	1000.0	nM		
CHEMBL2008	CHEMBL147845	CHEMBL799665	Kd	>	30000.0	nM		
CHEMBL2008	CHEMBL144058	CHEMBL800041	EC50	>	1000.0	nM		
CHEMBL2008	CHEMBL144058	CHEMBL799665	Kd	=	21000.0	nM	4.68	
CHEMBL2008	CHEMBL336147	CHEMBL798148	EC30	=	14.0	nM		
CHEMBL2008	CHEMBL336147	CHEMBL798922	Ki					No data
CHEMBL2008	CHEMBL311269	CHEMBL802568	EC50	=	10.0	nM	8.00	
CHEMBL2008	CHEMBL311269	CHEMBL807722	Kd	=	60.0	nM	7.22	
CHEMBL2008	CHEMBL80271	CHEMBL802568	EC50	=	3.0	nM	8.52	
CHEMBL2008	CHEMBL80271	CHEMBL807722	Kd	=	18.0	nM	7.75	
CHEMBL2008	CHEMBL25202	CHEMBL698012	EC30	=	48.0	nM		
CHEMBL2008	CHEMBL131925	CHEMBL798909	IC50	=	2.5	nM	8.60	
CHEMBL2008	CHEMBL131925	CHEMBL798149	EC30	=	0.18	nM		
CHEMBL2008	CHEMBL38	CHEMBL800041	EC50	=	1.5	nM	8.82	
CHEMBL2008	CHEMBL38	CHEMBL799665	Kd	=	7.0	nM	8.15	
CHEMBL2008	CHEMBL336311	CHEMBL798909	IC50	=	21.0	nM	7.68	
CHEMBL2008	CHEMBL336311	CHEMBL798149	EC30	=	0.39	nM		
CHEMBL2008	CHEMBL131810	CHEMBL798909	IC50	=	36.0	nM	7.44	
CHEMBL2008	CHEMBL131810	CHEMBL798149	EC30	=	0.73	nM		
CHEMBL2008	CHEMBL131850	CHEMBL798909	IC50	=	4.5	nM	8.35	
CHEMBL2008	CHEMBL131850	CHEMBL798149	EC30	=	0.5	nM		
CHEMBL2008	CHEMBL337003	CHEMBL798921	Ki					No data
CHEMBL2008	CHEMBL337003	CHEMBL798149	EC30	=	4.5	nM		
CHEMBL2008	CHEMBL432592	CHEMBL798909	IC50	=	140.0	nM	6.85	
CHEMBL2008	CHEMBL432592	CHEMBL798149	EC30	=	0.4	nM		
CHEMBL2008	CHEMBL275311	CHEMBL802568	EC50	=	3.0	nM	8.52	
CHEMBL2008	CHEMBL275311	CHEMBL807722	Kd	=	5.0	nM	8.30	
CHEMBL2008	CHEMBL340074	CHEMBL795962	Ki	>	10000.0	nM		
CHEMBL2008	CHEMBL42314	CHEMBL795962	Ki	=	4687.0	nM	5.33	
CHEMBL2008	CHEMBL358145	CHEMBL799663	Kd	=	2.0	nM	8.70	
CHEMBL2008	CHEMBL340555	CHEMBL795962	Ki	=	4064.0	nM	5.39	
CHEMBL2008	CHEMBL129976	CHEMBL795962	Ki	>	10000.0	nM		
CHEMBL2008	CHEMBL339298	CHEMBL795962	Ki	=	8064.0	nM	5.09	
CHEMBL2008	CHEMBL335751	CHEMBL795962	Ki	>	10000.0	nM		
CHEMBL2008	CHEMBL132488	CHEMBL795962	Ki	>	10000.0	nM		
CHEMBL2008	CHEMBL442016	CHEMBL659141	Transcriptional activation	=	85.0	%		
CHEMBL2008	CHEMBL288436	CHEMBL795962	Ki	>	1000.0	nM		
CHEMBL2008	CHEMBL130577	CHEMBL795962	Ki	=	2056.0	nM	5.69	
CHEMBL2008	CHEMBL129887	CHEMBL795962	Ki	=	8000.0	nM	5.10	
CHEMBL2008	CHEMBL133176	CHEMBL795962	Ki	=	5623.0	nM	5.25	
CHEMBL2008	CHEMBL38	CHEMBL796047	EC50	=	1.0	nM	9.00	
CHEMBL2008	CHEMBL38	CHEMBL799663	Kd	=	12.0	nM	7.92	
CHEMBL2008	CHEMBL1180	CHEMBL659141	Transcriptional activation	=	78.0	%		
CHEMBL2008	CHEMBL445634	CHEMBL795962	Ki	>	10000.0	nM		
CHEMBL2008	CHEMBL131561	CHEMBL795962	Ki	>	10000.0	nM		
CHEMBL2008	CHEMBL130230	CHEMBL795962	Ki	>	10000.0	nM		
CHEMBL2008	CHEMBL335762	CHEMBL795962	Ki	>	10000.0	nM		
CHEMBL2008	CHEMBL336086	CHEMBL795962	Ki	=	8269.0	nM	5.08	
CHEMBL2008	CHEMBL337719	CHEMBL795962	Ki	=	4742.0	nM	5.32	
CHEMBL2008	CHEMBL334534	CHEMBL798920	Ki	=	320.0	nM	6.50	
CHEMBL2008	CHEMBL275311	CHEMBL799696	IC50	=	5.0	nM	8.30	
CHEMBL2008	CHEMBL275311	CHEMBL799695	EC50	=	3.0	nM	8.52	
CHEMBL2008	CHEMBL25202	CHEMBL798914	Ki	=	30.0	nM	7.52	
CHEMBL2008	CHEMBL32505	CHEMBL799696	IC50	=	1169.0	nM	5.93	
CHEMBL2008	CHEMBL32505	CHEMBL799695	EC50	=	230.0	nM	6.64	
CHEMBL2008	CHEMBL277168	CHEMBL800444	Relative IC50	=	579.0			
CHEMBL2008	CHEMBL277168	CHEMBL800286	Relative EC30	=	97.0			
CHEMBL2008	CHEMBL19727	CHEMBL800444	Relative IC50	=	79.0			
CHEMBL2008	CHEMBL19727	CHEMBL800286	Relative EC30	=	17.0			
CHEMBL2008	CHEMBL424636	CHEMBL799696	IC50	=	150.0	nM	6.82	
CHEMBL2008	CHEMBL424636	CHEMBL799695	EC50	>	10000.0	nM		
CHEMBL2008	CHEMBL19834	CHEMBL800444	Relative IC50	=	32.0			
CHEMBL2008	CHEMBL19834	CHEMBL800286	Relative EC30	=	22.0			
CHEMBL2008	CHEMBL38	CHEMBL799696	IC50	=	13.0	nM	7.89	
CHEMBL2008	CHEMBL38	CHEMBL799695	EC50	=	80.0	nM	7.10	
CHEMBL2008	CHEMBL284937	CHEMBL799696	IC50	=	75.0	nM	7.12	
CHEMBL2008	CHEMBL284937	CHEMBL799695	EC50	=	310.0	nM	6.51	
CHEMBL2008	CHEMBL19894	CHEMBL800444	Relative IC50	=	71.0			
CHEMBL2008	CHEMBL19894	CHEMBL800286	Relative EC30	=	16.0			
CHEMBL2008	CHEMBL37708	CHEMBL873430	Ki	=	220.0	nM	6.66	
CHEMBL2008	CHEMBL298373	CHEMBL873430	Ki	=	500.0	nM	6.30	
CHEMBL2008	CHEMBL334330	CHEMBL798920	Ki	=	680.0	nM	6.17	
CHEMBL2008	CHEMBL38	CHEMBL798914	Ki	=	4.1	nM	8.39	
CHEMBL2008	CHEMBL705	CHEMBL799696	IC50	=	7.0	nM	8.15	
CHEMBL2008	CHEMBL705	CHEMBL799695	EC50	=	50.0	nM	7.30	
CHEMBL2008	CHEMBL1023	CHEMBL798919	Ki	=	50.0	nM	7.30	
CHEMBL2008	CHEMBL19530	CHEMBL800444	Relative IC50	=	475.0			
CHEMBL2008	CHEMBL19530	CHEMBL800286	Relative EC30	=	38.0			
CHEMBL2008	CHEMBL134834	CHEMBL798920	Ki	=	810.0	nM	6.09	
CHEMBL2008	CHEMBL20066	CHEMBL800444	Relative IC50	=	535.0			
CHEMBL2008	CHEMBL20066	CHEMBL800287	Relative EC30	>	3000.0			
CHEMBL2008	CHEMBL20066	CHEMBL807718	IC50	>	3000.0	nM		
CHEMBL2008	CHEMBL337859	CHEMBL798920	Ki	=	320.0	nM	6.50	
CHEMBL2008	CHEMBL120759	CHEMBL798903	EC50	=	320.0	nM	6.50	
CHEMBL2008	CHEMBL32505	CHEMBL798150	EC50	=	230.0	nM	6.64	
CHEMBL2008	CHEMBL439780	CHEMBL807721	Kd	=	17374.0	nM	4.76	
CHEMBL2008	CHEMBL125587	CHEMBL798903	EC50	=	110.0	nM	6.96	
CHEMBL2008	CHEMBL34464	CHEMBL798903	EC50	=	140.0	nM	6.85	
CHEMBL2008	CHEMBL93538	CHEMBL798150	EC50	=	29.0	nM	7.54	
CHEMBL2008	CHEMBL317873	CHEMBL807721	Kd	=	3037.0	nM	5.52	
CHEMBL2008	CHEMBL37672	CHEMBL798903	EC50	=	430.0	nM	6.37	
CHEMBL2008	CHEMBL34292	CHEMBL798903	EC50	=	43.0	nM	7.37	
CHEMBL2008	CHEMBL118754	CHEMBL798903	EC50	=	18.0	nM	7.75	
CHEMBL2008	CHEMBL328481	CHEMBL798150	EC50	=	220.0	nM	6.66	
CHEMBL2008	CHEMBL81176	CHEMBL798912	Kd	=	1020.0			
CHEMBL2008	CHEMBL38	CHEMBL798150	EC50	=	80.0	nM	7.10	
CHEMBL2008	CHEMBL91718	CHEMBL798150	EC50	=	56.0	nM	7.25	
CHEMBL2008	CHEMBL21518	CHEMBL798903	EC50	=	190.0	nM	6.72	
CHEMBL2008	CHEMBL312198	CHEMBL798912	Kd	=	898.0			
CHEMBL2008	CHEMBL93628	CHEMBL798150	EC50	=	1990.0	nM	5.70	
CHEMBL2008	CHEMBL275311	CHEMBL798150	EC50	=	3.0	nM	8.52	
CHEMBL2008	CHEMBL82943	CHEMBL798912	Kd	=	622.0			
CHEMBL2008	CHEMBL310790	CHEMBL798912	Kd	=	2256.0			
CHEMBL2008	CHEMBL81978	CHEMBL798912	Kd	=	320.0			
CHEMBL2008	CHEMBL705	CHEMBL798150	EC50	=	50.0	nM	7.30	
CHEMBL2008	CHEMBL93577	CHEMBL798150	EC50	=	46.0	nM	7.34	
CHEMBL2008	CHEMBL433178	CHEMBL798151	EC50			nM		Not Active
CHEMBL2008	CHEMBL329802	CHEMBL798151	EC50			nM		Not Active
CHEMBL2008	CHEMBL69367	CHEMBL807721	Kd	=	1361.0	nM	5.87	
CHEMBL2008	CHEMBL38	CHEMBL798912	Kd	=	13.0			
CHEMBL2008	CHEMBL38	CHEMBL807721	Kd	=	13.0	nM	7.89	
CHEMBL2008	CHEMBL86663	CHEMBL807721	Kd	=	5.0	nM	8.30	
CHEMBL2008	CHEMBL35136	CHEMBL798903	EC50	=	72.0	nM	7.14	
CHEMBL2008	CHEMBL330998	CHEMBL798903	EC50	=	1200.0	nM	5.92	
CHEMBL2008	CHEMBL340495	CHEMBL798903	EC50	=	770.0	nM	6.11	
CHEMBL2008	CHEMBL705	CHEMBL800285	Ki	=	10.9	nM	7.96	
CHEMBL2008	CHEMBL705	CHEMBL796050	EC50	=	52.0	nM	7.28	
CHEMBL2008	CHEMBL705	CHEMBL807714	Efficacy	=	81.0	%		
CHEMBL2008	CHEMBL89241	CHEMBL800285	Ki	=	90.0	nM	7.05	
CHEMBL2008	CHEMBL89241	CHEMBL796050	EC50	=	24.0	nM	7.62	
CHEMBL2008	CHEMBL89241	CHEMBL807714	Efficacy	=	45.0	%		
CHEMBL2008	CHEMBL38	CHEMBL800285	Ki	=	17.4	nM	7.76	
CHEMBL2008	CHEMBL38	CHEMBL796050	EC50	=	105.0	nM	6.98	
CHEMBL2008	CHEMBL38	CHEMBL807714	Efficacy	=	100.0	%		
CHEMBL2008	CHEMBL89241	CHEMBL800285	Ki	=	0.7	nM	9.15	
CHEMBL2008	CHEMBL89241	CHEMBL796050	EC50	=	2.2	nM	8.66	
CHEMBL2008	CHEMBL89241	CHEMBL807714	Efficacy	=	40.0	%		
CHEMBL2008	CHEMBL344973	CHEMBL802395	EC50	=	115.0	nM	6.94	
CHEMBL2008	CHEMBL344973	CHEMBL802571	Eff	=	61.0	%		
CHEMBL2008	CHEMBL344973	CHEMBL799666	Kd	=	996.0	nM	6.00	
CHEMBL2008	CHEMBL38	CHEMBL798911	Kd	=	0.4	nM	9.40	
CHEMBL2008	CHEMBL38	CHEMBL802395	EC50	=	87.0	nM	7.06	
CHEMBL2008	CHEMBL38	CHEMBL799667	Kd	=	13.0	nM	7.89	
CHEMBL2008	CHEMBL148327	CHEMBL802395	EC50	=	26.0	nM	7.58	
CHEMBL2008	CHEMBL148327	CHEMBL802571	Eff	=	47.0	%		
CHEMBL2008	CHEMBL148327	CHEMBL799666	Kd	=	189.0	nM	6.72	
CHEMBL2008	CHEMBL82716	CHEMBL798911	Kd	=	1.1	nM	8.96	
CHEMBL2008	CHEMBL78587	CHEMBL798911	Kd	=	1.7	nM	8.77	
CHEMBL2008	CHEMBL147937	CHEMBL802395	EC50	=	25.0	nM	7.60	
CHEMBL2008	CHEMBL147937	CHEMBL802571	Eff	=	32.0	%		
CHEMBL2008	CHEMBL147937	CHEMBL799666	Kd	=	20.0	nM	7.70	
CHEMBL2008	CHEMBL80992	CHEMBL798911	Kd	=	4095.0	nM	5.39	
CHEMBL2008	CHEMBL82089	CHEMBL798911	Kd	=	679.0	nM	6.17	
CHEMBL2008	CHEMBL77961	CHEMBL798911	Kd	=	50.0	nM	7.30	
CHEMBL2008	CHEMBL78835	CHEMBL798911	Kd	=	250.0	nM	6.60	
CHEMBL2008	CHEMBL309282	CHEMBL798911	Kd	=	1.2	nM	8.92	
CHEMBL2008	CHEMBL309469	CHEMBL798911	Kd	=	1275.0	nM	5.89	
CHEMBL2008	CHEMBL81273	CHEMBL798911	Kd	=	531.0	nM	6.28	
CHEMBL2008	CHEMBL82609	CHEMBL798911	Kd	=	43.0	nM	7.37	
CHEMBL2008	CHEMBL75133	CHEMBL772311	Kd	>	30.0	nM		
CHEMBL2008	CHEMBL374910	CHEMBL795945	Relative luciferase response	~	5.0			
CHEMBL2008	CHEMBL374910	CHEMBL795944	Relative luciferase response	~	8.0			
CHEMBL2008	CHEMBL374910	CHEMBL804174	Relative luciferase response	~	20.0			
CHEMBL2008	CHEMBL374910	CHEMBL804173	Relative luciferase response	~	28.0			
CHEMBL2008	CHEMBL69091	CHEMBL772311	Kd	=	20500.0	nM	4.69	
CHEMBL2008	CHEMBL25202	CHEMBL795945	Relative luciferase response	~	3.0			
CHEMBL2008	CHEMBL25202	CHEMBL795944	Relative luciferase response	~	7.0			
CHEMBL2008	CHEMBL25202	CHEMBL804174	Relative luciferase response	~	27.0			
CHEMBL2008	CHEMBL25202	CHEMBL804173	Relative luciferase response	~	27.0			
CHEMBL2008	CHEMBL705	CHEMBL772311	Kd	=	100.0	nM	7.00	
CHEMBL2008	CHEMBL705	CHEMBL772310	EC50	=	3.0	nM	8.52	
CHEMBL2008	CHEMBL219801	CHEMBL804172	Relative luciferase response	~	2.5			
CHEMBL2008	CHEMBL219801	CHEMBL795945	Relative luciferase response	~	5.0			
CHEMBL2008	CHEMBL219801	CHEMBL795944	Relative luciferase response	~	17.0			
CHEMBL2008	CHEMBL219801	CHEMBL804174	Relative luciferase response	~	30.0			
CHEMBL2008	CHEMBL219801	CHEMBL804173	Relative luciferase response	~	33.0			
CHEMBL2008	CHEMBL308377	CHEMBL772311	Kd	=	6200.0	nM	5.21	
CHEMBL2008	CHEMBL308377	CHEMBL772310	EC50	>	500.0	nM		
CHEMBL2008	CHEMBL38	CHEMBL807720	Kd	=	13.0	nM	7.89	
CHEMBL2008	CHEMBL155474	CHEMBL807720	Kd	=	10.0	nM	8.00	
CHEMBL2008	CHEMBL69091	CHEMBL799664	Kd	>	1000.0	nM		
CHEMBL2008	CHEMBL69091	CHEMBL796051	EC50	=	340.0	nM	6.47	
CHEMBL2008	CHEMBL153974	CHEMBL807720	Kd	=	51.0	nM	7.29	
CHEMBL2008	CHEMBL152740	CHEMBL807720	Kd	=	72.0	nM	7.14	
CHEMBL2008	CHEMBL346202	CHEMBL807720	Kd	=	16.0	nM	7.80	
CHEMBL2008	CHEMBL308883	CHEMBL799664	Kd	>	1000.0	nM		
CHEMBL2008	CHEMBL308883	CHEMBL796051	EC50	>	1000.0	nM		
CHEMBL2008	CHEMBL156997	CHEMBL807720	Kd	=	29.0	nM	7.54	
CHEMBL2008	CHEMBL423954	CHEMBL807720	Kd	=	21.0	nM	7.68	
CHEMBL2008	CHEMBL155421	CHEMBL807720	Kd	=	11.0	nM	7.96	
CHEMBL2008	CHEMBL69091	CHEMBL799664	Kd	=	20472.0	nM	4.69	
CHEMBL2008	CHEMBL69091	CHEMBL796051	EC50	>	1000.0	nM		
CHEMBL2008	CHEMBL156903	CHEMBL807720	Kd	=	33.0	nM	7.48	
CHEMBL2008	CHEMBL156940	CHEMBL807720	Kd	=	29.0	nM	7.54	
CHEMBL2008	CHEMBL38	CHEMBL799664	Kd	=	13.0	nM	7.89	
CHEMBL2008	CHEMBL38	CHEMBL796051	EC50	=	1.0	nM	9.00	
CHEMBL2008	CHEMBL2111535	CHEMBL799664	Kd	>	1000.0	nM		
CHEMBL2008	CHEMBL2111535	CHEMBL796051	EC50	>	1000.0	nM		
CHEMBL2008	CHEMBL157272	CHEMBL807720	Kd	=	52.0	nM	7.28	
CHEMBL2008	CHEMBL358145	CHEMBL807720	Kd	=	7.0	nM	8.15	
CHEMBL2008	CHEMBL157160	CHEMBL807720	Kd	=	18.0	nM	7.75	
CHEMBL2008	CHEMBL705	CHEMBL799664	Kd	=	7.0	nM	8.15	
CHEMBL2008	CHEMBL705	CHEMBL796051	EC50	=	50.0	nM	7.30	
CHEMBL2008	CHEMBL155325	CHEMBL807720	Kd	=	274.0	nM	6.56	
CHEMBL2008	CHEMBL346429	CHEMBL807720	Kd	=	162.0	nM	6.79	
CHEMBL2008	CHEMBL2111534	CHEMBL799664	Kd	>	1000.0	nM		
CHEMBL2008	CHEMBL2111534	CHEMBL796051	EC50	>	1000.0	nM		
CHEMBL2008	CHEMBL346703	CHEMBL807720	Kd	=	14.0	nM	7.85	
CHEMBL2008	CHEMBL705	CHEMBL795953	EC50	=	50.0	nM	7.30	
CHEMBL2008	CHEMBL119781	CHEMBL795955	EC50	=	570.0	nM	6.24	
CHEMBL2008	CHEMBL69367	CHEMBL652855	Kd	=	1400.0	nM	5.85	
CHEMBL2008	CHEMBL69367	CHEMBL652856	EC50	=	9.0	nM	8.05	
CHEMBL2008	CHEMBL69367	CHEMBL651294	Efficacy	=	105.0	%		
CHEMBL2008	CHEMBL118693	CHEMBL795954	EC50			nM		Not Active
CHEMBL2008	CHEMBL118307	CHEMBL795954	EC50			nM		Not Active
CHEMBL2008	CHEMBL118268	CHEMBL795954	EC50			nM		Not Active
CHEMBL2008	CHEMBL439780	CHEMBL652855	Kd	=	6400.0	nM	5.19	
CHEMBL2008	CHEMBL439780	CHEMBL651295	Efficacy					Not Active
CHEMBL2008	CHEMBL38	CHEMBL652855	Kd	=	11.0	nM	7.96	
CHEMBL2008	CHEMBL38	CHEMBL652856	EC50	=	38.0	nM	7.42	
CHEMBL2008	CHEMBL38	CHEMBL651294	Efficacy	=	100.0	%		
CHEMBL2008	CHEMBL107430	CHEMBL652855	Kd	>	1000000.0	nM		
CHEMBL2008	CHEMBL107430	CHEMBL651295	Efficacy					Not Active
CHEMBL2008	CHEMBL38	CHEMBL795953	EC50	=	80.0	nM	7.10	
CHEMBL2008	CHEMBL107054	CHEMBL652855	Kd	>	100000.0	nM		
CHEMBL2008	CHEMBL107054	CHEMBL652856	EC50	>	1000.0	nM		
CHEMBL2008	CHEMBL107054	CHEMBL651294	Efficacy	=	10.0	%		
CHEMBL2008	CHEMBL106527	CHEMBL652855	Kd	=	1470.0	nM	5.83	
CHEMBL2008	CHEMBL106527	CHEMBL652856	EC50	>	1000.0	nM		
CHEMBL2008	CHEMBL106527	CHEMBL651294	Efficacy	=	25.0	%		
CHEMBL2008	CHEMBL326911	CHEMBL652855	Kd	=	380.0	nM	6.42	
CHEMBL2008	CHEMBL326911	CHEMBL652856	EC50	=	45.0	nM	7.35	
CHEMBL2008	CHEMBL326911	CHEMBL651294	Efficacy	=	78.0	%		
CHEMBL2008	CHEMBL116886	CHEMBL795954	EC50			nM		Not Active
CHEMBL2008	CHEMBL324960	CHEMBL795954	EC50			nM		Not Active
CHEMBL2008	CHEMBL88216	CHEMBL798900	EC50			nM		Not Active
CHEMBL2008	CHEMBL88216	CHEMBL798913	Kd	>	1000.0	nM		
CHEMBL2008	CHEMBL96184	CHEMBL799693	EC50	=	304.0	nM	6.52	
CHEMBL2008	CHEMBL96184	CHEMBL799694	Kd	=	909.0	nM	6.04	
CHEMBL2008	CHEMBL89058	CHEMBL798900	EC50			nM		Not Active
CHEMBL2008	CHEMBL89058	CHEMBL798910	Kd	>	1000.0	nM		
CHEMBL2008	CHEMBL89581	CHEMBL798154	EC50	=	139.0	nM	6.86	
CHEMBL2008	CHEMBL89581	CHEMBL798913	Kd	>	1000.0	nM		
CHEMBL2008	CHEMBL101302	CHEMBL799693	EC50	>	10000.0	nM		
CHEMBL2008	CHEMBL101302	CHEMBL799694	Kd	>	1000.0	nM		
CHEMBL2008	CHEMBL1023	CHEMBL799693	EC50	>	10000.0	nM		
CHEMBL2008	CHEMBL1023	CHEMBL799694	Kd	>	1000.0	nM		
CHEMBL2008	CHEMBL92284	CHEMBL796049	EC50			nM		Not Active
CHEMBL2008	CHEMBL92284	CHEMBL807713	Efficacy	=	5.0	%		
CHEMBL2008	CHEMBL92284	CHEMBL800284	Ki	>	1000.0	nM		
CHEMBL2008	CHEMBL102039	CHEMBL799693	EC50	>	10000.0	nM		
CHEMBL2008	CHEMBL102039	CHEMBL799694	Kd	>	1000.0	nM		
CHEMBL2008	CHEMBL101666	CHEMBL799693	EC50	>	10000.0	nM		
CHEMBL2008	CHEMBL101666	CHEMBL799694	Kd	>	1000.0	nM		
CHEMBL2008	CHEMBL96184	CHEMBL796048	EC50	=	304.0	nM	6.52	
CHEMBL2008	CHEMBL96184	CHEMBL807713	Efficacy	=	87.0	%		
CHEMBL2008	CHEMBL96184	CHEMBL800284	Ki	=	909.0	nM	6.04	
CHEMBL2008	CHEMBL419166	CHEMBL799693	EC50	=	395.0	nM	6.40	
CHEMBL2008	CHEMBL419166	CHEMBL799694	Kd	>	1000.0	nM		
CHEMBL2008	CHEMBL97910	CHEMBL799693	EC50	>	10000.0	nM		
CHEMBL2008	CHEMBL97910	CHEMBL799694	Kd	>	1000.0	nM		
CHEMBL2008	CHEMBL98142	CHEMBL799693	EC50	>	10000.0	nM		
CHEMBL2008	CHEMBL98142	CHEMBL799694	Kd	>	1000.0	nM		
CHEMBL2008	CHEMBL99325	CHEMBL799693	EC50	>	10000.0	nM		
CHEMBL2008	CHEMBL99325	CHEMBL799694	Kd	>	1000.0	nM		
CHEMBL2008	CHEMBL318916	CHEMBL799693	EC50	>	10000.0	nM		
CHEMBL2008	CHEMBL318916	CHEMBL799694	Kd	>	1000.0	nM		
CHEMBL2008	CHEMBL92394	CHEMBL796048	EC50	=	809.0	nM	6.09	
CHEMBL2008	CHEMBL92394	CHEMBL807713	Efficacy	=	0.0	%		
CHEMBL2008	CHEMBL92394	CHEMBL800284	Ki	>	1000.0	nM		
CHEMBL2008	CHEMBL93518	CHEMBL796048	EC50	=	287.0	nM	6.54	
CHEMBL2008	CHEMBL93518	CHEMBL807713	Efficacy	=	21.0	%		
CHEMBL2008	CHEMBL93518	CHEMBL800284	Ki	>	1000.0	nM		
CHEMBL2008	CHEMBL101712	CHEMBL799693	EC50	>	10000.0	nM		
CHEMBL2008	CHEMBL101712	CHEMBL799694	Kd	>	1000.0	nM		
CHEMBL2008	CHEMBL139536	CHEMBL798904	EC50	=	1004.0	nM	6.00	
CHEMBL2008	CHEMBL38	CHEMBL798154	EC50	=	78.0	nM	7.11	
CHEMBL2008	CHEMBL38	CHEMBL798913	Kd	=	17.0	nM	7.77	
CHEMBL2008	CHEMBL328419	CHEMBL799693	EC50	=	2238.0	nM	5.65	
CHEMBL2008	CHEMBL328419	CHEMBL799694	Kd	>	1000.0	nM		
CHEMBL2008	CHEMBL100986	CHEMBL799693	EC50	>	10000.0	nM		
CHEMBL2008	CHEMBL100986	CHEMBL799694	Kd	>	1000.0	nM		
CHEMBL2008	CHEMBL101609	CHEMBL799693	EC50	=	436.0	nM	6.36	
CHEMBL2008	CHEMBL101609	CHEMBL799694	Kd	>	1000.0	nM		
CHEMBL2008	CHEMBL1023	CHEMBL796049	EC50			nM		Not Active
CHEMBL2008	CHEMBL1023	CHEMBL807713	Efficacy	=	12.0	%		
CHEMBL2008	CHEMBL1023	CHEMBL800284	Ki	>	1000.0	nM		
CHEMBL2008	CHEMBL100623	CHEMBL799693	EC50	>	10000.0	nM		
CHEMBL2008	CHEMBL100623	CHEMBL799694	Kd	>	1000.0	nM		
CHEMBL2008	CHEMBL89331	CHEMBL798154	EC50	=	17.0	nM	7.77	
CHEMBL2008	CHEMBL89331	CHEMBL801228	Kd	=	463.0	nM	6.33	
CHEMBL2008	CHEMBL705	CHEMBL798154	EC50	=	29.0	nM	7.54	
CHEMBL2008	CHEMBL705	CHEMBL798913	Kd	=	97.0	nM	7.01	
CHEMBL2008	CHEMBL101212	CHEMBL799693	EC50	>	10000.0	nM		
CHEMBL2008	CHEMBL101212	CHEMBL799694	Kd	>	1000.0	nM		
CHEMBL2008	CHEMBL341704	CHEMBL798904	EC50	>	10000.0	nM		
CHEMBL2008	CHEMBL90674	CHEMBL798900	EC50			nM		Not Active
CHEMBL2008	CHEMBL90674	CHEMBL798913	Kd	>	1000.0	nM		
CHEMBL2008	CHEMBL330593	CHEMBL799693	EC50	=	337.0	nM	6.47	
CHEMBL2008	CHEMBL330593	CHEMBL799694	Kd	>	1000.0	nM		
CHEMBL2008	CHEMBL101308	CHEMBL799693	EC50	=	1388.0	nM	5.86	
CHEMBL2008	CHEMBL101308	CHEMBL799694	Kd	>	1000.0	nM		
CHEMBL2008	CHEMBL98172	CHEMBL799693	EC50	>	10000.0	nM		
CHEMBL2008	CHEMBL98172	CHEMBL799694	Kd	>	1000.0	nM		
CHEMBL2008	CHEMBL93848	CHEMBL796049	EC50			nM		Not Active
CHEMBL2008	CHEMBL93848	CHEMBL807713	Efficacy	=	3.0	%		
CHEMBL2008	CHEMBL93848	CHEMBL800284	Ki	>	1000.0	nM		
CHEMBL2008	CHEMBL101661	CHEMBL799693	EC50	>	10000.0	nM		
CHEMBL2008	CHEMBL101661	CHEMBL799694	Kd	>	1000.0	nM		
CHEMBL2008	CHEMBL419713	CHEMBL772403	EC50 ratio	=	100.0			
CHEMBL2008	CHEMBL419713	CHEMBL772405	Max	=	41.0	%		
CHEMBL2008	CHEMBL98564	CHEMBL772404	EC50 ratio					Not Active
CHEMBL2008	CHEMBL98564	CHEMBL772405	Max	=	0.0	%		
CHEMBL2008	CHEMBL330403	CHEMBL772404	EC50 ratio					Not Active
CHEMBL2008	CHEMBL330403	CHEMBL772405	Max	=	0.0	%		
CHEMBL2008	CHEMBL1023	CHEMBL800283	Ki	=	5353.0	nM	5.27	
CHEMBL2008	CHEMBL1023	CHEMBL802570	EC50	=	282.0	nM	6.55	
CHEMBL2008	CHEMBL309282	CHEMBL772403	EC50 ratio	=	3.0			
CHEMBL2008	CHEMBL309282	CHEMBL772405	Max	=	82.0	%		
CHEMBL2008	CHEMBL423465	CHEMBL800283	Ki	>	10000.0	nM		
CHEMBL2008	CHEMBL423465	CHEMBL807716	Efficacy	=	5.0	%		
CHEMBL2008	CHEMBL98172	CHEMBL800283	Ki	>	10000.0	nM		
CHEMBL2008	CHEMBL98172	CHEMBL802570	EC50	=	2068.0	nM	5.68	
CHEMBL2008	CHEMBL97689	CHEMBL772404	EC50 ratio					Not Active
CHEMBL2008	CHEMBL97689	CHEMBL772405	Max	=	0.0	%		
CHEMBL2008	CHEMBL97668	CHEMBL772403	EC50 ratio	=	100.0			
CHEMBL2008	CHEMBL97668	CHEMBL772405	Max	=	66.0	%		
CHEMBL2008	CHEMBL82089	CHEMBL772403	EC50 ratio	=	133.0			
CHEMBL2008	CHEMBL82089	CHEMBL772405	Max	=	77.0	%		
CHEMBL2008	CHEMBL95700	CHEMBL772403	EC50 ratio	=	1.2			
CHEMBL2008	CHEMBL95700	CHEMBL772405	Max	=	91.0	%		
CHEMBL2008	CHEMBL100332	CHEMBL772403	EC50 ratio	=	100.0			
CHEMBL2008	CHEMBL100332	CHEMBL772405	Max	=	47.0	%		
CHEMBL2008	CHEMBL97080	CHEMBL772403	EC50 ratio	=	80.0			
CHEMBL2008	CHEMBL97080	CHEMBL772405	Max	=	100.0	%		
CHEMBL2008	CHEMBL96961	CHEMBL772403	EC50 ratio	=	75.0			
CHEMBL2008	CHEMBL96961	CHEMBL772405	Max	=	47.0	%		
CHEMBL2008	CHEMBL95949	CHEMBL772403	EC50 ratio	=	100.0			
CHEMBL2008	CHEMBL95949	CHEMBL772405	Max	=	78.0	%		
CHEMBL2008	CHEMBL162334	CHEMBL800283	Ki	>	10000.0	nM		
CHEMBL2008	CHEMBL162334	CHEMBL807716	Efficacy	=	10.0	%		
CHEMBL2008	CHEMBL99073	CHEMBL772403	EC50 ratio	=	10.0			
CHEMBL2008	CHEMBL99073	CHEMBL772405	Max	=	70.0	%		
CHEMBL2008	CHEMBL38	CHEMBL795949	Relative IC50	=	1.0			
CHEMBL2008	CHEMBL38	CHEMBL795946	Relative EC30	=	1.0			
CHEMBL2008	CHEMBL705	CHEMBL795948	Relative IC50	=	3.9			
CHEMBL2008	CHEMBL705	CHEMBL795946	Relative EC30	=	1.6			
CHEMBL2008	CHEMBL109539	CHEMBL795948	Relative IC50	=	432.0			
CHEMBL2008	CHEMBL109539	CHEMBL795946	Relative EC30	=	11.0			
CHEMBL2008	CHEMBL109539	CHEMBL798906	Efficacy	=	104.0			
CHEMBL2008	CHEMBL109785	CHEMBL795946	Relative EC30	=	40.0			
CHEMBL2008	CHEMBL109785	CHEMBL798906	Efficacy	=	94.0			
CHEMBL2008	CHEMBL1023	CHEMBL795946	Relative EC30	=	450.0			
CHEMBL2008	CHEMBL1023	CHEMBL798906	Efficacy	=	53.0			
CHEMBL2008	CHEMBL109283	CHEMBL795947	Relative EC30					Not Active
CHEMBL2008	CHEMBL109283	CHEMBL798907	Efficacy					Not Active
CHEMBL2008	CHEMBL110002	CHEMBL795950	Relative EC30	=	1600.0			
CHEMBL2008	CHEMBL110002	CHEMBL798906	Efficacy	=	36.0			
CHEMBL2008	CHEMBL109993	CHEMBL795946	Relative EC30	=	660.0			
CHEMBL2008	CHEMBL109993	CHEMBL798906	Efficacy	=	37.0			
CHEMBL2008	CHEMBL82089	CHEMBL799687	EC50 ratio	=	133.0			
CHEMBL2008	CHEMBL82089	CHEMBL799689	Max	=	77.0	%		
CHEMBL2008	CHEMBL97692	CHEMBL799687	EC50 ratio	=	133.0			
CHEMBL2008	CHEMBL97692	CHEMBL799689	Max	=	74.0	%		
CHEMBL2008	CHEMBL100327	CHEMBL799687	EC50 ratio	=	133.0			
CHEMBL2008	CHEMBL100327	CHEMBL799689	Max	=	30.0	%		
CHEMBL2008	CHEMBL95646	CHEMBL799688	EC50 ratio					Not Active
CHEMBL2008	CHEMBL95646	CHEMBL799689	Max	=	18.0	%		
CHEMBL2008	CHEMBL97690	CHEMBL799687	EC50 ratio	=	20.0			
CHEMBL2008	CHEMBL97690	CHEMBL799689	Max	=	120.0	%		
CHEMBL2008	CHEMBL441638	CHEMBL799688	EC50 ratio					Not Active
CHEMBL2008	CHEMBL441638	CHEMBL799689	Max	=	0.0	%		
CHEMBL2008	CHEMBL95828	CHEMBL799687	EC50 ratio	=	10.0			
CHEMBL2008	CHEMBL95828	CHEMBL799689	Max	=	88.0	%		
CHEMBL2008	CHEMBL95261	CHEMBL799687	EC50 ratio	=	200.0			
CHEMBL2008	CHEMBL95261	CHEMBL799689	Max	=	35.0	%		
CHEMBL2008	CHEMBL317063	CHEMBL799687	EC50 ratio	=	100.0			
CHEMBL2008	CHEMBL317063	CHEMBL799689	Max	=	96.0	%		
CHEMBL2008	CHEMBL97421	CHEMBL799687	EC50 ratio	=	167.0			
CHEMBL2008	CHEMBL97421	CHEMBL799689	Max	=	52.0	%		
CHEMBL2008	CHEMBL309282	CHEMBL799687	EC50 ratio	=	3.0			
CHEMBL2008	CHEMBL309282	CHEMBL799689	Max	=	82.0	%		
CHEMBL2008	CHEMBL422607	CHEMBL799131	EC50	=	256.0	nM	6.59	
CHEMBL2008	CHEMBL422607	CHEMBL799133	Efficacy	=	64.0	%		
CHEMBL2008	CHEMBL97049	CHEMBL799687	EC50 ratio	=	6.7			
CHEMBL2008	CHEMBL97049	CHEMBL799689	Max	=	87.0	%		
CHEMBL2008	CHEMBL95700	CHEMBL799687	EC50 ratio	=	1.2			
CHEMBL2008	CHEMBL95700	CHEMBL799689	Max	=	91.0	%		
CHEMBL2008	CHEMBL331642	CHEMBL799131	EC50	=	92.0	nM	7.04	
CHEMBL2008	CHEMBL331642	CHEMBL799133	Efficacy	=	63.0	%		
CHEMBL2008	CHEMBL100261	CHEMBL799687	EC50 ratio	=	15.0			
CHEMBL2008	CHEMBL100261	CHEMBL799689	Max	=	81.0	%		
CHEMBL2008	CHEMBL329955	CHEMBL799688	EC50 ratio					Not Active
CHEMBL2008	CHEMBL329955	CHEMBL799689	Max	=	0.0	%		
CHEMBL2008	CHEMBL95844	CHEMBL799687	EC50 ratio	=	0.8			
CHEMBL2008	CHEMBL95844	CHEMBL799689	Max	=	158.0	%		
CHEMBL2008	CHEMBL95238	CHEMBL799687	EC50 ratio	=	25.0			
CHEMBL2008	CHEMBL95238	CHEMBL799689	Max	=	81.0	%		
CHEMBL2008	CHEMBL97263	CHEMBL799687	EC50 ratio	=	17.0			
CHEMBL2008	CHEMBL97263	CHEMBL799689	Max	=	92.0	%		
CHEMBL2008	CHEMBL95773	CHEMBL799687	EC50 ratio	=	40.0			
CHEMBL2008	CHEMBL95773	CHEMBL799689	Max	=	96.0	%		
CHEMBL2008	CHEMBL97769	CHEMBL799687	EC50 ratio	=	14.0			
CHEMBL2008	CHEMBL97769	CHEMBL799689	Max	=	61.0	%		
CHEMBL2008	CHEMBL120210	CHEMBL799131	EC50	=	41.0	nM	7.39	
CHEMBL2008	CHEMBL120210	CHEMBL799133	Efficacy	=	71.0	%		
CHEMBL2008	CHEMBL319127	CHEMBL799688	EC50 ratio					Not Active
CHEMBL2008	CHEMBL319127	CHEMBL799689	Max	=	0.0	%		
CHEMBL2008	CHEMBL95953	CHEMBL799687	EC50 ratio	=	7.5			
CHEMBL2008	CHEMBL95953	CHEMBL799689	Max	=	76.0	%		
CHEMBL2008	CHEMBL318479	CHEMBL799687	EC50 ratio	=	133.0			
CHEMBL2008	CHEMBL318479	CHEMBL799689	Max	=	32.0	%		
CHEMBL2008	CHEMBL97045	CHEMBL799688	EC50 ratio					Not Active
CHEMBL2008	CHEMBL97045	CHEMBL799689	Max	=	0.0	%		
CHEMBL2008	CHEMBL99074	CHEMBL799687	EC50 ratio	=	4.0			
CHEMBL2008	CHEMBL99074	CHEMBL799689	Max	=	81.0	%		
CHEMBL2008	CHEMBL162345	CHEMBL843951	Kd	=	7.0	nM	8.15	
CHEMBL2008	CHEMBL162345	CHEMBL846506	IC50	=	7.5	nM	8.12	
CHEMBL2008	CHEMBL162345	CHEMBL846507	Inhibition	=	98.0	%		
CHEMBL2008	CHEMBL163223	CHEMBL843951	Kd	=	13.0	nM	7.89	
CHEMBL2008	CHEMBL163223	CHEMBL846505	IC50			nM		Not Determined
CHEMBL2008	CHEMBL163530	CHEMBL843951	Kd	=	12.0	nM	7.92	
CHEMBL2008	CHEMBL163530	CHEMBL846506	IC50	=	6.5	nM	8.19	
CHEMBL2008	CHEMBL163530	CHEMBL846507	Inhibition	=	98.0	%		
CHEMBL2008	CHEMBL162393	CHEMBL843951	Kd	=	4.0	nM	8.40	
CHEMBL2008	CHEMBL162393	CHEMBL846506	IC50	=	22.0	nM	7.66	
CHEMBL2008	CHEMBL162393	CHEMBL846507	Inhibition	=	97.0	%		
CHEMBL2008	CHEMBL165417	CHEMBL843951	Kd	=	6.0	nM	8.22	
CHEMBL2008	CHEMBL165417	CHEMBL846506	IC50	=	15.0	nM	7.82	
CHEMBL2008	CHEMBL165417	CHEMBL846507	Inhibition	=	83.0	%		
CHEMBL2008	CHEMBL165629	CHEMBL843951	Kd	=	6.0	nM	8.22	
CHEMBL2008	CHEMBL165629	CHEMBL846506	IC50	=	2.0	nM	8.70	
CHEMBL2008	CHEMBL165629	CHEMBL846507	Inhibition	=	98.0	%		
CHEMBL2008	CHEMBL312737	CHEMBL798902	EC50			nM		Not Active
CHEMBL2008	CHEMBL312737	CHEMBL798905	Efficacy	=	8.0	%		
CHEMBL2008	CHEMBL312737	CHEMBL798916	Ki	>	1000.0	nM		
CHEMBL2008	CHEMBL80424	CHEMBL798902	EC50			nM		Not Active
CHEMBL2008	CHEMBL80424	CHEMBL798905	Efficacy	=	4.0	%		
CHEMBL2008	CHEMBL80424	CHEMBL798916	Ki	>	1000.0	nM		
CHEMBL2008	CHEMBL312233	CHEMBL798901	EC50	=	559.0	nM	6.25	
CHEMBL2008	CHEMBL312233	CHEMBL798905	Efficacy	=	24.0	%		
CHEMBL2008	CHEMBL312233	CHEMBL798916	Ki	>	1000.0	nM		
CHEMBL2008	CHEMBL1023	CHEMBL798902	EC50			nM		Not Active
CHEMBL2008	CHEMBL1023	CHEMBL798905	Efficacy	=	1.0	%		
CHEMBL2008	CHEMBL1023	CHEMBL798916	Ki	>	1000.0	nM		
CHEMBL2008	CHEMBL79234	CHEMBL798901	EC50	=	339.0	nM	6.47	
CHEMBL2008	CHEMBL79234	CHEMBL798905	Efficacy	=	49.0	%		
CHEMBL2008	CHEMBL79234	CHEMBL798916	Ki	>	1000.0	nM		
CHEMBL2008	CHEMBL310047	CHEMBL798902	EC50			nM		Not Active
CHEMBL2008	CHEMBL310047	CHEMBL798905	Efficacy	=	2.0	%		
CHEMBL2008	CHEMBL310047	CHEMBL798916	Ki	>	1000.0	nM		
CHEMBL2008	CHEMBL80236	CHEMBL798901	EC50	=	637.0	nM	6.20	
CHEMBL2008	CHEMBL80236	CHEMBL798905	Efficacy	=	21.0	%		
CHEMBL2008	CHEMBL80236	CHEMBL798916	Ki	>	1000.0	nM		
CHEMBL2008	CHEMBL312395	CHEMBL798901	EC50	=	809.0	nM	6.09	
CHEMBL2008	CHEMBL312395	CHEMBL798905	Efficacy	=	23.0	%		
CHEMBL2008	CHEMBL312395	CHEMBL798916	Ki	>	1000.0	nM		
CHEMBL2008	CHEMBL75814	CHEMBL798902	EC50			nM		Not Active
CHEMBL2008	CHEMBL75814	CHEMBL798905	Efficacy	=	1.0	%		
CHEMBL2008	CHEMBL75814	CHEMBL798916	Ki	>	1000.0	nM		
CHEMBL2008	CHEMBL311113	CHEMBL798902	EC50			nM		Not Active
CHEMBL2008	CHEMBL311113	CHEMBL798905	Efficacy	=	7.0	%		
CHEMBL2008	CHEMBL311113	CHEMBL798916	Ki	>	1000.0	nM		
CHEMBL2008	CHEMBL38	CHEMBL836778	Activity	=	9.4			
CHEMBL2008	CHEMBL426963	CHEMBL836778	Activity	=	7.2			
CHEMBL2008	CHEMBL182393	CHEMBL836778	Activity	=	14.5			
CHEMBL2008	CHEMBL182565	CHEMBL836778	Activity	=	13.1			
CHEMBL2008	CHEMBL180440	CHEMBL836778	Activity	=	4.0			
CHEMBL2008	CHEMBL183509	CHEMBL836778	Activity	=	6.7			
CHEMBL2008	CHEMBL183400	CHEMBL836778	Activity	=	14.6			
CHEMBL2008	CHEMBL359912	CHEMBL836778	Activity	=	17.9			
CHEMBL2008	CHEMBL188638	CHEMBL834853	Relative activation	=	100.0	%		
CHEMBL2008	CHEMBL188638	CHEMBL831145	Relative activation	=	98.0	%		
CHEMBL2008	CHEMBL188638	CHEMBL831144	Relative activation	=	88.0	%		
CHEMBL2008	CHEMBL188638	CHEMBL831143	Relative activation	=	65.0	%		
CHEMBL2008	CHEMBL188638	CHEMBL834859	Relative activation	=	80.0	%		
CHEMBL2008	CHEMBL188638	CHEMBL834858	Relative activation	=	59.0	%		
CHEMBL2008	CHEMBL189191	CHEMBL831145	Relative activation	=	94.0	%		
CHEMBL2008	CHEMBL189191	CHEMBL831144	Relative activation	=	102.0	%		
CHEMBL2008	CHEMBL189191	CHEMBL831143	Relative activation	=	84.0	%		
CHEMBL2008	CHEMBL189565	CHEMBL832614	EC50	>	100000.0	nM		
CHEMBL2008	CHEMBL442016	CHEMBL832685	EC50	=	200.0	nM	6.70	
CHEMBL2008	CHEMBL188699	CHEMBL832687	EC50	=	7700.0	nM	5.11	
CHEMBL2008	CHEMBL188026	CHEMBL832856	EC50	=	17600.0	nM	4.75	
CHEMBL2008	CHEMBL187836	CHEMBL832614	EC50	>	100000.0	nM		
CHEMBL2008	CHEMBL188331	CHEMBL832686	EC50	=	5300.0	nM	5.28	
CHEMBL2008	CHEMBL69367	CHEMBL864470	Efficacy	=	100.0	%		
CHEMBL2008	CHEMBL69367	CHEMBL864468	EC50	=	19.95	nM	7.70	
CHEMBL2008	CHEMBL69367	CHEMBL864471	Efficacy	=	103.0	%		
CHEMBL2008	CHEMBL69367	CHEMBL864469	EC50	=	50.12	nM	7.30	
CHEMBL2008	CHEMBL38	CHEMBL864470	Efficacy	=	127.0	%		
CHEMBL2008	CHEMBL38	CHEMBL864468	EC50	=	6.31	nM	8.20	
CHEMBL2008	CHEMBL38	CHEMBL864471	Efficacy	=	230.0	%		
CHEMBL2008	CHEMBL38	CHEMBL864469	EC50	=	25.12	nM	7.60	
CHEMBL2008	CHEMBL443832	CHEMBL864470	Efficacy					Not Active
CHEMBL2008	CHEMBL443832	CHEMBL864471	Efficacy					Not Active
CHEMBL2008	CHEMBL197499	CHEMBL864470	Efficacy					Not Active
CHEMBL2008	CHEMBL197499	CHEMBL864471	Efficacy					Not Active
CHEMBL2008	CHEMBL365798	CHEMBL864470	Efficacy	=	36.0	%		
CHEMBL2008	CHEMBL365798	CHEMBL864468	EC50	=	63.1	nM	7.20	
CHEMBL2008	CHEMBL365798	CHEMBL864471	Efficacy					Not Active
CHEMBL2008	CHEMBL197292	CHEMBL864470	Efficacy	=	38.0	%		
CHEMBL2008	CHEMBL197292	CHEMBL864468	EC50	=	15.85	nM	7.80	
CHEMBL2008	CHEMBL197292	CHEMBL864471	Efficacy					Not Active
CHEMBL2008	CHEMBL198467	CHEMBL864470	Efficacy	=	37.0	%		
CHEMBL2008	CHEMBL198467	CHEMBL864468	EC50	=	50.12	nM	7.30	
CHEMBL2008	CHEMBL198467	CHEMBL864471	Efficacy					Not Active
CHEMBL2008	CHEMBL371684	CHEMBL864470	Efficacy	=	64.0	%		
CHEMBL2008	CHEMBL371684	CHEMBL864468	EC50	=	25.12	nM	7.60	
CHEMBL2008	CHEMBL425027	CHEMBL864470	Efficacy	=	92.0	%		
CHEMBL2008	CHEMBL425027	CHEMBL864468	EC50	=	125.89	nM	6.90	
CHEMBL2008	CHEMBL425027	CHEMBL864471	Efficacy	=	31.0	%		
CHEMBL2008	CHEMBL198794	CHEMBL864470	Efficacy	=	100.0	%		
CHEMBL2008	CHEMBL198794	CHEMBL864468	EC50	=	15.85	nM	7.80	
CHEMBL2008	CHEMBL198794	CHEMBL864471	Efficacy	=	58.0	%		
CHEMBL2008	CHEMBL198794	CHEMBL864469	EC50	=	316.23	nM	6.50	
CHEMBL2008	CHEMBL198997	CHEMBL864470	Efficacy	=	96.0	%		
CHEMBL2008	CHEMBL198997	CHEMBL864468	EC50	=	10.0	nM	8.00	
CHEMBL2008	CHEMBL198997	CHEMBL864471	Efficacy	=	40.0	%		
CHEMBL2008	CHEMBL371684	CHEMBL864471	Efficacy					Not Active
CHEMBL2008	CHEMBL365798	CHEMBL864469	EC50	>	10000.0	nM		
CHEMBL2008	CHEMBL425027	CHEMBL864469	EC50	>	10000.0	nM		
CHEMBL2008	CHEMBL371684	CHEMBL864469	EC50	>	10000.0	nM		
CHEMBL2008	CHEMBL198467	CHEMBL864469	EC50	>	10000.0	nM		
CHEMBL2008	CHEMBL197292	CHEMBL864469	EC50	>	10000.0	nM		
CHEMBL2008	CHEMBL38	CHEMBL916389	IC50	=	3000.0	nM	5.52	
CHEMBL2008	CHEMBL57765	CHEMBL916389	IC50	=	175000.0	nM		
CHEMBL2008	CHEMBL387639	CHEMBL916389	IC50	=	175000.0	nM		
CHEMBL2008	CHEMBL388283	CHEMBL916389	IC50	=	90000.0	nM	4.05	
CHEMBL2008	CHEMBL388064	CHEMBL916389	IC50	=	500000.0	nM		
CHEMBL2008	CHEMBL53449	CHEMBL916389	IC50	=	250000.0	nM		
CHEMBL2008	CHEMBL417769	CHEMBL916389	IC50	=	1000000.0	nM		
CHEMBL2008	CHEMBL462134	CHEMBL970651	Activity					Not Active
CHEMBL2008	CHEMBL447382	CHEMBL970651	Activity					Not Active
CHEMBL2008	CHEMBL448905	CHEMBL970651	Activity					Not Active
CHEMBL2008	CHEMBL481273	CHEMBL970651	Activity					Not Active
CHEMBL2008	CHEMBL481272	CHEMBL970651	Activity					Not Active
CHEMBL2008	CHEMBL507489	CHEMBL970651	Activity					Not Active
CHEMBL2008	CHEMBL442636	CHEMBL970651	Activity					Not Active
CHEMBL2008	CHEMBL514274	CHEMBL970651	Activity					Not Active
CHEMBL2008	CHEMBL458326	CHEMBL970651	Activity					Not Active
CHEMBL2008	CHEMBL516652	CHEMBL970651	Activity					Not Active
CHEMBL2008	CHEMBL459680	CHEMBL970651	Activity					Not Active
CHEMBL2008	CHEMBL472172	CHEMBL974475	Activity					Active
CHEMBL2008	CHEMBL462134	CHEMBL974475	Activity	=	30.0	%		
CHEMBL2008	CHEMBL459680	CHEMBL974475	Activity					Active
CHEMBL2008	CHEMBL481272	CHEMBL974475	Activity					Not Active
CHEMBL2008	CHEMBL478653	CHEMBL984449	Activity					Active
CHEMBL2008	CHEMBL476349	CHEMBL984449	Activity					Active
CHEMBL2008	CHEMBL476348	CHEMBL984449	Activity					Active
CHEMBL2008	CHEMBL476971	CHEMBL984449	Activity					Active
CHEMBL2008	CHEMBL508378	CHEMBL1023991	Activity					Active
CHEMBL2008	CHEMBL275311	CHEMBL1023991	Activity					Active
CHEMBL2008	CHEMBL457645	CHEMBL1023991	Activity					Active
CHEMBL2008	CHEMBL513434	CHEMBL1023991	Activity					Active
CHEMBL2008	CHEMBL2021517	CHEMBL1023991	Activity					Active
CHEMBL2008	CHEMBL2021516	CHEMBL1023991	Activity					Active
CHEMBL2008	CHEMBL455992	CHEMBL1023991	Activity					Active
CHEMBL2008	CHEMBL2021515	CHEMBL1023991	Activity					Active
CHEMBL2008	CHEMBL457775	CHEMBL1011986	EC50	=	10.0	nM	8.00	
CHEMBL2008	CHEMBL511855	CHEMBL1011986	EC50	=	820.0	nM	6.09	
CHEMBL2008	CHEMBL468607	CHEMBL1011986	EC50	>	1000.0	nM		
CHEMBL2008	CHEMBL451835	CHEMBL1011986	EC50	=	0.3	nM	9.52	
CHEMBL2008	CHEMBL468608	CHEMBL1011986	EC50	=	26.0	nM	7.58	
CHEMBL2008	CHEMBL467748	CHEMBL1011986	EC50	>	1000.0	nM		
CHEMBL2008	CHEMBL69367	CHEMBL1011986	EC50	=	8.6	nM	8.07	
CHEMBL2008	CHEMBL468623	CHEMBL1011986	EC50	>	1000.0	nM		
CHEMBL2008	CHEMBL1657	CHEMBL1011986	EC50	=	0.8	nM	9.10	
CHEMBL2008	CHEMBL38	CHEMBL1011986	EC50	=	12.0	nM	7.92	
CHEMBL2008	CHEMBL457775	CHEMBL1029808	Efficacy	=	35.0	%		
CHEMBL2008	CHEMBL511855	CHEMBL1029011	Efficacy	=	34.0	%		
CHEMBL2008	CHEMBL468607	CHEMBL1011120	Efficacy	<	10.0	%		
CHEMBL2008	CHEMBL451835	CHEMBL1029011	Efficacy	=	83.0	%		
CHEMBL2008	CHEMBL468608	CHEMBL1029011	Efficacy	=	50.0	%		
CHEMBL2008	CHEMBL467748	CHEMBL1011120	Efficacy	<	10.0	%		
CHEMBL2008	CHEMBL69367	CHEMBL1029011	Efficacy	=	46.0	%		
CHEMBL2008	CHEMBL468623	CHEMBL1011120	Efficacy	<	10.0	%		
CHEMBL2008	CHEMBL1657	CHEMBL1029011	Efficacy	=	57.0	%		
CHEMBL2008	CHEMBL38	CHEMBL1029011	Efficacy	=	100.0	%		
CHEMBL2008	CHEMBL470587	CHEMBL1022110	EC50	=	100.0	nM	7.00	
CHEMBL2008	CHEMBL470588	CHEMBL1022110	EC50	=	63.1	nM	7.20	
CHEMBL2008	CHEMBL513760	CHEMBL1022110	EC50	=	19.95	nM	7.70	
CHEMBL2008	CHEMBL472476	CHEMBL1022110	EC50	=	63.1	nM	7.20	
CHEMBL2008	CHEMBL469322	CHEMBL1022110	EC50	=	251.19	nM	6.60	
CHEMBL2008	CHEMBL469281	CHEMBL1022110	EC50	=	63.1	nM	7.20	
CHEMBL2008	CHEMBL469323	CHEMBL1022110	EC50	=	31.62	nM	7.50	
CHEMBL2008	CHEMBL198794	CHEMBL1022110	EC50	=	15.85	nM	7.80	
CHEMBL2008	CHEMBL472032	CHEMBL1022110	EC50	=	100.0	nM	7.00	
CHEMBL2008	CHEMBL472213	CHEMBL1022110	EC50	=	100.0	nM	7.00	
CHEMBL2008	CHEMBL472236	CHEMBL1022110	EC50	=	630.96	nM	6.20	
CHEMBL2008	CHEMBL524687	CHEMBL1022110	EC50	=	39.81	nM	7.40	
CHEMBL2008	CHEMBL471197	CHEMBL1022110	EC50	=	125.89	nM	6.90	
CHEMBL2008	CHEMBL371684	CHEMBL1022110	EC50	=	25.12	nM	7.60	
CHEMBL2008	CHEMBL198997	CHEMBL1022109	Efficacy	=	106.0	%		
CHEMBL2008	CHEMBL506417	CHEMBL1022109	Activity					Not Active
CHEMBL2008	CHEMBL472238	CHEMBL1022109	Efficacy	=	85.0	%		
CHEMBL2008	CHEMBL512879	CHEMBL1022109	Efficacy	=	78.0	%		
CHEMBL2008	CHEMBL471421	CHEMBL1022109	Efficacy	=	100.0	%		
CHEMBL2008	CHEMBL471422	CHEMBL1022109	Efficacy	=	99.0	%		
CHEMBL2008	CHEMBL471423	CHEMBL1022109	Efficacy	=	93.0	%		
CHEMBL2008	CHEMBL513560	CHEMBL1022109	Activity					Not Active
CHEMBL2008	CHEMBL470587	CHEMBL1022109	Efficacy	=	70.0	%		
CHEMBL2008	CHEMBL470588	CHEMBL1022109	Efficacy	=	62.0	%		
CHEMBL2008	CHEMBL513760	CHEMBL1022109	Efficacy	=	108.0	%		
CHEMBL2008	CHEMBL472476	CHEMBL1022109	Efficacy	=	78.0	%		
CHEMBL2008	CHEMBL469322	CHEMBL1022109	Efficacy	=	41.0	%		
CHEMBL2008	CHEMBL469281	CHEMBL1022109	Efficacy	=	75.0	%		
CHEMBL2008	CHEMBL469323	CHEMBL1022109	Efficacy	=	72.0	%		
CHEMBL2008	CHEMBL198794	CHEMBL1022109	Efficacy	=	100.0	%		
CHEMBL2008	CHEMBL512710	CHEMBL1022109	Activity					Not Active
CHEMBL2008	CHEMBL472032	CHEMBL1022109	Efficacy	=	37.0	%		
CHEMBL2008	CHEMBL472213	CHEMBL1022109	Efficacy	=	85.0	%		
CHEMBL2008	CHEMBL472236	CHEMBL1022109	Efficacy	=	84.0	%		
CHEMBL2008	CHEMBL524687	CHEMBL1022109	Efficacy	=	114.0	%		
CHEMBL2008	CHEMBL471196	CHEMBL1022109	Activity					Not Active
CHEMBL2008	CHEMBL510735	CHEMBL1022109	Activity					Not Active
CHEMBL2008	CHEMBL471197	CHEMBL1022109	Efficacy	=	50.0	%		
CHEMBL2008	CHEMBL371684	CHEMBL1022109	Efficacy	=	64.0	%		
CHEMBL2008	CHEMBL471423	CHEMBL1022110	EC50	=	1000.0	nM	6.00	
CHEMBL2008	CHEMBL471422	CHEMBL1022110	EC50	=	79.43	nM	7.10	
CHEMBL2008	CHEMBL471421	CHEMBL1022110	EC50	=	125.89	nM	6.90	
CHEMBL2008	CHEMBL512879	CHEMBL1022110	EC50	=	63.1	nM	7.20	
CHEMBL2008	CHEMBL472238	CHEMBL1022110	EC50	=	39.81	nM	7.40	
CHEMBL2008	CHEMBL506417	CHEMBL1022110	EC50	<	10000.0	nM		
CHEMBL2008	CHEMBL198997	CHEMBL1022110	EC50	=	7.943	nM	8.10	
CHEMBL2008	CHEMBL425027	CHEMBL1022109	Efficacy	=	92.0	%		
CHEMBL2008	CHEMBL69367	CHEMBL1022109	Efficacy	=	100.0	%		
CHEMBL2008	CHEMBL38	CHEMBL1022109	Efficacy	=	127.0	%		
CHEMBL2008	CHEMBL425027	CHEMBL1022110	EC50	=	125.89	nM	6.90	
CHEMBL2008	CHEMBL69367	CHEMBL1022110	EC50	=	19.95	nM	7.70	
CHEMBL2008	CHEMBL38	CHEMBL1022110	EC50	=	6.31	nM	8.20	
CHEMBL2008	CHEMBL38	CHEMBL1022111	Efficacy	=	230.0	%		
CHEMBL2008	CHEMBL470587	CHEMBL1022111	Efficacy	=	49.0	%		
CHEMBL2008	CHEMBL470588	CHEMBL1022111	Activity					Not Active
CHEMBL2008	CHEMBL469323	CHEMBL1022111	Activity					Not Active
CHEMBL2008	CHEMBL198794	CHEMBL1022111	Efficacy	=	58.0	%		
CHEMBL2008	CHEMBL371684	CHEMBL1022111	Efficacy	=	230.0	%		
CHEMBL2008	CHEMBL425027	CHEMBL1022111	Efficacy	=	29.0	%		
CHEMBL2008	CHEMBL38	CHEMBL1022112	EC50	=	25.12	nM	7.60	
CHEMBL2008	CHEMBL69367	CHEMBL1022112	EC50	=	50.12	nM	7.30	
CHEMBL2008	CHEMBL470587	CHEMBL1022112	EC50	=	1000.0	nM	6.00	
CHEMBL2008	CHEMBL198794	CHEMBL1022112	EC50	=	316.23	nM	6.50	
CHEMBL2008	CHEMBL425027	CHEMBL1022112	EC50	=	1995.26	nM	5.70	
CHEMBL2008	CHEMBL425027	CHEMBL1022127	Activity					Active
CHEMBL2008	CHEMBL510735	CHEMBL1022110	EC50	<	10000.0	nM		
CHEMBL2008	CHEMBL513560	CHEMBL1022110	EC50	<	10000.0	nM		
CHEMBL2008	CHEMBL512710	CHEMBL1022110	EC50	<	10000.0	nM		
CHEMBL2008	CHEMBL471196	CHEMBL1022110	EC50	<	10000.0	nM		
CHEMBL2008	CHEMBL469281	CHEMBL1022113	Efficacy	=	28.0	%		
CHEMBL2008	CHEMBL472238	CHEMBL1022113	Efficacy	=	42.0	%		
CHEMBL2008	CHEMBL513760	CHEMBL1022113	Efficacy	=	36.0	%		
CHEMBL2008	CHEMBL472476	CHEMBL1022111	Activity					Not Active
CHEMBL2008	CHEMBL524687	CHEMBL1022111	Efficacy	=	54.0	%		
CHEMBL2008	CHEMBL198997	CHEMBL1022111	Efficacy	=	52.0	%		
CHEMBL2008	CHEMBL471422	CHEMBL1022111	Efficacy	=	45.0	%		
CHEMBL2008	CHEMBL524687	CHEMBL1022112	EC50	=	398.11	nM	6.40	
CHEMBL2008	CHEMBL198997	CHEMBL1022112	EC50	=	398.11	nM	6.40	
CHEMBL2008	CHEMBL471422	CHEMBL1022112	EC50	=	1258.93	nM	5.90	
CHEMBL2008	CHEMBL462134	CHEMBL1029370	Activity					Active
CHEMBL2008	CHEMBL564563	CHEMBL1029366	Activity					Not Active
CHEMBL2008	CHEMBL563805	CHEMBL1029366	Activity					Not Active
CHEMBL2008	CHEMBL560351	CHEMBL1029366	Activity					Not Active
CHEMBL2008	CHEMBL462134	CHEMBL1029366	Activity					Not Active
CHEMBL2008	CHEMBL554740	CHEMBL1029366	Activity					Not Active
CHEMBL2008	CHEMBL565088	CHEMBL1029366	Activity					Not Active
CHEMBL2008	CHEMBL564037	CHEMBL1029366	Activity					Not Active
CHEMBL2008	CHEMBL563488	CHEMBL1029366	Activity					Not Active
CHEMBL2008	CHEMBL176252	CHEMBL1031897	Activity	=	17.0	%		
CHEMBL2008	CHEMBL564037	CHEMBL1029370	Activity					Not Active
CHEMBL2008	CHEMBL564563	CHEMBL1029370	Activity					Not Active
CHEMBL2008	CHEMBL563805	CHEMBL1029370	Activity					Not Active
CHEMBL2008	CHEMBL560351	CHEMBL1029370	Activity					Not Active
CHEMBL2008	CHEMBL554740	CHEMBL1029370	Activity					Not Active
CHEMBL2008	CHEMBL565088	CHEMBL1029370	Activity					Not Active
CHEMBL2008	CHEMBL472172	CHEMBL1029376	Activity					Active
CHEMBL2008	CHEMBL550796	CHEMBL1063214	IC50	=	40.0	nM	7.40	
CHEMBL2008	CHEMBL1209170	CHEMBL1211338	EC50	>	10000.0	nM		
CHEMBL2008	CHEMBL1209173	CHEMBL1211338	EC50	>	10000.0	nM		
CHEMBL2008	CHEMBL1209109	CHEMBL1211355	Efficacy	=	0.0	%		
CHEMBL2008	CHEMBL1209170	CHEMBL1211355	Efficacy	=	0.0	%		
CHEMBL2008	CHEMBL1209173	CHEMBL1211355	Efficacy	=	0.0	%		
CHEMBL2008	CHEMBL1209109	CHEMBL1211338	EC50	>	10000.0	nM		
CHEMBL2008	CHEMBL1215791	CHEMBL1219715	Activity					Active
CHEMBL2008	CHEMBL1214704	CHEMBL1219715	Activity					Active
CHEMBL2008	CHEMBL1214703	CHEMBL1219715	Activity					Active
CHEMBL2008	CHEMBL1214702	CHEMBL1219715	Activity					Active
CHEMBL2008	CHEMBL25202	CHEMBL1274440	EC50	=	235.0	nM	6.63	
CHEMBL2008	CHEMBL1773351	CHEMBL1775280	Ratio	=	1.33			
CHEMBL2008	CHEMBL1773352	CHEMBL1775280	Ratio	=	0.35			
CHEMBL2008	CHEMBL1773353	CHEMBL1775280	Ratio	=	0.38			
CHEMBL2008	CHEMBL508378	CHEMBL1775280	Ratio	=	0.25			
CHEMBL2008	CHEMBL1773354	CHEMBL1775280	Ratio	=	0.32			
CHEMBL2008	CHEMBL1773355	CHEMBL1775280	Ratio	=	0.5			
CHEMBL2008	CHEMBL1773356	CHEMBL1775280	Ratio	=	1.36			
CHEMBL2008	CHEMBL2021515	CHEMBL1775280	Ratio	=	1.99			
CHEMBL2008	CHEMBL1773357	CHEMBL1775280	Ratio	=	1.48			
CHEMBL2008	CHEMBL1773358	CHEMBL1775280	Ratio	=	0.89			
CHEMBL2008	CHEMBL1773359	CHEMBL1775280	Ratio	=	1.92			
CHEMBL2008	CHEMBL1773360	CHEMBL1775280	Ratio	=	1.03			
CHEMBL2008	CHEMBL1773361	CHEMBL1775280	Ratio	=	0.14			
CHEMBL2008	CHEMBL1773362	CHEMBL1775280	Ratio	=	0.04			
CHEMBL2008	CHEMBL1773363	CHEMBL1775280	Ratio	=	0.98			
CHEMBL2008	CHEMBL1773075	CHEMBL1775280	Ratio	=	0.1			
CHEMBL2008	CHEMBL442016	CHEMBL1815845	Activity	=	85.0	%		
CHEMBL2008	CHEMBL1180	CHEMBL1815845	Activity	=	78.0	%		
CHEMBL2008	CHEMBL442016	CHEMBL1815809	FC	=	6.0			
CHEMBL2008	CHEMBL1180	CHEMBL1815809	FC	=	20.0			
CHEMBL2008	CHEMBL1961796	CHEMBL1961829	Inhibition			%		Not Active
CHEMBL2008	CHEMBL1961797	CHEMBL1961829	Inhibition			%		Not Active
CHEMBL2008	CHEMBL2332887	CHEMBL2341873	Activity					Active
CHEMBL2008	CHEMBL2398353	CHEMBL2401372	FC					Not Determined
CHEMBL2008	CHEMBL2398385	CHEMBL2401372	FC					Not Determined
CHEMBL2008	CHEMBL2398384	CHEMBL2401372	FC					Not Determined
CHEMBL2008	CHEMBL2396673	CHEMBL2401372	FC					Not Determined
CHEMBL2008	CHEMBL2398379	CHEMBL2401372	FC					Not Determined
CHEMBL2008	CHEMBL2398378	CHEMBL2401372	FC					Not Determined
CHEMBL2008	CHEMBL2398377	CHEMBL2401372	FC					Not Determined
CHEMBL2008	CHEMBL2398366	CHEMBL2401372	FC	=	45.0			
CHEMBL2008	CHEMBL2398383	CHEMBL2401372	FC	=	40.0			
CHEMBL2008	CHEMBL2398382	CHEMBL2401372	FC	=	40.0			
CHEMBL2008	CHEMBL38	CHEMBL2401372	FC	=	35.0			
CHEMBL2008	CHEMBL2398365	CHEMBL2401372	FC	=	27.0			
CHEMBL2008	CHEMBL2398376	CHEMBL2401372	FC	=	26.0			
CHEMBL2008	CHEMBL25202	CHEMBL2401372	FC	=	24.0			
CHEMBL2008	CHEMBL2398381	CHEMBL2401372	FC	=	20.0			
CHEMBL2008	CHEMBL2398367	CHEMBL2401372	FC	=	19.0			
CHEMBL2008	CHEMBL2398380	CHEMBL2401372	FC	=	18.0			
CHEMBL2008	CHEMBL2398364	CHEMBL2401372	FC	=	17.0			
CHEMBL2008	CHEMBL2398375	CHEMBL2401372	FC	=	16.0			
CHEMBL2008	CHEMBL2398368	CHEMBL2401372	FC	=	13.0			
CHEMBL2008	CHEMBL2398363	CHEMBL2401372	FC	=	13.0			
CHEMBL2008	CHEMBL2398356	CHEMBL2401372	FC	=	13.0			
CHEMBL2008	CHEMBL2398372	CHEMBL2401372	FC	=	13.0			
CHEMBL2008	CHEMBL2398374	CHEMBL2401372	FC	=	12.0			
CHEMBL2008	CHEMBL2398369	CHEMBL2401372	FC	=	11.0			
CHEMBL2008	CHEMBL2398358	CHEMBL2401372	FC	=	8.0			
CHEMBL2008	CHEMBL2398371	CHEMBL2401372	FC	=	8.0			
CHEMBL2008	CHEMBL2398360	CHEMBL2401372	FC	=	7.0			
CHEMBL2008	CHEMBL2398355	CHEMBL2401372	FC	=	7.0			
CHEMBL2008	CHEMBL2398359	CHEMBL2401372	FC	=	6.0			
CHEMBL2008	CHEMBL2398357	CHEMBL2401372	FC	=	6.0			
CHEMBL2008	CHEMBL2398373	CHEMBL2401372	FC	=	5.0			
CHEMBL2008	CHEMBL2398362	CHEMBL2401372	FC	=	3.0			
CHEMBL2008	CHEMBL2398361	CHEMBL2401372	FC	=	2.0			
CHEMBL2008	CHEMBL2398370	CHEMBL2401372	FC	=	1.0			
CHEMBL2008	CHEMBL2398354	CHEMBL2401372	FC	=	1.0			
CHEMBL2008	CHEMBL373364	CHEMBL3224187	IC50	=	7.0	nM	8.15	
CHEMBL2008	CHEMBL381434	CHEMBL3224187	IC50	=	135.0	nM	6.87	
CHEMBL2008	CHEMBL205627	CHEMBL3224187	IC50	=	32000.0	nM	4.50	
CHEMBL2008	CHEMBL1778373	CHEMBL3224187	IC50	<	1.0	nM		
CHEMBL2008	CHEMBL476598	CHEMBL3388281	Inhibition			%		Not Active
CHEMBL2008	CHEMBL241861	CHEMBL3388281	Inhibition			%		Not Active
CHEMBL2008	CHEMBL611941	CHEMBL3388281	Inhibition			%		Not Active
CHEMBL2008	CHEMBL609865	CHEMBL3388281	Inhibition			%		Not Active
CHEMBL2008	CHEMBL596254	CHEMBL3388281	Inhibition			%		Not Active
CHEMBL2008	CHEMBL3355251	CHEMBL3388281	Inhibition			%		Not Active
CHEMBL2008	CHEMBL593006	CHEMBL3388281	Inhibition			%		Not Active
CHEMBL2008	CHEMBL596255	CHEMBL3388281	Inhibition			%		Not Active
CHEMBL2008	CHEMBL596482	CHEMBL3388281	Inhibition			%		Not Active
CHEMBL2008	CHEMBL3355252	CHEMBL3388281	Inhibition			%		Not Active
CHEMBL2008	CHEMBL305419	CHEMBL3388281	Inhibition			%		Not Active
CHEMBL2008	CHEMBL596483	CHEMBL3388281	Inhibition			%		Not Active
CHEMBL2008	CHEMBL609307	CHEMBL3388281	Inhibition			%		Not Active
CHEMBL2008	CHEMBL1171681	CHEMBL3388281	Inhibition			%		Not Active
CHEMBL2008	CHEMBL594859	CHEMBL3388281	Inhibition			%		Not Active
CHEMBL2008	CHEMBL3355253	CHEMBL3388281	Inhibition			%		Not Active
CHEMBL2008	CHEMBL3355254	CHEMBL3388281	Inhibition			%		Not Active
CHEMBL2008	CHEMBL3355255	CHEMBL3388281	Inhibition			%		Not Active
CHEMBL2008	CHEMBL199974	CHEMBL3388281	Inhibition			%		Not Active
CHEMBL2008	CHEMBL1478023	CHEMBL3388281	Inhibition			%		Not Active
CHEMBL2008	CHEMBL3355256	CHEMBL3388281	Inhibition			%		Not Active
CHEMBL2008	CHEMBL593229	CHEMBL3388281	Inhibition			%		Not Active
CHEMBL2008	CHEMBL1476397	CHEMBL3367189	EC50	>	1000.0	nM		
CHEMBL2008	CHEMBL3596632	CHEMBL3599040	Inhibition	<	50.0	%		
CHEMBL2008	CHEMBL3596632	CHEMBL3599162	Activity	<	50.0	%		
CHEMBL2008	CHEMBL3774855	CHEMBL3778103	EC50	>	20000.0	nM		
CHEMBL2008	CHEMBL3786581	CHEMBL3789269	Activity					Not Active
CHEMBL2008	CHEMBL3787627	CHEMBL3789269	Activity					Not Active
CHEMBL2008	CHEMBL3787323	CHEMBL3789269	Activity					Not Active
CHEMBL2008	CHEMBL3814815	CHEMBL3817436	Kb	=	1510.0	nM		
CHEMBL2008	CHEMBL3957342	CHEMBL3880816	Kd	=	8.0	nM	8.10	
CHEMBL2008	CHEMBL3960035	CHEMBL3880816	Kd	=	8.0	nM	8.10	
CHEMBL2008	CHEMBL3936922	CHEMBL3880816	Kd	=	8.0	nM	8.10	
CHEMBL2008	CHEMBL3939687	CHEMBL3880816	Kd	=	4.0	nM	8.40	
CHEMBL2008	CHEMBL3891815	CHEMBL3880816	Kd	=	4.0	nM	8.40	
CHEMBL2008	CHEMBL3901588	CHEMBL3880816	Kd	=	4.0	nM	8.40	
CHEMBL2008	CHEMBL3951072	CHEMBL3880816	Kd	=	8.0	nM	8.10	
CHEMBL2008	CHEMBL3953756	CHEMBL3880816	Kd	=	4.0	nM	8.40	
CHEMBL2008	CHEMBL3934863	CHEMBL3880816	Kd	=	4.0	nM	8.40	
CHEMBL2008	CHEMBL3916016	CHEMBL3880816	Kd	=	8.0	nM	8.10	
CHEMBL2008	CHEMBL3707313	CHEMBL3880816	Kd	=	15.0	nM	7.82	
CHEMBL2008	CHEMBL3931870	CHEMBL3880816	Kd	=	8.0	nM	8.10	
CHEMBL2008	CHEMBL3926084	CHEMBL3880816	Kd	=	500.0	nM	6.30	
CHEMBL2008	CHEMBL3892845	CHEMBL3880816	Kd	=	120.0	nM	6.92	
CHEMBL2008	CHEMBL3954703	CHEMBL3880816	Kd	=	250.0	nM	6.60	
CHEMBL2008	CHEMBL3945228	CHEMBL3880816	Kd	=	2.0	nM	8.70	
CHEMBL2008	CHEMBL3910072	CHEMBL3880816	Kd	=	8000.0	nM	5.10	
CHEMBL2008	CHEMBL3907274	CHEMBL3880816	Kd	=	4.0	nM	8.40	
CHEMBL2008	CHEMBL4066332	CHEMBL4019430	Activity					Not Active
CHEMBL2008	CHEMBL108402	CHEMBL4037126	EC50	>	10000.0	nM		
CHEMBL2008	CHEMBL107039	CHEMBL4037126	EC50	>	10000.0	nM		
CHEMBL2008	CHEMBL1023	CHEMBL4037126	EC50	>	10000.0	nM		
CHEMBL2008	CHEMBL4077016	CHEMBL4040807	Inhibition			%		Not Active
CHEMBL2008	CHEMBL4077016	CHEMBL4040792	Activity					Not Active
CHEMBL2008	CHEMBL4174856	CHEMBL4131413	EC50	>	10000.0	nM		
CHEMBL2008	CHEMBL1545045	CHEMBL4150341	Activity					Not Active
CHEMBL2008	CHEMBL4217784	CHEMBL4188165	Activity					Not Active
CHEMBL2008	CHEMBL1265	CHEMBL4195066	EC50	=	2.0	nM	8.70	
CHEMBL2008	CHEMBL4212472	CHEMBL4195066	EC50	=	2.5	nM	8.60	
CHEMBL2008	CHEMBL97080	CHEMBL4195066	EC50	=	140.0	nM	6.85	
CHEMBL2008	CHEMBL4216904	CHEMBL4195066	EC50	=	1650.0	nM	5.78	
CHEMBL2008	CHEMBL1180	CHEMBL4195066	EC50	=	226.0	nM	6.65	
CHEMBL2008	CHEMBL4203742	CHEMBL4195066	EC50	=	8.6	nM	8.07	
CHEMBL2008	CHEMBL4206237	CHEMBL4195066	EC50	=	5.0	nM	8.30	
CHEMBL2008	CHEMBL4217953	CHEMBL4195066	EC50	=	40.0	nM	7.40	
CHEMBL2008	CHEMBL4210595	CHEMBL4195066	EC50	=	3.8	nM	8.42	
CHEMBL2008	CHEMBL4205733	CHEMBL4195066	EC50	=	6.8	nM	8.17	
CHEMBL2008	CHEMBL4215021	CHEMBL4195066	EC50	=	13.0	nM	7.89	
CHEMBL2008	CHEMBL4210099	CHEMBL4195066	EC50	=	26.0	nM	7.58	
CHEMBL2008	CHEMBL4202830	CHEMBL4195066	EC50	=	40.0	nM	7.40	
CHEMBL2008	CHEMBL3960035	CHEMBL4195066	EC50	=	17.0	nM	7.77	
CHEMBL2008	CHEMBL3953756	CHEMBL4195066	EC50	=	40.0	nM	7.40	
CHEMBL2008	CHEMBL3939687	CHEMBL4195066	EC50	=	14.0	nM	7.85	
CHEMBL2008	CHEMBL3916016	CHEMBL4195066	EC50	=	60.0	nM	7.22	
CHEMBL2008	CHEMBL3891815	CHEMBL4195066	EC50	=	35.0	nM	7.46	
CHEMBL2008	CHEMBL3936922	CHEMBL4195066	EC50	=	25.0	nM	7.60	
CHEMBL2008	CHEMBL3707313	CHEMBL4195066	EC50	=	125.0	nM	6.90	
CHEMBL2008	CHEMBL3910072	CHEMBL4195066	EC50	>	10000.0	nM		
CHEMBL2008	CHEMBL4207978	CHEMBL4195066	EC50	>	10000.0	nM		
CHEMBL2008	CHEMBL4211171	CHEMBL4195066	EC50	>	10000.0	nM		
CHEMBL2008	CHEMBL3934863	CHEMBL4195072	EC50	=	9.5	nM	8.02	
CHEMBL2008	CHEMBL4210286	CHEMBL4195072	EC50	=	248.0	nM	6.61	
CHEMBL2008	CHEMBL38	CHEMBL4220762	EC50	=	17.6	nM	7.75	
CHEMBL2008	CHEMBL512879	CHEMBL4220762	EC50	=	56.7	nM	7.25	
CHEMBL2008	CHEMBL4226012	CHEMBL4220762	EC50	=	136.3	nM	6.87	
CHEMBL2008	CHEMBL4226854	CHEMBL4220762	EC50	=	12.1	nM	7.92	
CHEMBL2008	CHEMBL4226389	CHEMBL4220762	EC50	=	77.8	nM	7.11	
CHEMBL2008	CHEMBL4224900	CHEMBL4220762	EC50	=	11.0	nM	7.96	
CHEMBL2008	CHEMBL38	CHEMBL4220776	Activity					Active
CHEMBL2008	CHEMBL512879	CHEMBL4220776	Activity					Active
CHEMBL2008	CHEMBL4224900	CHEMBL4220776	Activity					Active
CHEMBL2008	CHEMBL38	CHEMBL4220779	Activity					Active
CHEMBL2008	CHEMBL512879	CHEMBL4220779	Activity					Active
CHEMBL2008	CHEMBL4224900	CHEMBL4220779	Activity					Active
CHEMBL2008	CHEMBL4549060	CHEMBL4306856	Activity					Not Active
CHEMBL2008	CHEMBL4463668	CHEMBL4306856	Activity					Not Active
CHEMBL2008	CHEMBL4515368	CHEMBL4308204	Activity					Active
CHEMBL2008	CHEMBL4476449	CHEMBL4308204	Activity					Active
CHEMBL2008	CHEMBL4583953	CHEMBL4308237	Activity					Active
CHEMBL2008	CHEMBL1381178	CHEMBL4334383	Activity					Active
CHEMBL2008	CHEMBL4459692	CHEMBL4401957	EC50	=	2.05	nM	8.69	
CHEMBL2008	CHEMBL38	CHEMBL4414389	EC50	=	38.0	nM	7.42	
CHEMBL2008	CHEMBL5084377	CHEMBL5044833	Activity					Not Active
CHEMBL2008	CHEMBL425027	CHEMBL5121393	EC50	=	6900.0	nM	5.16	
CHEMBL2008	CHEMBL471422	CHEMBL5121393	EC50	=	8000.0	nM	5.10	
CHEMBL2008	CHEMBL5188201	CHEMBL5149348	Emax	=	-11.0	%		
CHEMBL2008	CHEMBL705	CHEMBL5149365	EC50	=	0.8	nM	9.10	
CHEMBL2008	CHEMBL428	CHEMBL5291874	AC50	>	30000.0	nM		"Summarised AC50 (mean value for measurements with a relation sign ""=""; largest value for measurements with relation sign "">"")"
CHEMBL2008	CHEMBL957	CHEMBL5291874	AC50	>	30000.0	nM		"Summarised AC50 (mean value for measurements with a relation sign ""=""; largest value for measurements with relation sign "">"")"
CHEMBL2008	CHEMBL56337	CHEMBL5291874	AC50	>	30000.0	nM		"Summarised AC50 (mean value for measurements with a relation sign ""=""; largest value for measurements with relation sign "">"")"
CHEMBL2008	CHEMBL691	CHEMBL5291874	AC50	>	30000.0	nM		"Summarised AC50 (mean value for measurements with a relation sign ""=""; largest value for measurements with relation sign "">"")"
CHEMBL2008	CHEMBL121	CHEMBL5291874	AC50	>	30000.0	nM		"Summarised AC50 (mean value for measurements with a relation sign ""=""; largest value for measurements with relation sign "">"")"
CHEMBL2008	CHEMBL139	CHEMBL5291874	AC50	>	30000.0	nM		"Summarised AC50 (mean value for measurements with a relation sign ""=""; largest value for measurements with relation sign "">"")"
CHEMBL2008	CHEMBL408	CHEMBL5291874	AC50	>	30000.0	nM		"Summarised AC50 (mean value for measurements with a relation sign ""=""; largest value for measurements with relation sign "">"")"
CHEMBL2008	CHEMBL421	CHEMBL5291874	AC50	>	30000.0	nM		"Summarised AC50 (mean value for measurements with a relation sign ""=""; largest value for measurements with relation sign "">"")"
CHEMBL2008	CHEMBL833	CHEMBL5291874	AC50	>	30000.0	nM		"Summarised AC50 (mean value for measurements with a relation sign ""=""; largest value for measurements with relation sign "">"")"
CHEMBL2008	CHEMBL160	CHEMBL5291874	AC50	>	30000.0	nM		"Summarised AC50 (mean value for measurements with a relation sign ""=""; largest value for measurements with relation sign "">"")"
CHEMBL2008	CHEMBL38	CHEMBL5291874	AC50	=	2100.0	nM	5.68	"Summarised AC50 (mean value for measurements with a relation sign ""=""; largest value for measurements with relation sign "">"")"
CHEMBL2008	CHEMBL1272	CHEMBL5291874	AC50	>	30000.0	nM		"Summarised AC50 (mean value for measurements with a relation sign ""=""; largest value for measurements with relation sign "">"")"
CHEMBL2008	CHEMBL1481	CHEMBL5291874	AC50	>	30000.0	nM		"Summarised AC50 (mean value for measurements with a relation sign ""=""; largest value for measurements with relation sign "">"")"
CHEMBL2008	CHEMBL521	CHEMBL5291874	AC50	>	30000.0	nM		"Summarised AC50 (mean value for measurements with a relation sign ""=""; largest value for measurements with relation sign "">"")"
CHEMBL2008	CHEMBL64391	CHEMBL5291874	AC50	>	30000.0	nM		"Summarised AC50 (mean value for measurements with a relation sign ""=""; largest value for measurements with relation sign "">"")"
CHEMBL2008	CHEMBL1082	CHEMBL5291874	AC50	>	30000.0	nM		"Summarised AC50 (mean value for measurements with a relation sign ""=""; largest value for measurements with relation sign "">"")"
CHEMBL2008	CHEMBL374478	CHEMBL5291874	AC50	>	30000.0	nM		"Summarised AC50 (mean value for measurements with a relation sign ""=""; largest value for measurements with relation sign "">"")"
CHEMBL2008	CHEMBL111	CHEMBL5291874	AC50	>	30000.0	nM		"Summarised AC50 (mean value for measurements with a relation sign ""=""; largest value for measurements with relation sign "">"")"
CHEMBL2008	CHEMBL715	CHEMBL5291874	AC50	>	30000.0	nM		"Summarised AC50 (mean value for measurements with a relation sign ""=""; largest value for measurements with relation sign "">"")"
CHEMBL2008	CHEMBL1487	CHEMBL5291874	AC50	>	30000.0	nM		"Summarised AC50 (mean value for measurements with a relation sign ""=""; largest value for measurements with relation sign "">"")"
CHEMBL2008	CHEMBL1316	CHEMBL5291874	AC50	>	30000.0	nM		"Summarised AC50 (mean value for measurements with a relation sign ""=""; largest value for measurements with relation sign "">"")"
CHEMBL2008	CHEMBL495	CHEMBL5291874	AC50	>	30000.0	nM		"Summarised AC50 (mean value for measurements with a relation sign ""=""; largest value for measurements with relation sign "">"")"
CHEMBL2008	CHEMBL112	CHEMBL5291874	AC50	>	30000.0	nM		"Summarised AC50 (mean value for measurements with a relation sign ""=""; largest value for measurements with relation sign "">"")"
CHEMBL2008	CHEMBL157101	CHEMBL5291874	AC50	>	30000.0	nM		"Summarised AC50 (mean value for measurements with a relation sign ""=""; largest value for measurements with relation sign "">"")"
CHEMBL2008	CHEMBL198362	CHEMBL5291874	AC50	>	30000.0	nM		"Summarised AC50 (mean value for measurements with a relation sign ""=""; largest value for measurements with relation sign "">"")"
CHEMBL2008	CHEMBL383634	CHEMBL5291874	AC50	>	30000.0	nM		"Summarised AC50 (mean value for measurements with a relation sign ""=""; largest value for measurements with relation sign "">"")"
CHEMBL2008	CHEMBL1946170	CHEMBL5291874	AC50	>	30000.0	nM		"Summarised AC50 (mean value for measurements with a relation sign ""=""; largest value for measurements with relation sign "">"")"
CHEMBL2008	CHEMBL1569487	CHEMBL5291874	AC50	>	30000.0	nM		"Summarised AC50 (mean value for measurements with a relation sign ""=""; largest value for measurements with relation sign "">"")"
CHEMBL2008	CHEMBL1324	CHEMBL5291874	AC50	>	30000.0	nM		"Summarised AC50 (mean value for measurements with a relation sign ""=""; largest value for measurements with relation sign "">"")"
CHEMBL2008	CHEMBL603	CHEMBL5291874	AC50	>	30000.0	nM		"Summarised AC50 (mean value for measurements with a relation sign ""=""; largest value for measurements with relation sign "">"")"
CHEMBL2008	CHEMBL1064	CHEMBL5291874	AC50	>	30000.0	nM		"Summarised AC50 (mean value for measurements with a relation sign ""=""; largest value for measurements with relation sign "">"")"
CHEMBL2008	CHEMBL6966	CHEMBL5291874	AC50	>	30000.0	nM		"Summarised AC50 (mean value for measurements with a relation sign ""=""; largest value for measurements with relation sign "">"")"
CHEMBL2008	CHEMBL1292	CHEMBL5291874	AC50	>	30000.0	nM		"Summarised AC50 (mean value for measurements with a relation sign ""=""; largest value for measurements with relation sign "">"")"
CHEMBL2008	CHEMBL404108	CHEMBL5291874	AC50	>	30000.0	nM		"Summarised AC50 (mean value for measurements with a relation sign ""=""; largest value for measurements with relation sign "">"")"
CHEMBL2008	CHEMBL2103772	CHEMBL5291874	AC50	>	30000.0	nM		"Summarised AC50 (mean value for measurements with a relation sign ""=""; largest value for measurements with relation sign "">"")"
CHEMBL2008	CHEMBL535	CHEMBL5291874	AC50	>	3000.0	nM		"Summarised AC50 (mean value for measurements with a relation sign ""=""; largest value for measurements with relation sign "">"")"
CHEMBL2008	CHEMBL56367	CHEMBL5291874	AC50	>	30000.0	nM		"Summarised AC50 (mean value for measurements with a relation sign ""=""; largest value for measurements with relation sign "">"")"
CHEMBL2008	CHEMBL1657	CHEMBL5291874	AC50	>	30000.0	nM		"Summarised AC50 (mean value for measurements with a relation sign ""=""; largest value for measurements with relation sign "">"")"
CHEMBL2008	CHEMBL428	CHEMBL5291875	AC50	=	23000.1	nM	4.64	"Summarised AC50 (mean value for measurements with a relation sign ""=""; largest value for measurements with relation sign "">"")"
CHEMBL2008	CHEMBL957	CHEMBL5291875	AC50	>	30000.0	nM		"Summarised AC50 (mean value for measurements with a relation sign ""=""; largest value for measurements with relation sign "">"")"
CHEMBL2008	CHEMBL56337	CHEMBL5291875	AC50	>	30000.0	nM		"Summarised AC50 (mean value for measurements with a relation sign ""=""; largest value for measurements with relation sign "">"")"
CHEMBL2008	CHEMBL691	CHEMBL5291875	AC50	>	30000.0	nM		"Summarised AC50 (mean value for measurements with a relation sign ""=""; largest value for measurements with relation sign "">"")"
CHEMBL2008	CHEMBL121	CHEMBL5291875	AC50	>	30000.0	nM		"Summarised AC50 (mean value for measurements with a relation sign ""=""; largest value for measurements with relation sign "">"")"
CHEMBL2008	CHEMBL139	CHEMBL5291875	AC50	>	30000.0	nM		"Summarised AC50 (mean value for measurements with a relation sign ""=""; largest value for measurements with relation sign "">"")"
CHEMBL2008	CHEMBL408	CHEMBL5291875	AC50	=	29000.1	nM	4.54	"Summarised AC50 (mean value for measurements with a relation sign ""=""; largest value for measurements with relation sign "">"")"
CHEMBL2008	CHEMBL421	CHEMBL5291875	AC50	>	30000.0	nM		"Summarised AC50 (mean value for measurements with a relation sign ""=""; largest value for measurements with relation sign "">"")"
CHEMBL2008	CHEMBL833	CHEMBL5291875	AC50	>	30000.0	nM		"Summarised AC50 (mean value for measurements with a relation sign ""=""; largest value for measurements with relation sign "">"")"
CHEMBL2008	CHEMBL160	CHEMBL5291875	AC50	=	6000.0	nM	5.22	"Summarised AC50 (mean value for measurements with a relation sign ""=""; largest value for measurements with relation sign "">"")"
CHEMBL2008	CHEMBL1272	CHEMBL5291875	AC50	>	30000.0	nM		"Summarised AC50 (mean value for measurements with a relation sign ""=""; largest value for measurements with relation sign "">"")"
CHEMBL2008	CHEMBL1481	CHEMBL5291875	AC50	>	30000.0	nM		"Summarised AC50 (mean value for measurements with a relation sign ""=""; largest value for measurements with relation sign "">"")"
CHEMBL2008	CHEMBL521	CHEMBL5291875	AC50	=	7500.0	nM	5.12	"Summarised AC50 (mean value for measurements with a relation sign ""=""; largest value for measurements with relation sign "">"")"
CHEMBL2008	CHEMBL64391	CHEMBL5291875	AC50	>	30000.0	nM		"Summarised AC50 (mean value for measurements with a relation sign ""=""; largest value for measurements with relation sign "">"")"
CHEMBL2008	CHEMBL1082	CHEMBL5291875	AC50	=	17999.9	nM	4.75	"Summarised AC50 (mean value for measurements with a relation sign ""=""; largest value for measurements with relation sign "">"")"
CHEMBL2008	CHEMBL374478	CHEMBL5291875	AC50	>	10000.0	nM		"Summarised AC50 (mean value for measurements with a relation sign ""=""; largest value for measurements with relation sign "">"")"
CHEMBL2008	CHEMBL111	CHEMBL5291875	AC50	>	30000.0	nM		"Summarised AC50 (mean value for measurements with a relation sign ""=""; largest value for measurements with relation sign "">"")"
CHEMBL2008	CHEMBL715	CHEMBL5291875	AC50	>	30000.0	nM		"Summarised AC50 (mean value for measurements with a relation sign ""=""; largest value for measurements with relation sign "">"")"
CHEMBL2008	CHEMBL1487	CHEMBL5291875	AC50	>	30000.0	nM		"Summarised AC50 (mean value for measurements with a relation sign ""=""; largest value for measurements with relation sign "">"")"
CHEMBL2008	CHEMBL1316	CHEMBL5291875	AC50	>	30000.0	nM		"Summarised AC50 (mean value for measurements with a relation sign ""=""; largest value for measurements with relation sign "">"")"
CHEMBL2008	CHEMBL495	CHEMBL5291875	AC50	=	23000.1	nM	4.64	"Summarised AC50 (mean value for measurements with a relation sign ""=""; largest value for measurements with relation sign "">"")"
CHEMBL2008	CHEMBL112	CHEMBL5291875	AC50	>	30000.0	nM		"Summarised AC50 (mean value for measurements with a relation sign ""=""; largest value for measurements with relation sign "">"")"
CHEMBL2008	CHEMBL157101	CHEMBL5291875	AC50	=	3300.0	nM	5.48	"Summarised AC50 (mean value for measurements with a relation sign ""=""; largest value for measurements with relation sign "">"")"
CHEMBL2008	CHEMBL198362	CHEMBL5291875	AC50	>	30000.0	nM		"Summarised AC50 (mean value for measurements with a relation sign ""=""; largest value for measurements with relation sign "">"")"
CHEMBL2008	CHEMBL383634	CHEMBL5291875	AC50	=	23999.9	nM	4.62	"Summarised AC50 (mean value for measurements with a relation sign ""=""; largest value for measurements with relation sign "">"")"
CHEMBL2008	CHEMBL1946170	CHEMBL5291875	AC50	>	30000.0	nM		"Summarised AC50 (mean value for measurements with a relation sign ""=""; largest value for measurements with relation sign "">"")"
CHEMBL2008	CHEMBL1569487	CHEMBL5291875	AC50	>	30000.0	nM		"Summarised AC50 (mean value for measurements with a relation sign ""=""; largest value for measurements with relation sign "">"")"
CHEMBL2008	CHEMBL1324	CHEMBL5291875	AC50	=	25999.8	nM	4.58	"Summarised AC50 (mean value for measurements with a relation sign ""=""; largest value for measurements with relation sign "">"")"
CHEMBL2008	CHEMBL603	CHEMBL5291875	AC50	=	12999.9	nM	4.89	"Summarised AC50 (mean value for measurements with a relation sign ""=""; largest value for measurements with relation sign "">"")"
CHEMBL2008	CHEMBL1064	CHEMBL5291875	AC50	>	30000.0	nM		"Summarised AC50 (mean value for measurements with a relation sign ""=""; largest value for measurements with relation sign "">"")"
CHEMBL2008	CHEMBL6966	CHEMBL5291875	AC50	>	30000.0	nM		"Summarised AC50 (mean value for measurements with a relation sign ""=""; largest value for measurements with relation sign "">"")"
CHEMBL2008	CHEMBL1292	CHEMBL5291875	AC50	>	30000.0	nM		"Summarised AC50 (mean value for measurements with a relation sign ""=""; largest value for measurements with relation sign "">"")"
CHEMBL2008	CHEMBL404108	CHEMBL5291875	AC50	>	30000.0	nM		"Summarised AC50 (mean value for measurements with a relation sign ""=""; largest value for measurements with relation sign "">"")"
CHEMBL2008	CHEMBL2103772	CHEMBL5291875	AC50	>	30000.0	nM		"Summarised AC50 (mean value for measurements with a relation sign ""=""; largest value for measurements with relation sign "">"")"
CHEMBL2008	CHEMBL535	CHEMBL5291875	AC50	>	30000.0	nM		"Summarised AC50 (mean value for measurements with a relation sign ""=""; largest value for measurements with relation sign "">"")"
CHEMBL2008	CHEMBL56367	CHEMBL5291875	AC50	>	30000.0	nM		"Summarised AC50 (mean value for measurements with a relation sign ""=""; largest value for measurements with relation sign "">"")"
CHEMBL2008	CHEMBL5415488	CHEMBL5316739	Activity	=	1.0	%		
CHEMBL2008	CHEMBL5433310	CHEMBL5316753	Activity	=	3.0	%		
CHEMBL2008	CHEMBL5418573	CHEMBL5316753	Activity	=	2.0	%		
CHEMBL2008	CHEMBL5417169	CHEMBL5343458	Activity					Not Active
CHEMBL2008	CHEMBL5404648	CHEMBL5378851	Activity					Not Active
CHEMBL2008	CHEMBL5404648	CHEMBL5378881	Activity					Not Active
CHEMBL2008	CHEMBL5404648	CHEMBL5378911	Activity					Not Active
CHEMBL2008	CHEMBL5532117	CHEMBL5500998	Activity					Not Active
CHEMBL2008	CHEMBL5532117	CHEMBL5501009	Inhibition			%		Not Active
CHEMBL2008	CHEMBL5561101	CHEMBL5509176	Activity					Not Active
CHEMBL2008	CHEMBL5561101	CHEMBL5509177	Activity					Not Active
CHEMBL2008	CHEMBL5565773	CHEMBL5541043	Activity					Not Active
CHEMBL2008	CHEMBL2385268	CHEMBL5636234	IC50	=	200.0	nM	6.70	
CHEMBL2008	CHEMBL2385268	CHEMBL5636238	EC50	~	3.0	nM		
CHEMBL2008	CHEMBL2385268	CHEMBL5636239	IC50	~	10.0	nM		
CHEMBL2008	CHEMBL38	CHEMBL5636241	EC50	=	2.0	nM	8.70	
CHEMBL2008	CHEMBL2385268	CHEMBL5636241	EC50	=	7.6	nM	8.12	
CHEMBL2008	CHEMBL81176	CHEMBL5636241	EC50	=	55.0	nM	7.26	
CHEMBL2008	CHEMBL5640022	CHEMBL5636241	EC50	=	25.0	nM	7.60	
CHEMBL2008	CHEMBL344973	CHEMBL5636241	EC50	=	15.0	nM	7.82	
CHEMBL2008	CHEMBL5639513	CHEMBL5636241	EC50	=	75.0	nM	7.12	
CHEMBL2008	CHEMBL2385268	CHEMBL5636244	IC50	>	3300.0	nM		
CHEMBL2008	CHEMBL81176	CHEMBL5636244	IC50	>	3300.0	nM		
CHEMBL2008	CHEMBL2385269	CHEMBL5636244	IC50	=	260.0	nM	6.58	
CHEMBL2008	CHEMBL5640022	CHEMBL5636244	IC50	>	3300.0	nM		
CHEMBL2008	CHEMBL5646569	CHEMBL5636244	IC50	>	3300.0	nM		
CHEMBL2008	CHEMBL5646471	CHEMBL5636244	IC50	=	173.0	nM	6.76	
CHEMBL2008	CHEMBL344973	CHEMBL5636244	IC50	>	3300.0	nM		
CHEMBL2008	CHEMBL5646902	CHEMBL5636244	IC50	>	3300.0	nM		
CHEMBL2008	CHEMBL5639172	CHEMBL5636244	IC50	>	3300.0	nM		
CHEMBL2008	CHEMBL5641574	CHEMBL5636244	IC50	=	840.0	nM	6.08	
CHEMBL2008	CHEMBL5640017	CHEMBL5636244	IC50	>	3300.0	nM		
CHEMBL2008	CHEMBL5647256	CHEMBL5636244	IC50	>	3300.0	nM		
CHEMBL2008	CHEMBL5639386	CHEMBL5636244	IC50	=	730.0	nM	6.14	
CHEMBL2008	CHEMBL5641562	CHEMBL5636244	IC50	>	3300.0	nM		
CHEMBL2008	CHEMBL5641884	CHEMBL5636244	IC50	>	3300.0	nM		
CHEMBL2008	CHEMBL310790	CHEMBL5636244	IC50	>	3300.0	nM		
CHEMBL2008	CHEMBL5640026	CHEMBL5636244	IC50	>	3300.0	nM		
CHEMBL2008	CHEMBL5641860	CHEMBL5636244	IC50	>	3300.0	nM		
CHEMBL2008	CHEMBL5646931	CHEMBL5636244	IC50	=	350.0	nM	6.46	
CHEMBL2008	CHEMBL5647012	CHEMBL5636244	IC50	=	21.0	nM	7.68	
CHEMBL2008	CHEMBL5639513	CHEMBL5636244	IC50	>	3300.0	nM		
CHEMBL2008	CHEMBL5641823	CHEMBL5636244	IC50	>	3300.0	nM		
CHEMBL2008	CHEMBL5647354	CHEMBL5636244	IC50	>	3300.0	nM		
CHEMBL2008	CHEMBL5647040	CHEMBL5636244	IC50	>	3300.0	nM		
CHEMBL2008	CHEMBL5647148	CHEMBL5636244	IC50	>	3300.0	nM		
CHEMBL2008	CHEMBL5647594	CHEMBL5636244	IC50	>	3300.0	nM		
CHEMBL2008	CHEMBL2385268	CHEMBL5636247	Emax	=	72.0	%		
CHEMBL2008	CHEMBL81176	CHEMBL5636247	Emax	=	46.0	%		
CHEMBL2008	CHEMBL2385269	CHEMBL5636247	Emax	=	0.0	%		
CHEMBL2008	CHEMBL5640022	CHEMBL5636247	Emax	=	150.0	%		
CHEMBL2008	CHEMBL5646471	CHEMBL5636247	Emax	=	0.0	%		
CHEMBL2008	CHEMBL344973	CHEMBL5636247	Emax	=	167.0	%		
CHEMBL2008	CHEMBL5639513	CHEMBL5636247	Emax	=	65.0	%		
CHEMBL2008	CHEMBL3414623	CHEMBL5675451	IC50	>	10000.0	nM		
CHEMBL2008	CHEMBL4792252	CHEMBL5715320	Fold activation	=	13.49			
CHEMBL2008	CHEMBL1657	CHEMBL5723391	EC50	=	0.8	nM	9.10	
CHEMBL2008	CHEMBL1265	CHEMBL5723394	EC50	=	2.0	nM	8.70	
CHEMBL2008	CHEMBL25202	CHEMBL5723398	EC50	=	200.0	nM	6.70	
CHEMBL2008	CHEMBL69367	CHEMBL5723401	EC50	=	9.0	nM	8.05	
CHEMBL2008	CHEMBL1180	CHEMBL5723405	EC50	=	226.0	nM	6.65	
CHEMBL2008	CHEMBL191703	CHEMBL5723429	EC50	=	10.0	nM	8.00	
CHEMBL2008	CHEMBL1235644	CHEMBL5723440	EC50	=	360.0	nM	6.44	
CHEMBL2008	CHEMBL5997757	CHEMBL5732270	EC50	=	0.3	nM	9.52	636328
CHEMBL2008	CHEMBL5997757	CHEMBL5732270	kon	=				636328
CHEMBL2008	CHEMBL5997757	CHEMBL5732270	k_off	=		s-1		636328
CHEMBL2008	CHEMBL1235644	CHEMBL5735631	EC50	=	1.88	nM	8.73	944914
CHEMBL2008	CHEMBL1235644	CHEMBL5735631	kon	=				944914
CHEMBL2008	CHEMBL1235644	CHEMBL5735631	k_off	=		s-1		944914
CHEMBL2008	CHEMBL4459692	CHEMBL5735631	EC50	=	1.94	nM	8.71	944917
CHEMBL2008	CHEMBL4459692	CHEMBL5735631	kon	=				944917
CHEMBL2008	CHEMBL4459692	CHEMBL5735631	k_off	=		s-1		944917
CHEMBL2008	CHEMBL5913925	CHEMBL5735631	EC50	=	11.4	nM	7.94	944920
CHEMBL2008	CHEMBL5913925	CHEMBL5735631	kon	=				944920
CHEMBL2008	CHEMBL5913925	CHEMBL5735631	k_off	=		s-1		944920
CHEMBL2008	CHEMBL5940856	CHEMBL5735631	EC50	=	16.0	nM	7.80	944923
CHEMBL2008	CHEMBL5940856	CHEMBL5735631	kon	=				944923
CHEMBL2008	CHEMBL5940856	CHEMBL5735631	k_off	=		s-1		944923
CHEMBL2008	CHEMBL5918147	CHEMBL5735631	EC50	=	10.0	nM	8.00	944926
CHEMBL2008	CHEMBL5918147	CHEMBL5735631	kon	=				944926
CHEMBL2008	CHEMBL5918147	CHEMBL5735631	k_off	=		s-1		944926
CHEMBL2008	CHEMBL5831421	CHEMBL5735631	EC50	=	23.0	nM	7.64	944927
CHEMBL2008	CHEMBL5831421	CHEMBL5735631	kon	=				944927
CHEMBL2008	CHEMBL5831421	CHEMBL5735631	k_off	=		s-1		944927
CHEMBL2008	CHEMBL4469143	CHEMBL5735631	EC50	=	14.0	nM	7.85	944930
CHEMBL2008	CHEMBL4469143	CHEMBL5735631	kon	=				944930
CHEMBL2008	CHEMBL4469143	CHEMBL5735631	k_off	=		s-1		944930
CHEMBL2008	CHEMBL4449668	CHEMBL5735631	EC50	=	2.2	nM	8.66	944933
CHEMBL2008	CHEMBL4449668	CHEMBL5735631	kon	=				944933
CHEMBL2008	CHEMBL4449668	CHEMBL5735631	k_off	=		s-1		944933
CHEMBL2008	CHEMBL5946099	CHEMBL5735631	EC50	=	1.9	nM	8.72	944936
CHEMBL2008	CHEMBL5946099	CHEMBL5735631	kon	=				944936
CHEMBL2008	CHEMBL5946099	CHEMBL5735631	k_off	=		s-1		944936
CHEMBL2008	CHEMBL5862926	CHEMBL5735631	EC50	=	4.2	nM	8.38	944939
CHEMBL2008	CHEMBL5862926	CHEMBL5735631	kon	=				944939
CHEMBL2008	CHEMBL5862926	CHEMBL5735631	k_off	=		s-1		944939
CHEMBL2008	CHEMBL5947674	CHEMBL5735631	EC50	=	2.9	nM	8.54	944942
CHEMBL2008	CHEMBL5947674	CHEMBL5735631	kon	=				944942
CHEMBL2008	CHEMBL5947674	CHEMBL5735631	k_off	=		s-1		944942
CHEMBL2008	CHEMBL6005408	CHEMBL5735631	EC50	=	4.3	nM	8.37	944945
CHEMBL2008	CHEMBL6005408	CHEMBL5735631	kon	=				944945
CHEMBL2008	CHEMBL6005408	CHEMBL5735631	k_off	=		s-1		944945
CHEMBL2008	CHEMBL5928608	CHEMBL5735631	EC50	=	17.0	nM	7.77	944948
CHEMBL2008	CHEMBL5928608	CHEMBL5735631	kon	=				944948
CHEMBL2008	CHEMBL5928608	CHEMBL5735631	k_off	=		s-1		944948
CHEMBL2008	CHEMBL5830474	CHEMBL5735631	EC50	=	16.0	nM	7.80	944951
CHEMBL2008	CHEMBL5830474	CHEMBL5735631	kon	=				944951
CHEMBL2008	CHEMBL5830474	CHEMBL5735631	k_off	=		s-1		944951
CHEMBL2008	CHEMBL5899376	CHEMBL5735631	EC50	=	2.0	nM	8.70	944954
CHEMBL2008	CHEMBL5899376	CHEMBL5735631	kon	=				944954
CHEMBL2008	CHEMBL5899376	CHEMBL5735631	k_off	=		s-1		944954
CHEMBL2008	CHEMBL5840509	CHEMBL5735631	EC50	=	2.9	nM	8.54	944957
CHEMBL2008	CHEMBL5840509	CHEMBL5735631	kon	=				944957
CHEMBL2008	CHEMBL5840509	CHEMBL5735631	k_off	=		s-1		944957
CHEMBL2008	CHEMBL5818566	CHEMBL5735631	EC50	=	2.7	nM	8.57	944960
CHEMBL2008	CHEMBL5818566	CHEMBL5735631	kon	=				944960
CHEMBL2008	CHEMBL5818566	CHEMBL5735631	k_off	=		s-1		944960
CHEMBL2008	CHEMBL5957972	CHEMBL5735631	EC50	=	7.4	nM	8.13	944963
CHEMBL2008	CHEMBL5957972	CHEMBL5735631	kon	=				944963
CHEMBL2008	CHEMBL5957972	CHEMBL5735631	k_off	=		s-1		944963
CHEMBL2008	CHEMBL5816018	CHEMBL5735631	EC50	=	41.0	nM	7.39	944966
CHEMBL2008	CHEMBL5816018	CHEMBL5735631	kon	=				944966
CHEMBL2008	CHEMBL5816018	CHEMBL5735631	k_off	=		s-1		944966
CHEMBL2008	CHEMBL4439399	CHEMBL5735631	EC50	=	2.5	nM	8.60	944969
CHEMBL2008	CHEMBL4439399	CHEMBL5735631	kon	=				944969
CHEMBL2008	CHEMBL4439399	CHEMBL5735631	k_off	=		s-1		944969
CHEMBL2008	CHEMBL5941402	CHEMBL5735631	EC50	=	8.0	nM	8.10	944972
CHEMBL2008	CHEMBL5941402	CHEMBL5735631	kon	=				944972
CHEMBL2008	CHEMBL5941402	CHEMBL5735631	k_off	=		s-1		944972
CHEMBL2008	CHEMBL4438880	CHEMBL5735631	EC50	=	3.4	nM	8.47	944975
CHEMBL2008	CHEMBL4438880	CHEMBL5735631	kon	=				944975
CHEMBL2008	CHEMBL4438880	CHEMBL5735631	k_off	=		s-1		944975
CHEMBL2008	CHEMBL5833730	CHEMBL5735631	EC50	=	16.0	nM	7.80	944978
CHEMBL2008	CHEMBL5833730	CHEMBL5735631	kon	=				944978
CHEMBL2008	CHEMBL5833730	CHEMBL5735631	k_off	=		s-1		944978
CHEMBL2008	CHEMBL4562084	CHEMBL5735631	EC50	=	11.0	nM	7.96	944981
CHEMBL2008	CHEMBL4562084	CHEMBL5735631	kon	=				944981
CHEMBL2008	CHEMBL4562084	CHEMBL5735631	k_off	=		s-1		944981
CHEMBL2008	CHEMBL5798215	CHEMBL5735631	EC50	=	24.0	nM	7.62	944984
CHEMBL2008	CHEMBL5798215	CHEMBL5735631	kon	=				944984
CHEMBL2008	CHEMBL5798215	CHEMBL5735631	k_off	=		s-1		944984
CHEMBL2008	CHEMBL5901116	CHEMBL5735631	EC50	=	41.0	nM	7.39	944987
CHEMBL2008	CHEMBL5901116	CHEMBL5735631	kon	=				944987
CHEMBL2008	CHEMBL5901116	CHEMBL5735631	k_off	=		s-1		944987
CHEMBL2008	CHEMBL5931168	CHEMBL5735631	EC50	=	13.0	nM	7.89	944990
CHEMBL2008	CHEMBL5931168	CHEMBL5735631	kon	=				944990
CHEMBL2008	CHEMBL5931168	CHEMBL5735631	k_off	=		s-1		944990
CHEMBL2008	CHEMBL5801049	CHEMBL5735631	EC50	=	9.0	nM	8.05	944993
CHEMBL2008	CHEMBL5801049	CHEMBL5735631	kon	=				944993
CHEMBL2008	CHEMBL5801049	CHEMBL5735631	k_off	=		s-1		944993
CHEMBL2008	CHEMBL6032942	CHEMBL5735631	EC50	=	8.2	nM	8.09	944996
CHEMBL2008	CHEMBL6032942	CHEMBL5735631	kon	=				944996
CHEMBL2008	CHEMBL6032942	CHEMBL5735631	k_off	=		s-1		944996
CHEMBL2008	CHEMBL5935299	CHEMBL5735631	EC50	=	14.0	nM	7.85	944999
CHEMBL2008	CHEMBL5935299	CHEMBL5735631	kon	=				944999
CHEMBL2008	CHEMBL5935299	CHEMBL5735631	k_off	=		s-1		944999
CHEMBL2008	CHEMBL5799955	CHEMBL5735631	EC50	=	10.0	nM	8.00	945002
CHEMBL2008	CHEMBL5799955	CHEMBL5735631	kon	=				945002
CHEMBL2008	CHEMBL5799955	CHEMBL5735631	k_off	=		s-1		945002
CHEMBL2008	CHEMBL5835788	CHEMBL5735631	EC50	=	17.0	nM	7.77	945005
CHEMBL2008	CHEMBL5835788	CHEMBL5735631	kon	=				945005
CHEMBL2008	CHEMBL5835788	CHEMBL5735631	k_off	=		s-1		945005
CHEMBL2008	CHEMBL5888315	CHEMBL5735631	EC50	=	8.1	nM	8.09	945008
CHEMBL2008	CHEMBL5888315	CHEMBL5735631	kon	=				945008
CHEMBL2008	CHEMBL5888315	CHEMBL5735631	k_off	=		s-1		945008
CHEMBL2008	CHEMBL5873579	CHEMBL5735631	EC50	=	13.0	nM	7.89	945011
CHEMBL2008	CHEMBL5873579	CHEMBL5735631	kon	=				945011
CHEMBL2008	CHEMBL5873579	CHEMBL5735631	k_off	=		s-1		945011
CHEMBL2008	CHEMBL5905886	CHEMBL5735631	EC50	=	20.0	nM	7.70	945014
CHEMBL2008	CHEMBL5905886	CHEMBL5735631	kon	=				945014
CHEMBL2008	CHEMBL5905886	CHEMBL5735631	k_off	=		s-1		945014
CHEMBL2008	CHEMBL5831550	CHEMBL5735631	EC50	=	67.0	nM	7.17	945017
CHEMBL2008	CHEMBL5831550	CHEMBL5735631	kon	=				945017
CHEMBL2008	CHEMBL5831550	CHEMBL5735631	k_off	=		s-1		945017
CHEMBL2008	CHEMBL5862215	CHEMBL5735631	EC50	=	28.0	nM	7.55	945020
CHEMBL2008	CHEMBL5862215	CHEMBL5735631	kon	=				945020
CHEMBL2008	CHEMBL5862215	CHEMBL5735631	k_off	=		s-1		945020
CHEMBL2008	CHEMBL5837674	CHEMBL5735631	EC50	=	45.0	nM	7.35	945023
CHEMBL2008	CHEMBL5837674	CHEMBL5735631	kon	=				945023
CHEMBL2008	CHEMBL5837674	CHEMBL5735631	k_off	=		s-1		945023
CHEMBL2008	CHEMBL5890168	CHEMBL5735631	EC50	=	5.1	nM	8.29	945026
CHEMBL2008	CHEMBL5890168	CHEMBL5735631	kon	=				945026
CHEMBL2008	CHEMBL5890168	CHEMBL5735631	k_off	=		s-1		945026
CHEMBL2008	CHEMBL5861416	CHEMBL5735631	EC50	=	3.6	nM	8.44	945029
CHEMBL2008	CHEMBL5861416	CHEMBL5735631	kon	=				945029
CHEMBL2008	CHEMBL5861416	CHEMBL5735631	k_off	=		s-1		945029
CHEMBL2008	CHEMBL5919236	CHEMBL5735631	EC50	=	11.0	nM	7.96	945032
CHEMBL2008	CHEMBL5919236	CHEMBL5735631	kon	=				945032
CHEMBL2008	CHEMBL5919236	CHEMBL5735631	k_off	=		s-1		945032
CHEMBL2008	CHEMBL5967033	CHEMBL5735631	EC50	=	4.3	nM	8.37	945035
CHEMBL2008	CHEMBL5967033	CHEMBL5735631	kon	=				945035
CHEMBL2008	CHEMBL5967033	CHEMBL5735631	k_off	=		s-1		945035
CHEMBL2008	CHEMBL5940771	CHEMBL5735631	EC50	=	3.1	nM	8.51	945038
CHEMBL2008	CHEMBL5940771	CHEMBL5735631	kon	=				945038
CHEMBL2008	CHEMBL5940771	CHEMBL5735631	k_off	=		s-1		945038
CHEMBL2008	CHEMBL5820942	CHEMBL5735631	EC50	=	5.2	nM	8.28	945041
CHEMBL2008	CHEMBL5820942	CHEMBL5735631	kon	=				945041
CHEMBL2008	CHEMBL5820942	CHEMBL5735631	k_off	=		s-1		945041
CHEMBL2008	CHEMBL5877402	CHEMBL5735631	EC50	=	2.0	nM	8.70	945044
CHEMBL2008	CHEMBL5877402	CHEMBL5735631	kon	=				945044
CHEMBL2008	CHEMBL5877402	CHEMBL5735631	k_off	=		s-1		945044
CHEMBL2008	CHEMBL5941968	CHEMBL5735631	EC50	=	4.0	nM	8.40	945047
CHEMBL2008	CHEMBL5941968	CHEMBL5735631	kon	=				945047
CHEMBL2008	CHEMBL5941968	CHEMBL5735631	k_off	=		s-1		945047
CHEMBL2003	CHEMBL111217	CHEMBL807687	Ki	>	10000.0	nM		
CHEMBL2003	CHEMBL130231	CHEMBL807687	Ki	>	10000.0	nM		
CHEMBL2003	CHEMBL337393	CHEMBL807687	Ki	>	10000.0	nM		
CHEMBL2003	CHEMBL131826	CHEMBL807687	Ki	>	10000.0	nM		
CHEMBL2003	CHEMBL335242	CHEMBL807687	Ki	>	10000.0	nM		
CHEMBL2003	CHEMBL131122	CHEMBL798147	Ki	>	10000.0	nM		
CHEMBL2003	CHEMBL157398	CHEMBL801571	Relative IC50	>	1000.0	nM		
CHEMBL2003	CHEMBL157398	CHEMBL659138	Relative EC30	=	5250.0	nM		
CHEMBL2003	CHEMBL130317	CHEMBL807688	Ki	>	10000.0	nM		
CHEMBL2003	CHEMBL130232	CHEMBL807687	Ki	>	10000.0	nM		
CHEMBL2003	CHEMBL38	CHEMBL806262	IC50	=	0.62	nM	9.21	
CHEMBL2003	CHEMBL38	CHEMBL654649	EC30	=	0.18	nM		
CHEMBL2003	CHEMBL133915	CHEMBL807687	Ki	>	10000.0	nM		
CHEMBL2003	CHEMBL348635	CHEMBL801571	Relative IC50	>	1000.0	nM		
CHEMBL2003	CHEMBL348635	CHEMBL659139	Relative EC30	>	10000.0	nM		
CHEMBL2003	CHEMBL422088	CHEMBL807687	Ki	=	8764.0	nM	5.06	
CHEMBL2003	CHEMBL158065	CHEMBL801571	Relative IC50	>	1000.0	nM		
CHEMBL2003	CHEMBL158065	CHEMBL659138	Relative EC30	=	3600.0	nM		
CHEMBL2003	CHEMBL42314	CHEMBL807687	Ki	>	9513.0	nM		
CHEMBL2003	CHEMBL133896	CHEMBL807687	Ki	>	10000.0	nM		
CHEMBL2003	CHEMBL160622	CHEMBL801571	Relative IC50	=	910.0	nM		
CHEMBL2003	CHEMBL160622	CHEMBL659138	Relative EC30	=	88.0	nM		
CHEMBL2003	CHEMBL424269	CHEMBL807687	Ki	>	10000.0	nM		
CHEMBL2003	CHEMBL156696	CHEMBL801571	Relative IC50	>	1000.0	nM		
CHEMBL2003	CHEMBL156696	CHEMBL659139	Relative EC30	>	10000.0	nM		
CHEMBL2003	CHEMBL158064	CHEMBL801571	Relative IC50	=	227.0	nM		
CHEMBL2003	CHEMBL158064	CHEMBL659138	Relative EC30	=	660.0	nM		
CHEMBL2003	CHEMBL132568	CHEMBL807687	Ki	>	1000.0	nM		
CHEMBL2003	CHEMBL156929	CHEMBL801571	Relative IC50	>	1000.0	nM		
CHEMBL2003	CHEMBL156929	CHEMBL659138	Relative EC30	=	2200.0	nM		
CHEMBL2003	CHEMBL288436	CHEMBL807687	Ki	=	9901.0	nM	5.00	
CHEMBL2003	CHEMBL130374	CHEMBL807687	Ki	>	10000.0	nM		
CHEMBL2003	CHEMBL156299	CHEMBL801571	Relative IC50	>	1000.0	nM		
CHEMBL2003	CHEMBL156299	CHEMBL659139	Relative EC30	>	10000.0	nM		
CHEMBL2003	CHEMBL424639	CHEMBL807687	Ki	>	10000.0	nM		
CHEMBL2003	CHEMBL160376	CHEMBL801571	Relative IC50	=	0.67	nM		
CHEMBL2003	CHEMBL160376	CHEMBL659138	Relative EC30	=	0.24	nM		
CHEMBL2003	CHEMBL156356	CHEMBL801571	Relative IC50	>	1000.0	nM		
CHEMBL2003	CHEMBL156356	CHEMBL659139	Relative EC30	>	10000.0	nM		
CHEMBL2003	CHEMBL7301	CHEMBL806272	Ki	>	400.0	nM		
CHEMBL2003	CHEMBL38	CHEMBL806272	Ki	=	0.7	nM	9.15	
CHEMBL2003	CHEMBL100439	CHEMBL806473	Relative IC50					Not Determined
CHEMBL2003	CHEMBL100439	CHEMBL806472	Relative EC30	=	840.0	nM		
CHEMBL2003	CHEMBL98249	CHEMBL806473	Relative IC50					Not Determined
CHEMBL2003	CHEMBL98249	CHEMBL806472	Relative EC30	=	3700.0	nM		
CHEMBL2003	CHEMBL38	CHEMBL806474	Relative IC50	=	0.41	nM		
CHEMBL2003	CHEMBL38	CHEMBL699009	Relative EC30	=	0.26	nM		
CHEMBL2003	CHEMBL100131	CHEMBL806473	Relative IC50					Not Determined
CHEMBL2003	CHEMBL100131	CHEMBL806472	Relative EC30	=	890.0	nM		
CHEMBL2003	CHEMBL98580	CHEMBL806473	Relative IC50					Not Determined
CHEMBL2003	CHEMBL98580	CHEMBL806472	Relative EC30	=	2900.0	nM		
CHEMBL2003	CHEMBL48353	CHEMBL806473	Relative IC50					Not Determined
CHEMBL2003	CHEMBL48353	CHEMBL806472	Relative EC30	=	240.0	nM		
CHEMBL2003	CHEMBL98218	CHEMBL806473	Relative IC50					Not Determined
CHEMBL2003	CHEMBL98218	CHEMBL806472	Relative EC30	=	2000.0	nM		
CHEMBL2003	CHEMBL290478	CHEMBL806272	Ki	>	4000.0	nM		
CHEMBL2003	CHEMBL46229	CHEMBL806473	Relative IC50					Not Determined
CHEMBL2003	CHEMBL46229	CHEMBL806472	Relative EC30	=	820.0	nM		
CHEMBL2003	CHEMBL430677	CHEMBL806473	Relative IC50					Not Determined
CHEMBL2003	CHEMBL430677	CHEMBL806472	Relative EC30	=	110.0	nM		
CHEMBL2003	CHEMBL98263	CHEMBL806473	Relative IC50					Not Determined
CHEMBL2003	CHEMBL98263	CHEMBL806472	Relative EC30	=	1000.0	nM		
CHEMBL2003	CHEMBL78535	CHEMBL806473	Relative IC50					Not Determined
CHEMBL2003	CHEMBL78535	CHEMBL806472	Relative EC30	=	1750.0	nM		
CHEMBL2003	CHEMBL297022	CHEMBL806473	Relative IC50					Not Determined
CHEMBL2003	CHEMBL297022	CHEMBL806472	Relative EC30	=	480.0	nM		
CHEMBL2003	CHEMBL40007	CHEMBL772406	Activity	=	53.0	%		
CHEMBL2003	CHEMBL40007	CHEMBL772407	EC50	=	550.0	nM	6.26	
CHEMBL2003	CHEMBL86893	CHEMBL772406	Activity	=	18.0	%		
CHEMBL2003	CHEMBL86893	CHEMBL772407	EC50	=	2700.0	nM	5.57	
CHEMBL2003	CHEMBL89253	CHEMBL772406	Activity	=	24.0	%		
CHEMBL2003	CHEMBL89253	CHEMBL772407	EC50	=	100.0	nM	7.00	
CHEMBL2003	CHEMBL415449	CHEMBL772406	Activity	=	38.0	%		
CHEMBL2003	CHEMBL415449	CHEMBL772407	EC50	=	1100.0	nM	5.96	
CHEMBL2003	CHEMBL285179	CHEMBL772406	Activity	=	74.0	%		
CHEMBL2003	CHEMBL285179	CHEMBL772407	EC50	=	19.0	nM	7.72	
CHEMBL2003	CHEMBL86663	CHEMBL772406	Activity	=	76.0	%		
CHEMBL2003	CHEMBL86663	CHEMBL772407	EC50	=	700.0	nM	6.16	
CHEMBL2003	CHEMBL39344	CHEMBL772406	Activity	=	76.0	%		
CHEMBL2003	CHEMBL39344	CHEMBL772407	EC50	=	30.0	nM	7.52	
CHEMBL2003	CHEMBL73321	CHEMBL772406	Activity	=	96.0	%		
CHEMBL2003	CHEMBL73321	CHEMBL772407	EC50	=	47.0	nM	7.33	
CHEMBL2003	CHEMBL313742	CHEMBL772406	Activity	=	27.0	%		
CHEMBL2003	CHEMBL313742	CHEMBL772407	EC50	=	1300.0	nM	5.89	
CHEMBL2003	CHEMBL705	CHEMBL772406	Activity	=	127.0	%		
CHEMBL2003	CHEMBL705	CHEMBL772407	EC50	=	12.0	nM	7.92	
CHEMBL2003	CHEMBL275311	CHEMBL772406	Activity	=	112.0	%		
CHEMBL2003	CHEMBL275311	CHEMBL772407	EC50	=	24.0	nM	7.62	
CHEMBL2003	CHEMBL87147	CHEMBL772406	Activity	=	68.0	%		
CHEMBL2003	CHEMBL87147	CHEMBL772407	EC50	=	1500.0	nM	5.82	
CHEMBL2003	CHEMBL26129	CHEMBL772406	Activity	=	57.0	%		
CHEMBL2003	CHEMBL26129	CHEMBL772407	EC50	=	2000.0	nM	5.70	
CHEMBL2003	CHEMBL38	CHEMBL772406	Activity	=	98.0	%		
CHEMBL2003	CHEMBL38	CHEMBL772407	EC50	=	8.0	nM	8.10	
CHEMBL2003	CHEMBL284264	CHEMBL772406	Activity	=	107.0	%		
CHEMBL2003	CHEMBL284264	CHEMBL772407	EC50	=	35.0	nM	7.46	
CHEMBL2003	CHEMBL36718	CHEMBL772406	Activity	=	87.0	%		
CHEMBL2003	CHEMBL36718	CHEMBL772407	EC50	=	210.0	nM	6.68	
CHEMBL2003	CHEMBL84681	CHEMBL772406	Activity	=	8.0	%		
CHEMBL2003	CHEMBL84681	CHEMBL772407	EC50	=	70.0	nM	7.16	
CHEMBL2003	CHEMBL1265	CHEMBL798023	Ki	=	130.0	nM	6.89	
CHEMBL2003	CHEMBL75311	CHEMBL798023	Ki	>	3000.0	nM		
CHEMBL2003	CHEMBL75527	CHEMBL798023	Ki	=	1036.0	nM	5.99	
CHEMBL2003	CHEMBL350485	CHEMBL806267	Kd	=	4.0	nM	8.40	
CHEMBL2003	CHEMBL350485	CHEMBL806259	IC50	=	31.0	nM	7.51	
CHEMBL2003	CHEMBL350485	CHEMBL883534	Efficacy	=	97.0	%		
CHEMBL2003	CHEMBL75732	CHEMBL798023	Ki	=	174.0	nM	6.76	
CHEMBL2003	CHEMBL424190	CHEMBL806267	Kd	=	5.0	nM	8.30	
CHEMBL2003	CHEMBL424190	CHEMBL806259	IC50	=	331.0	nM	6.48	
CHEMBL2003	CHEMBL424190	CHEMBL883534	Efficacy	=	95.0	%		
CHEMBL2003	CHEMBL308170	CHEMBL798023	Ki	=	531.0	nM	6.28	
CHEMBL2003	CHEMBL74218	CHEMBL798023	Ki	=	200.0	nM	6.70	
CHEMBL2003	CHEMBL38	CHEMBL804945	EC50	=	6.0	nM	8.22	
CHEMBL2003	CHEMBL38	CHEMBL806267	Kd	=	16.0	nM	7.80	
CHEMBL2003	CHEMBL349018	CHEMBL806267	Kd	=	21.0	nM	7.68	
CHEMBL2003	CHEMBL349018	CHEMBL806259	IC50	=	5.0	nM	8.30	
CHEMBL2003	CHEMBL349018	CHEMBL883534	Efficacy	=	96.0	%		
CHEMBL2003	CHEMBL349935	CHEMBL806267	Kd	=	36.0	nM	7.44	
CHEMBL2003	CHEMBL349935	CHEMBL806259	IC50	=	3.0	nM	8.52	
CHEMBL2003	CHEMBL349935	CHEMBL883534	Efficacy	=	95.0	%		
CHEMBL2003	CHEMBL75048	CHEMBL798023	Ki	=	148.0	nM	6.83	
CHEMBL2003	CHEMBL165843	CHEMBL804945	EC50	=	4.0	nM	8.40	
CHEMBL2003	CHEMBL165843	CHEMBL806267	Kd	=	26.0	nM	7.58	
CHEMBL2003	CHEMBL151870	CHEMBL804945	EC50	=	10.0	nM	8.00	
CHEMBL2003	CHEMBL151870	CHEMBL806267	Kd	=	190.0	nM	6.72	
CHEMBL2003	CHEMBL358145	CHEMBL806267	Kd	=	6.0	nM	8.22	
CHEMBL2003	CHEMBL358145	CHEMBL806259	IC50	=	3.0	nM	8.52	
CHEMBL2003	CHEMBL358145	CHEMBL883534	Efficacy	=	98.0	%		
CHEMBL2003	CHEMBL164176	CHEMBL806267	Kd	>	1000.0	nM		
CHEMBL2003	CHEMBL75848	CHEMBL798023	Ki	=	19.0	nM	7.72	
CHEMBL2003	CHEMBL25361	CHEMBL798023	Ki	=	40.0	nM	7.40	
CHEMBL2003	CHEMBL74331	CHEMBL798026	Ki	=	32.0	nM	7.50	
CHEMBL2003	CHEMBL38	CHEMBL798026	Ki	=	0.6	nM	9.22	
CHEMBL2003	CHEMBL73973	CHEMBL798026	Ki	>	4000.0	nM		
CHEMBL2003	CHEMBL275311	CHEMBL804943	EC50	=	2.4	nM	8.62	
CHEMBL2003	CHEMBL151870	CHEMBL804943	EC50	=	10.0	nM	8.00	
CHEMBL2003	CHEMBL44478	CHEMBL804943	EC50	=	6.0	nM	8.22	
CHEMBL2003	CHEMBL147335	CHEMBL804944	EC50	>	10000.0	nM		
CHEMBL2003	CHEMBL150583	CHEMBL804944	EC50	>	10000.0	nM		
CHEMBL2003	CHEMBL150691	CHEMBL804943	EC50	>	15.0	nM		
CHEMBL2003	CHEMBL38	CHEMBL804943	EC50	=	0.5	nM	9.30	
CHEMBL2003	CHEMBL111983	CHEMBL804942	Activity	=	22.0	%		
CHEMBL2003	CHEMBL111911	CHEMBL804942	Activity	=	12.0	%		
CHEMBL2003	CHEMBL115763	CHEMBL804942	Activity	=	1.0	%		
CHEMBL2003	CHEMBL112715	CHEMBL804942	Activity	=	0.0	%		
CHEMBL2003	CHEMBL101308	CHEMBL804942	Activity	=	33.0	%		
CHEMBL2003	CHEMBL115164	CHEMBL804942	Activity	=	5.0	%		
CHEMBL2003	CHEMBL414233	CHEMBL804942	Activity	=	22.0	%		
CHEMBL2003	CHEMBL423654	CHEMBL618435	AC50	>	1000.0	nM		
CHEMBL2003	CHEMBL423654	CHEMBL801575	Activation	=	20.0	%		
CHEMBL2003	CHEMBL25337	CHEMBL618435	AC50	<	1.0	nM		
CHEMBL2003	CHEMBL25337	CHEMBL801575	Activation	=	88.0	%		
CHEMBL2003	CHEMBL114319	CHEMBL804942	Activity	=	1.0	%		
CHEMBL2003	CHEMBL27226	CHEMBL618435	AC50	<	1.0	nM		
CHEMBL2003	CHEMBL27226	CHEMBL801575	Activation	=	93.0	%		
CHEMBL2003	CHEMBL705	CHEMBL804942	Activity	=	100.0	%		
CHEMBL2003	CHEMBL116859	CHEMBL804942	Activity	=	35.0	%		
CHEMBL2003	CHEMBL1023	CHEMBL804942	Activity	=	9.0	%		
CHEMBL2003	CHEMBL25038	CHEMBL618435	AC50	=	220.0	nM	6.66	
CHEMBL2003	CHEMBL25038	CHEMBL801575	Activation	=	69.0	%		
CHEMBL2003	CHEMBL25088	CHEMBL618435	AC50	=	1.0	nM	9.00	
CHEMBL2003	CHEMBL25088	CHEMBL801575	Activation	=	87.0	%		
CHEMBL2003	CHEMBL115050	CHEMBL804942	Activity	=	48.0	%		
CHEMBL2003	CHEMBL428708	CHEMBL618435	AC50	=	1000.0	nM	6.00	
CHEMBL2003	CHEMBL428708	CHEMBL801575	Activation	=	5.0	%		
CHEMBL2003	CHEMBL418570	CHEMBL618435	AC50	=	2.3	nM	8.64	
CHEMBL2003	CHEMBL418570	CHEMBL801575	Activation	=	99.0	%		
CHEMBL2003	CHEMBL24966	CHEMBL804942	Activity	=	0.0	%		
CHEMBL2003	CHEMBL25361	CHEMBL618435	AC50	=	68.0	nM	7.17	
CHEMBL2003	CHEMBL25361	CHEMBL801575	Activation	=	95.0	%		
CHEMBL2003	CHEMBL96184	CHEMBL804942	Activity	=	320.0	%		
CHEMBL2003	CHEMBL323626	CHEMBL804942	Activity	=	7.0	%		
CHEMBL2003	CHEMBL275311	CHEMBL618435	AC50	=	26.0	nM	7.58	
CHEMBL2003	CHEMBL275311	CHEMBL801575	Activation	=	75.0	%		
CHEMBL2003	CHEMBL115558	CHEMBL804942	Activity	=	16.0	%		
CHEMBL2003	CHEMBL38	CHEMBL804942	Activity	=	73.0	%		
CHEMBL2003	CHEMBL326766	CHEMBL804942	Activity	=	15.0	%		
CHEMBL2003	CHEMBL113975	CHEMBL804942	Activity	=	0.0	%		
CHEMBL2003	CHEMBL114880	CHEMBL804942	Activity	=	20.0	%		
CHEMBL2003	CHEMBL113865	CHEMBL804942	Activity	=	14.0	%		
CHEMBL2003	CHEMBL113864	CHEMBL804942	Activity	=	5.0	%		
CHEMBL2003	CHEMBL114390	CHEMBL804942	Activity	=	11.0	%		
CHEMBL2003	CHEMBL98172	CHEMBL804942	Activity	=	20.0	%		
CHEMBL2003	CHEMBL326855	CHEMBL804942	Activity	=	9.0	%		
CHEMBL2003	CHEMBL705	CHEMBL807693	EC50	=	6.0	nM	8.22	
CHEMBL2003	CHEMBL96829	CHEMBL807693	EC50	>	0.001	nM		
CHEMBL2003	CHEMBL92926	CHEMBL807693	EC50	=	374.0	nM	6.43	
CHEMBL2003	CHEMBL93628	CHEMBL807693	EC50	>	0.001	nM		
CHEMBL2003	CHEMBL32505	CHEMBL807693	EC50	=	152.0	nM	6.82	
CHEMBL2003	CHEMBL91718	CHEMBL807693	EC50	=	37.0	nM	7.43	
CHEMBL2003	CHEMBL38	CHEMBL807693	EC50	=	0.5	nM	9.30	
CHEMBL2003	CHEMBL275311	CHEMBL807693	EC50	=	2.4	nM	8.62	
CHEMBL2003	CHEMBL316336	CHEMBL807693	EC50	>	0.001	nM		
CHEMBL2003	CHEMBL93985	CHEMBL807693	EC50	>	0.001	nM		
CHEMBL2003	CHEMBL347411	CHEMBL806266	Kd	>	0.001	nM		
CHEMBL2003	CHEMBL107555	CHEMBL798021	Ki	>	10000.0	nM		
CHEMBL2003	CHEMBL284167	CHEMBL772394	EC50	=	91.0	nM	7.04	
CHEMBL2003	CHEMBL2114394	CHEMBL772395	EC50			nM		Not Active
CHEMBL2003	CHEMBL110195	CHEMBL798021	Ki	>	10000.0	nM		
CHEMBL2003	CHEMBL284937	CHEMBL772394	EC50	=	195.0	nM	6.71	
CHEMBL2003	CHEMBL42314	CHEMBL798021	Ki	>	10000.0	nM		
CHEMBL2003	CHEMBL111217	CHEMBL798021	Ki	>	10000.0	nM		
CHEMBL2003	CHEMBL705	CHEMBL772394	EC50	=	6.0	nM	8.22	
CHEMBL2003	CHEMBL705	CHEMBL806266	Kd	=	148.0	nM	6.83	
CHEMBL2003	CHEMBL325592	CHEMBL798021	Ki	>	10000.0	nM		
CHEMBL2003	CHEMBL36464	CHEMBL772394	EC50	=	77.0	nM	7.11	
CHEMBL2003	CHEMBL285179	CHEMBL772394	EC50	=	0.4	nM	9.40	
CHEMBL2003	CHEMBL110921	CHEMBL798021	Ki	>	10000.0	nM		
CHEMBL2003	CHEMBL12585	CHEMBL772394	EC50	=	0.4	nM	9.40	
CHEMBL2003	CHEMBL92050	CHEMBL798021	Ki	=	8566.0	nM	5.07	
CHEMBL2003	CHEMBL38	CHEMBL772394	EC50	=	0.5	nM	9.30	
CHEMBL2003	CHEMBL326673	CHEMBL798021	Ki	>	10000.0	nM		
CHEMBL2003	CHEMBL275311	CHEMBL772394	EC50	=	2.4	nM	8.62	
CHEMBL2003	CHEMBL38	CHEMBL806266	Kd	=	18.0	nM	7.75	
CHEMBL2003	CHEMBL157333	CHEMBL806266	Kd	>	0.001	nM		
CHEMBL2003	CHEMBL441231	CHEMBL772394	EC50	=	1.4	nM	8.85	
CHEMBL2003	CHEMBL107554	CHEMBL798021	Ki	>	10000.0	nM		
CHEMBL2003	CHEMBL32505	CHEMBL772394	EC50	=	152.0	nM	6.82	
CHEMBL2003	CHEMBL348310	CHEMBL801577	Relative IC50	>	1000.0	nM		
CHEMBL2003	CHEMBL348310	CHEMBL659148	Relative EC30	>	10000.0	nM		
CHEMBL2003	CHEMBL432261	CHEMBL804929	AC50	>	1000.0	nM		
CHEMBL2003	CHEMBL432261	CHEMBL801574	Activation	=	18.0	%		
CHEMBL2003	CHEMBL159167	CHEMBL801577	Relative IC50	>	1000.0	nM		
CHEMBL2003	CHEMBL159167	CHEMBL659147	Relative EC30	=	14.0	nM		
CHEMBL2003	CHEMBL24966	CHEMBL804929	AC50	>	1000.0	nM		
CHEMBL2003	CHEMBL24966	CHEMBL801574	Activation	=	0.0	%		
CHEMBL2003	CHEMBL347437	CHEMBL801577	Relative IC50	>	1000.0	nM		
CHEMBL2003	CHEMBL347437	CHEMBL659147	Relative EC30	=	88.0	nM		
CHEMBL2003	CHEMBL159168	CHEMBL801576	Relative IC50	=	70.0	nM		
CHEMBL2003	CHEMBL159168	CHEMBL659147	Relative EC30	=	2.3	nM		
CHEMBL2003	CHEMBL280140	CHEMBL804929	AC50	>	1000.0	nM		
CHEMBL2003	CHEMBL280140	CHEMBL801574	Activation	=	16.0	%		
CHEMBL2003	CHEMBL25244	CHEMBL804929	AC50	>	1000.0	nM		
CHEMBL2003	CHEMBL25244	CHEMBL801574	Activation	=	-12.0	%		
CHEMBL2003	CHEMBL26295	CHEMBL804929	AC50	>	1000.0	nM		
CHEMBL2003	CHEMBL26295	CHEMBL801574	Activation	=	-10.0	%		
CHEMBL2003	CHEMBL38	CHEMBL801576	Relative IC50	=	1.0	nM		
CHEMBL2003	CHEMBL38	CHEMBL659147	Relative EC30	=	1.0	nM		
CHEMBL2003	CHEMBL38	CHEMBL806261	IC50	=	0.5	nM	9.30	
CHEMBL2003	CHEMBL38	CHEMBL658538	EC30	=	0.22	nM		
CHEMBL2003	CHEMBL277626	CHEMBL804929	AC50	>	1000.0	nM		
CHEMBL2003	CHEMBL277626	CHEMBL801574	Activation	=	12.0	%		
CHEMBL2003	CHEMBL705	CHEMBL804929	AC50	=	3.0	nM	8.52	
CHEMBL2003	CHEMBL705	CHEMBL801574	Activation	=	126.0	%		
CHEMBL2003	CHEMBL146636	CHEMBL798022	Ki	=	34.0	nM	7.47	
CHEMBL2003	CHEMBL109847	CHEMBL798019	Ki	=	4206.0	nM	5.38	
CHEMBL2003	CHEMBL109847	CHEMBL879244	EC50	=	121.0	nM	6.92	
CHEMBL2003	CHEMBL25361	CHEMBL798022	Ki	=	40.0	nM	7.40	
CHEMBL2003	CHEMBL146646	CHEMBL798022	Ki	=	20.0	nM	7.70	
CHEMBL2003	CHEMBL36768	CHEMBL798022	Ki	=	2.0	nM	8.70	
CHEMBL2003	CHEMBL1180	CHEMBL798022	Ki	=	77.0	nM	7.11	
CHEMBL2003	CHEMBL342051	CHEMBL798022	Ki	=	860.0	nM	6.07	
CHEMBL2003	CHEMBL148231	CHEMBL798022	Ki	=	121.0	nM	6.92	
CHEMBL2003	CHEMBL74826	CHEMBL798022	Ki	=	13.0	nM	7.89	
CHEMBL2003	CHEMBL348449	CHEMBL798022	Ki	=	85.0	nM	7.07	
CHEMBL2003	CHEMBL345022	CHEMBL798022	Ki	=	27.0	nM	7.57	
CHEMBL2003	CHEMBL111589	CHEMBL798019	Ki	=	437.0	nM	6.36	
CHEMBL2003	CHEMBL111589	CHEMBL879244	EC50	=	17.0	nM	7.77	
CHEMBL2003	CHEMBL357917	CHEMBL798022	Ki	=	72.0	nM	7.14	
CHEMBL2003	CHEMBL422490	CHEMBL798022	Ki	=	386.0	nM	6.41	
CHEMBL2003	CHEMBL357603	CHEMBL798022	Ki	=	153.0	nM	6.82	
CHEMBL2003	CHEMBL38	CHEMBL798022	Ki	=	3.0	nM	8.52	
CHEMBL2003	CHEMBL146092	CHEMBL798022	Ki	=	426.0	nM	6.37	
CHEMBL2003	CHEMBL345298	CHEMBL798022	Ki	=	160.0	nM	6.80	
CHEMBL2003	CHEMBL275311	CHEMBL798022	Ki	=	5.0	nM	8.30	
CHEMBL2003	CHEMBL74218	CHEMBL798022	Ki	=	200.0	nM	6.70	
CHEMBL2003	CHEMBL421773	CHEMBL798022	Ki	=	53.0	nM	7.28	
CHEMBL2003	CHEMBL149366	CHEMBL798022	Ki	>	10000.0	nM		
CHEMBL2003	CHEMBL356326	CHEMBL798022	Ki	=	29.0	nM	7.54	
CHEMBL2003	CHEMBL147545	CHEMBL798022	Ki	=	151.0	nM	6.82	
CHEMBL2003	CHEMBL109581	CHEMBL798019	Ki	=	6094.0	nM	5.21	
CHEMBL2003	CHEMBL109581	CHEMBL879244	EC50	=	192.0	nM	6.72	
CHEMBL2003	CHEMBL145911	CHEMBL798022	Ki	>	10000.0	nM		
CHEMBL2003	CHEMBL146449	CHEMBL798022	Ki	=	95.0	nM	7.02	
CHEMBL2003	CHEMBL1265	CHEMBL798022	Ki	=	130.0	nM	6.89	
CHEMBL2003	CHEMBL337855	CHEMBL798027	Ki					No data
CHEMBL2003	CHEMBL337855	CHEMBL807690	EC30	=	3.9	nM		
CHEMBL2003	CHEMBL336365	CHEMBL807689	EC30	=	39.0	nM		
CHEMBL2003	CHEMBL336365	CHEMBL798028	Ki					No data
CHEMBL2003	CHEMBL705	CHEMBL803399	EC50	=	6.0	nM	8.22	
CHEMBL2003	CHEMBL134375	CHEMBL800488	IC50	=	21.0	nM	7.68	
CHEMBL2003	CHEMBL134375	CHEMBL698013	EC30	=	3.5	nM		
CHEMBL2003	CHEMBL357015	CHEMBL804951	EC50	>	1000.0	nM		
CHEMBL2003	CHEMBL357015	CHEMBL806270	Kd	=	2000.0	nM	5.70	
CHEMBL2003	CHEMBL132033	CHEMBL800489	IC50	=	4.6	nM	8.34	
CHEMBL2003	CHEMBL132033	CHEMBL807690	EC30	=	1.5	nM		
CHEMBL2003	CHEMBL92096	CHEMBL804951	EC50	>	1000.0	nM		
CHEMBL2003	CHEMBL92096	CHEMBL806270	Kd	=	7000.0	nM	5.16	
CHEMBL2003	CHEMBL308967	CHEMBL805023	EC50	=	260.0	nM	6.58	
CHEMBL2003	CHEMBL308967	CHEMBL806265	Kd	>	1000.0	nM		
CHEMBL2003	CHEMBL75741	CHEMBL805023	EC50	=	54.0	nM	7.27	
CHEMBL2003	CHEMBL75741	CHEMBL806265	Kd	=	233.0	nM	6.63	
CHEMBL2003	CHEMBL344122	CHEMBL804951	EC50	>	1000.0	nM		
CHEMBL2003	CHEMBL344122	CHEMBL806270	Kd	>	3000.0	nM		
CHEMBL2003	CHEMBL306999	CHEMBL805023	EC50	=	200.0	nM	6.70	
CHEMBL2003	CHEMBL306999	CHEMBL806265	Kd	>	1000.0	nM		
CHEMBL2003	CHEMBL430616	CHEMBL805023	EC50	=	20.0	nM	7.70	
CHEMBL2003	CHEMBL430616	CHEMBL806265	Kd	=	23.0	nM	7.64	
CHEMBL2003	CHEMBL80934	CHEMBL805024	EC50			nM		Not Active
CHEMBL2003	CHEMBL80934	CHEMBL806265	Kd	>	1000.0	nM		
CHEMBL2003	CHEMBL80820	CHEMBL805023	EC50	=	130.0	nM	6.89	
CHEMBL2003	CHEMBL80820	CHEMBL806265	Kd	=	2421.0	nM	5.62	
CHEMBL2003	CHEMBL38	CHEMBL805023	EC50	=	10.0	nM	8.00	
CHEMBL2003	CHEMBL38	CHEMBL806265	Kd	=	18.0	nM	7.75	
CHEMBL2003	CHEMBL133725	CHEMBL800490	IC50	=	310.0	nM	6.51	
CHEMBL2003	CHEMBL133725	CHEMBL698010	EC30	=	20.0	nM		
CHEMBL2003	CHEMBL76313	CHEMBL805023	EC50	=	4.0	nM	8.40	
CHEMBL2003	CHEMBL76313	CHEMBL806265	Kd	=	17.0	nM	7.77	
CHEMBL2003	CHEMBL69367	CHEMBL698013	EC30	=	33.0	nM		
CHEMBL2003	CHEMBL147845	CHEMBL806296	ED50	>	1000.0	nM		
CHEMBL2003	CHEMBL147845	CHEMBL806270	Kd	=	6100.0	nM	5.21	
CHEMBL2003	CHEMBL144058	CHEMBL804951	EC50	>	1000.0	nM		
CHEMBL2003	CHEMBL144058	CHEMBL806270	Kd	=	8800.0	nM	5.06	
CHEMBL2003	CHEMBL336147	CHEMBL807689	EC30	=	120.0	nM		
CHEMBL2003	CHEMBL336147	CHEMBL798028	Ki					No data
CHEMBL2003	CHEMBL311269	CHEMBL805023	EC50	=	6.0	nM	8.22	
CHEMBL2003	CHEMBL311269	CHEMBL806265	Kd	=	72.0	nM	7.14	
CHEMBL2003	CHEMBL80271	CHEMBL805023	EC50	=	3.0	nM	8.52	
CHEMBL2003	CHEMBL80271	CHEMBL806265	Kd	=	52.0	nM	7.28	
CHEMBL2003	CHEMBL25202	CHEMBL698013	EC30	=	150.0	nM		
CHEMBL2003	CHEMBL131925	CHEMBL800489	IC50	=	27.0	nM	7.57	
CHEMBL2003	CHEMBL131925	CHEMBL807690	EC30	=	0.76	nM		
CHEMBL2003	CHEMBL38	CHEMBL804951	EC50	=	0.5	nM	9.30	
CHEMBL2003	CHEMBL38	CHEMBL806270	Kd	=	3.0	nM	8.52	
CHEMBL2003	CHEMBL336311	CHEMBL800489	IC50	=	3.6	nM	8.44	
CHEMBL2003	CHEMBL336311	CHEMBL807690	EC30	=	0.34	nM		
CHEMBL2003	CHEMBL131810	CHEMBL800489	IC50	=	17.0	nM	7.77	
CHEMBL2003	CHEMBL131810	CHEMBL807690	EC30	=	2.1	nM		
CHEMBL2003	CHEMBL131850	CHEMBL800489	IC50	=	2.0	nM	8.70	
CHEMBL2003	CHEMBL131850	CHEMBL807690	EC30	=	0.72	nM		
CHEMBL2003	CHEMBL337003	CHEMBL800489	IC50	=	150.0	nM	6.82	
CHEMBL2003	CHEMBL337003	CHEMBL807690	EC30	=	1.6	nM		
CHEMBL2003	CHEMBL432592	CHEMBL798027	Ki					No data
CHEMBL2003	CHEMBL432592	CHEMBL807690	EC30	=	1.6	nM		
CHEMBL2003	CHEMBL275311	CHEMBL805023	EC50	=	2.0	nM	8.70	
CHEMBL2003	CHEMBL275311	CHEMBL806265	Kd	=	26.0	nM	7.58	
CHEMBL2003	CHEMBL358145	CHEMBL806268	Kd	=	3.0	nM	8.52	
CHEMBL2003	CHEMBL442016	CHEMBL659142	Transcriptional activation	=	103.0	%		
CHEMBL2003	CHEMBL38	CHEMBL804946	EC50	=	0.7	nM	9.15	
CHEMBL2003	CHEMBL38	CHEMBL806268	Kd	=	19.0	nM	7.72	
CHEMBL2003	CHEMBL1180	CHEMBL659142	Transcriptional activation	=	88.0	%		
CHEMBL2003	CHEMBL275311	CHEMBL877733	IC50	=	26.0	nM	7.58	
CHEMBL2003	CHEMBL275311	CHEMBL803398	EC50	=	2.0	nM	8.70	
CHEMBL2003	CHEMBL32505	CHEMBL877733	IC50	=	645.0	nM	6.19	
CHEMBL2003	CHEMBL32505	CHEMBL803398	EC50	=	180.0	nM	6.75	
CHEMBL2003	CHEMBL277168	CHEMBL801573	Relative IC50	>	1000.0			
CHEMBL2003	CHEMBL277168	CHEMBL801570	Relative EC30	=	5767.0			
CHEMBL2003	CHEMBL19727	CHEMBL801572	Relative IC50	=	251.0			
CHEMBL2003	CHEMBL19727	CHEMBL801570	Relative EC30	=	1160.0			
CHEMBL2003	CHEMBL424636	CHEMBL877733	IC50	>	1000.0	nM		
CHEMBL2003	CHEMBL424636	CHEMBL803398	EC50	=	270.0	nM	6.57	
CHEMBL2003	CHEMBL19834	CHEMBL801572	Relative IC50	=	22.0			
CHEMBL2003	CHEMBL19834	CHEMBL801570	Relative EC30	=	180.0			
CHEMBL2003	CHEMBL38	CHEMBL877733	IC50	=	18.0	nM	7.75	
CHEMBL2003	CHEMBL38	CHEMBL803398	EC50	=	10.0	nM	8.00	
CHEMBL2003	CHEMBL284937	CHEMBL877733	IC50	=	250.0	nM	6.60	
CHEMBL2003	CHEMBL284937	CHEMBL803398	EC50	=	23.0	nM	7.64	
CHEMBL2003	CHEMBL19894	CHEMBL801572	Relative IC50	=	141.0			
CHEMBL2003	CHEMBL19894	CHEMBL801570	Relative EC30	=	903.0			
CHEMBL2003	CHEMBL298373	CHEMBL797871	Ki	=	490.0	nM	6.31	
CHEMBL2003	CHEMBL38	CHEMBL797870	Ki	=	0.04	nM	10.40	
CHEMBL2003	CHEMBL705	CHEMBL797870	Ki	=	1.0	nM	9.00	
CHEMBL2003	CHEMBL705	CHEMBL877733	IC50	=	17.0	nM	7.77	
CHEMBL2003	CHEMBL705	CHEMBL803398	EC50	=	45.0	nM	7.35	
CHEMBL2003	CHEMBL1023	CHEMBL798025	Ki	=	130.0	nM	6.89	
CHEMBL2003	CHEMBL19530	CHEMBL801572	Relative IC50	=	834.0			
CHEMBL2003	CHEMBL19530	CHEMBL801570	Relative EC30	=	4460.0			
CHEMBL2003	CHEMBL20066	CHEMBL801572	Relative IC50	=	432.0			
CHEMBL2003	CHEMBL20066	CHEMBL801570	Relative EC30	>	3000.0			
CHEMBL2003	CHEMBL20066	CHEMBL806260	IC50	>	3000.0	nM		
CHEMBL2003	CHEMBL120759	CHEMBL800482	EC50	=	460.0	nM	6.34	
CHEMBL2003	CHEMBL32505	CHEMBL807691	EC50	=	180.0	nM	6.75	
CHEMBL2003	CHEMBL439780	CHEMBL806264	Kd	>	30000.0	nM		
CHEMBL2003	CHEMBL125587	CHEMBL800482	EC50	=	84.0	nM	7.08	
CHEMBL2003	CHEMBL34464	CHEMBL800482	EC50	=	330.0	nM	6.48	
CHEMBL2003	CHEMBL93538	CHEMBL807691	EC50	=	15.0	nM	7.82	
CHEMBL2003	CHEMBL317873	CHEMBL806264	Kd	>	30000.0	nM		
CHEMBL2003	CHEMBL37672	CHEMBL800482	EC50	=	400.0	nM	6.40	
CHEMBL2003	CHEMBL34292	CHEMBL800482	EC50	=	12.0	nM	7.92	
CHEMBL2003	CHEMBL118754	CHEMBL800482	EC50	=	30.0	nM	7.52	
CHEMBL2003	CHEMBL328481	CHEMBL807691	EC50	=	200.0	nM	6.70	
CHEMBL2003	CHEMBL81176	CHEMBL797868	Kd	=	3121.0			
CHEMBL2003	CHEMBL38	CHEMBL807691	EC50	=	10.0	nM	8.00	
CHEMBL2003	CHEMBL91718	CHEMBL807691	EC50	=	131.0	nM	6.88	
CHEMBL2003	CHEMBL21518	CHEMBL800482	EC50	=	200.0	nM	6.70	
CHEMBL2003	CHEMBL312198	CHEMBL797868	Kd	=	10618.0			
CHEMBL2003	CHEMBL93628	CHEMBL807691	EC50	=	979.0	nM	6.01	
CHEMBL2003	CHEMBL275311	CHEMBL807691	EC50	=	2.0	nM	8.70	
CHEMBL2003	CHEMBL82943	CHEMBL797868	Kd	=	863.0			
CHEMBL2003	CHEMBL310790	CHEMBL797868	Kd	>	30000.0			
CHEMBL2003	CHEMBL81978	CHEMBL797868	Kd	=	7258.0			
CHEMBL2003	CHEMBL705	CHEMBL807691	EC50	=	45.0	nM	7.35	
CHEMBL2003	CHEMBL93577	CHEMBL807691	EC50	=	34.0	nM	7.47	
CHEMBL2003	CHEMBL433178	CHEMBL807692	EC50			nM		Not Active
CHEMBL2003	CHEMBL329802	CHEMBL807692	EC50			nM		Not Active
CHEMBL2003	CHEMBL69367	CHEMBL806264	Kd	=	3824.0	nM	5.42	
CHEMBL2003	CHEMBL38	CHEMBL797868	Kd	=	18.0			
CHEMBL2003	CHEMBL38	CHEMBL806264	Kd	=	18.0	nM	7.75	
CHEMBL2003	CHEMBL86663	CHEMBL806264	Kd	=	26.0	nM	7.58	
CHEMBL2003	CHEMBL35136	CHEMBL800482	EC50	=	39.0	nM	7.41	
CHEMBL2003	CHEMBL330998	CHEMBL800482	EC50	=	8.0	nM	8.10	
CHEMBL2003	CHEMBL340495	CHEMBL800482	EC50	=	230.0	nM	6.64	
CHEMBL2003	CHEMBL705	CHEMBL801569	Ki	=	20.0	nM	7.70	
CHEMBL2003	CHEMBL705	CHEMBL804949	EC50	=	74.0	nM	7.13	
CHEMBL2003	CHEMBL705	CHEMBL806298	Efficacy	=	93.0	%		
CHEMBL2003	CHEMBL89241	CHEMBL801569	Ki	=	124.0	nM	6.91	
CHEMBL2003	CHEMBL89241	CHEMBL804949	EC50	=	16.0	nM	7.80	
CHEMBL2003	CHEMBL89241	CHEMBL806298	Efficacy	=	58.0	%		
CHEMBL2003	CHEMBL38	CHEMBL801569	Ki	=	18.5	nM	7.73	
CHEMBL2003	CHEMBL38	CHEMBL804949	EC50	=	33.0	nM	7.48	
CHEMBL2003	CHEMBL38	CHEMBL806298	Efficacy	=	100.0	%		
CHEMBL2003	CHEMBL89241	CHEMBL801569	Ki	=	1.9	nM	8.72	
CHEMBL2003	CHEMBL89241	CHEMBL804949	EC50	=	0.34	nM	9.47	
CHEMBL2003	CHEMBL89241	CHEMBL806298	Efficacy	=	48.0	%		
CHEMBL2003	CHEMBL344973	CHEMBL806271	Kd	>	10.0	nM		
CHEMBL2003	CHEMBL38	CHEMBL797866	Kd	=	0.3	nM	9.52	
CHEMBL2003	CHEMBL38	CHEMBL804952	EC50	=	20.0	nM	7.70	
CHEMBL2003	CHEMBL38	CHEMBL806271	Kd	=	18.0	nM	7.75	
CHEMBL2003	CHEMBL148327	CHEMBL806271	Kd	=	1490.0	nM	5.83	
CHEMBL2003	CHEMBL82716	CHEMBL797866	Kd	=	1.3	nM	8.89	
CHEMBL2003	CHEMBL78587	CHEMBL797866	Kd	=	7.5	nM	8.12	
CHEMBL2003	CHEMBL147937	CHEMBL806271	Kd	=	104.0	nM	6.98	
CHEMBL2003	CHEMBL80992	CHEMBL797866	Kd	=	816.0	nM	6.09	
CHEMBL2003	CHEMBL82089	CHEMBL797866	Kd	=	64.0	nM	7.19	
CHEMBL2003	CHEMBL77961	CHEMBL797866	Kd	=	3.3	nM	8.48	
CHEMBL2003	CHEMBL78835	CHEMBL797866	Kd	=	400.0	nM	6.40	
CHEMBL2003	CHEMBL309282	CHEMBL797866	Kd	=	3.0	nM	8.52	
CHEMBL2003	CHEMBL309469	CHEMBL797866	Kd	=	4375.0	nM	5.36	
CHEMBL2003	CHEMBL81273	CHEMBL797866	Kd	=	75.0	nM	7.12	
CHEMBL2003	CHEMBL82609	CHEMBL797866	Kd	=	95.0	nM	7.02	
CHEMBL2003	CHEMBL66228	CHEMBL798024	Ki	=	710.0	nM	6.15	
CHEMBL2003	CHEMBL75133	CHEMBL772393	Kd	>	30.0	nM		
CHEMBL2003	CHEMBL305760	CHEMBL799680	Ki	=	280.0	nM	6.55	
CHEMBL2003	CHEMBL38	CHEMBL814040	Relative luciferase response	~	6.0			
CHEMBL2003	CHEMBL38	CHEMBL806477	Relative luciferase response	~	12.0			
CHEMBL2003	CHEMBL38	CHEMBL806476	Relative luciferase response	~	14.0			
CHEMBL2003	CHEMBL38	CHEMBL806475	Relative luciferase response	~	30.0			
CHEMBL2003	CHEMBL374910	CHEMBL814040	Relative luciferase response	~	3.0			
CHEMBL2003	CHEMBL374910	CHEMBL806477	Relative luciferase response	~	5.0			
CHEMBL2003	CHEMBL374910	CHEMBL806476	Relative luciferase response	~	8.0			
CHEMBL2003	CHEMBL374910	CHEMBL806475	Relative luciferase response	~	10.0			
CHEMBL2003	CHEMBL69091	CHEMBL772393	Kd	=	15900.0	nM	4.80	
CHEMBL2003	CHEMBL38	CHEMBL798024	Ki	=	0.5	nM	9.30	
CHEMBL2003	CHEMBL705	CHEMBL772393	Kd	=	150.0	nM	6.82	
CHEMBL2003	CHEMBL705	CHEMBL772314	EC50	=	4.0	nM	8.40	
CHEMBL2003	CHEMBL219801	CHEMBL814040	Relative luciferase response	~	4.0			
CHEMBL2003	CHEMBL219801	CHEMBL806477	Relative luciferase response	~	8.0			
CHEMBL2003	CHEMBL219801	CHEMBL806476	Relative luciferase response	~	10.0			
CHEMBL2003	CHEMBL219801	CHEMBL806475	Relative luciferase response	~	11.0			
CHEMBL2003	CHEMBL308377	CHEMBL772393	Kd	>	10.0	nM		
CHEMBL2003	CHEMBL308377	CHEMBL772314	EC50	>	500.0	nM		
CHEMBL2003	CHEMBL38	CHEMBL806263	Kd	=	18.0	nM	7.75	
CHEMBL2003	CHEMBL155474	CHEMBL806263	Kd	=	19.0	nM	7.72	
CHEMBL2003	CHEMBL69091	CHEMBL806269	Kd	>	1000.0	nM		
CHEMBL2003	CHEMBL69091	CHEMBL804950	EC50	=	200.0	nM	6.70	
CHEMBL2003	CHEMBL153974	CHEMBL806263	Kd	=	67.0	nM	7.17	
CHEMBL2003	CHEMBL152740	CHEMBL806263	Kd	=	98.0	nM	7.01	
CHEMBL2003	CHEMBL346202	CHEMBL806263	Kd	=	36.0	nM	7.44	
CHEMBL2003	CHEMBL308883	CHEMBL806269	Kd	>	1000.0	nM		
CHEMBL2003	CHEMBL308883	CHEMBL804950	EC50	>	1000.0	nM		
CHEMBL2003	CHEMBL156997	CHEMBL806263	Kd	=	57.0	nM	7.24	
CHEMBL2003	CHEMBL423954	CHEMBL806263	Kd	=	94.0	nM	7.03	
CHEMBL2003	CHEMBL155421	CHEMBL806263	Kd	=	171.0	nM	6.77	
CHEMBL2003	CHEMBL69091	CHEMBL806269	Kd	=	15942.0	nM	4.80	
CHEMBL2003	CHEMBL69091	CHEMBL804950	EC50	>	1000.0	nM		
CHEMBL2003	CHEMBL156903	CHEMBL806263	Kd	=	42.0	nM	7.38	
CHEMBL2003	CHEMBL156940	CHEMBL806263	Kd	=	35.0	nM	7.46	
CHEMBL2003	CHEMBL38	CHEMBL806269	Kd	=	18.0	nM	7.75	
CHEMBL2003	CHEMBL38	CHEMBL804950	EC50	=	0.7	nM	9.15	
CHEMBL2003	CHEMBL2111535	CHEMBL806269	Kd	>	1000.0	nM		
CHEMBL2003	CHEMBL2111535	CHEMBL804950	EC50	>	1000.0	nM		
CHEMBL2003	CHEMBL157272	CHEMBL806263	Kd	=	82.0	nM	7.09	
CHEMBL2003	CHEMBL358145	CHEMBL806263	Kd	=	7.0	nM	8.15	
CHEMBL2003	CHEMBL157160	CHEMBL806263	Kd	=	27.0	nM	7.57	
CHEMBL2003	CHEMBL705	CHEMBL806269	Kd	=	22.0	nM	7.66	
CHEMBL2003	CHEMBL705	CHEMBL804950	EC50	=	45.0	nM	7.35	
CHEMBL2003	CHEMBL155325	CHEMBL806263	Kd	=	408.0	nM	6.39	
CHEMBL2003	CHEMBL346429	CHEMBL806263	Kd	=	254.0	nM	6.59	
CHEMBL2003	CHEMBL2111534	CHEMBL806269	Kd	>	1000.0	nM		
CHEMBL2003	CHEMBL2111534	CHEMBL804950	EC50	>	1000.0	nM		
CHEMBL2003	CHEMBL346703	CHEMBL806263	Kd	=	51.0	nM	7.29	
CHEMBL2003	CHEMBL705	CHEMBL804933	EC50	=	45.0	nM	7.35	
CHEMBL2003	CHEMBL119781	CHEMBL804930	EC50	=	340.0	nM	6.47	
CHEMBL2003	CHEMBL69367	CHEMBL681081	Kd	=	3800.0	nM	5.42	
CHEMBL2003	CHEMBL69367	CHEMBL681082	EC50	=	19.0	nM	7.72	
CHEMBL2003	CHEMBL69367	CHEMBL681083	Efficacy	=	80.0	%		
CHEMBL2003	CHEMBL118693	CHEMBL804932	EC50			nM		Not Active
CHEMBL2003	CHEMBL118307	CHEMBL804931	EC50			nM		Not Active
CHEMBL2003	CHEMBL118268	CHEMBL804931	EC50			nM		Not Active
CHEMBL2003	CHEMBL439780	CHEMBL681081	Kd	>	100000.0	nM		
CHEMBL2003	CHEMBL439780	CHEMBL681084	Efficacy					Not Active
CHEMBL2003	CHEMBL38	CHEMBL681081	Kd	=	16.0	nM	7.80	
CHEMBL2003	CHEMBL38	CHEMBL681082	EC50	=	6.0	nM	8.22	
CHEMBL2003	CHEMBL38	CHEMBL681083	Efficacy	=	100.0	%		
CHEMBL2003	CHEMBL107430	CHEMBL681081	Kd	>	1000000.0	nM		
CHEMBL2003	CHEMBL107430	CHEMBL681084	Efficacy					Not Active
CHEMBL2003	CHEMBL38	CHEMBL804933	EC50	=	10.0	nM	8.00	
CHEMBL2003	CHEMBL107054	CHEMBL681081	Kd	=	5600.0	nM	5.25	
CHEMBL2003	CHEMBL107054	CHEMBL681082	EC50	>	1000.0	nM		
CHEMBL2003	CHEMBL107054	CHEMBL681083	Efficacy	=	10.0	%		
CHEMBL2003	CHEMBL106527	CHEMBL681081	Kd	=	5600.0	nM	5.25	
CHEMBL2003	CHEMBL106527	CHEMBL681084	Efficacy					Not Active
CHEMBL2003	CHEMBL326911	CHEMBL681081	Kd	=	990.0	nM	6.00	
CHEMBL2003	CHEMBL326911	CHEMBL681082	EC50	=	350.0	nM	6.46	
CHEMBL2003	CHEMBL326911	CHEMBL681083	Efficacy	=	85.0	%		
CHEMBL2003	CHEMBL116886	CHEMBL804931	EC50			nM		Not Active
CHEMBL2003	CHEMBL324960	CHEMBL804931	EC50			nM		Not Active
CHEMBL2003	CHEMBL421748	CHEMBL807685	Ki	>	10000.0	nM		
CHEMBL2003	CHEMBL843	CHEMBL797872	Ki	=	10000.0	nM	5.00	
CHEMBL2003	CHEMBL90824	CHEMBL797872	Ki	=	10000.0	nM	5.00	
CHEMBL2003	CHEMBL42314	CHEMBL797872	Ki	=	10000.0	nM	5.00	
CHEMBL2003	CHEMBL314745	CHEMBL807685	Ki	>	10000.0	nM		
CHEMBL2003	CHEMBL420808	CHEMBL807686	Ki			nM		Not Determined
CHEMBL2003	CHEMBL414218	CHEMBL797872	Ki	=	10000.0	nM	5.00	
CHEMBL2003	CHEMBL91779	CHEMBL797872	Ki	=	10000.0	nM	5.00	
CHEMBL2003	CHEMBL92050	CHEMBL797872	Ki	=	10000.0	nM	5.00	
CHEMBL2003	CHEMBL430651	CHEMBL807685	Ki	>	10000.0	nM		
CHEMBL2003	CHEMBL90254	CHEMBL797872	Ki	=	10000.0	nM	5.00	
CHEMBL2003	CHEMBL328072	CHEMBL807685	Ki	>	10000.0	nM		
CHEMBL2003	CHEMBL92430	CHEMBL797872	Ki	=	10000.0	nM	5.00	
CHEMBL2003	CHEMBL329334	CHEMBL797872	Ki	=	10000.0	nM	5.00	
CHEMBL2003	CHEMBL91185	CHEMBL797872	Ki	=	10000.0	nM	5.00	
CHEMBL2003	CHEMBL313647	CHEMBL797872	Ki	=	10000.0	nM	5.00	
CHEMBL2003	CHEMBL264746	CHEMBL807685	Ki	>	10000.0	nM		
CHEMBL2003	CHEMBL88931	CHEMBL797872	Ki	=	10000.0	nM	5.00	
CHEMBL2003	CHEMBL328507	CHEMBL807685	Ki	>	10000.0	nM		
CHEMBL2003	CHEMBL88740	CHEMBL797872	Ki	=	10000.0	nM	5.00	
CHEMBL2003	CHEMBL93128	CHEMBL807685	Ki			nM		Not Determined
CHEMBL2003	CHEMBL315986	CHEMBL797872	Ki	=	2503.0	nM	5.60	
CHEMBL2003	CHEMBL92243	CHEMBL807685	Ki	>	10000.0	nM		
CHEMBL2003	CHEMBL288436	CHEMBL797872	Ki	=	10000.0	nM	5.00	
CHEMBL2003	CHEMBL93246	CHEMBL807685	Ki	>	10000.0	nM		
CHEMBL2003	CHEMBL92447	CHEMBL807685	Ki	>	10000.0	nM		
CHEMBL2003	CHEMBL423503	CHEMBL797872	Ki	=	1860.0	nM	5.73	
CHEMBL2003	CHEMBL414218	CHEMBL807685	Ki	>	10000.0	nM		
CHEMBL2003	CHEMBL91979	CHEMBL807685	Ki	>	10000.0	nM		
CHEMBL2003	CHEMBL92487	CHEMBL797872	Ki	=	4028.0	nM	5.39	
CHEMBL2003	CHEMBL93571	CHEMBL807685	Ki	>	10000.0	nM		
CHEMBL2003	CHEMBL420249	CHEMBL797872	Ki	=	10000.0	nM	5.00	
CHEMBL2003	CHEMBL92798	CHEMBL807685	Ki	>	10000.0	nM		
CHEMBL2003	CHEMBL88740	CHEMBL807685	Ki	>	10000.0	nM		
CHEMBL2003	CHEMBL88216	CHEMBL807695	EC50			nM		Not Active
CHEMBL2003	CHEMBL88216	CHEMBL797869	Kd	>	1000.0	nM		
CHEMBL2003	CHEMBL96184	CHEMBL799698	EC50	=	266.0	nM	6.58	
CHEMBL2003	CHEMBL96184	CHEMBL803397	Kd	=	887.0	nM	6.05	
CHEMBL2003	CHEMBL89058	CHEMBL807695	EC50			nM		Not Active
CHEMBL2003	CHEMBL89058	CHEMBL797869	Kd	>	1000.0	nM		
CHEMBL2003	CHEMBL89581	CHEMBL807694	EC50	=	391.0	nM	6.41	
CHEMBL2003	CHEMBL89581	CHEMBL797869	Kd	>	1000.0	nM		
CHEMBL2003	CHEMBL101302	CHEMBL799698	EC50	>	10000.0	nM		
CHEMBL2003	CHEMBL101302	CHEMBL803397	Kd	>	1000.0	nM		
CHEMBL2003	CHEMBL1023	CHEMBL799698	EC50	>	10000.0	nM		
CHEMBL2003	CHEMBL1023	CHEMBL803397	Kd	>	1000.0	nM		
CHEMBL2003	CHEMBL92284	CHEMBL804947	EC50	=	144.0	nM	6.84	
CHEMBL2003	CHEMBL92284	CHEMBL806297	Efficacy	=	28.0	%		
CHEMBL2003	CHEMBL92284	CHEMBL801568	Ki	>	1000.0	nM		
CHEMBL2003	CHEMBL102039	CHEMBL799698	EC50	>	10000.0	nM		
CHEMBL2003	CHEMBL102039	CHEMBL803397	Kd	>	1000.0	nM		
CHEMBL2003	CHEMBL101666	CHEMBL799698	EC50	>	10000.0	nM		
CHEMBL2003	CHEMBL101666	CHEMBL803397	Kd	>	1000.0	nM		
CHEMBL2003	CHEMBL96184	CHEMBL804947	EC50	=	266.0	nM	6.58	
CHEMBL2003	CHEMBL96184	CHEMBL806297	Efficacy	=	69.0	%		
CHEMBL2003	CHEMBL96184	CHEMBL801568	Ki	=	887.0	nM	6.05	
CHEMBL2003	CHEMBL419166	CHEMBL799698	EC50	=	1016.0	nM	5.99	
CHEMBL2003	CHEMBL419166	CHEMBL803397	Kd	>	1000.0	nM		
CHEMBL2003	CHEMBL97910	CHEMBL799698	EC50	>	10000.0	nM		
CHEMBL2003	CHEMBL97910	CHEMBL803397	Kd	>	1000.0	nM		
CHEMBL2003	CHEMBL98142	CHEMBL799698	EC50	>	10000.0	nM		
CHEMBL2003	CHEMBL98142	CHEMBL803397	Kd	>	1000.0	nM		
CHEMBL2003	CHEMBL99325	CHEMBL799698	EC50	>	10000.0	nM		
CHEMBL2003	CHEMBL99325	CHEMBL803397	Kd	>	1000.0	nM		
CHEMBL2003	CHEMBL318916	CHEMBL799698	EC50	>	10000.0	nM		
CHEMBL2003	CHEMBL318916	CHEMBL803397	Kd	>	1000.0	nM		
CHEMBL2003	CHEMBL92394	CHEMBL804947	EC50	=	1779.0	nM	5.75	
CHEMBL2003	CHEMBL92394	CHEMBL806297	Efficacy	=	3.0	%		
CHEMBL2003	CHEMBL92394	CHEMBL801568	Ki	>	1000.0	nM		
CHEMBL2003	CHEMBL93518	CHEMBL804947	EC50	=	399.0	nM	6.40	
CHEMBL2003	CHEMBL93518	CHEMBL806297	Efficacy	=	32.0	%		
CHEMBL2003	CHEMBL93518	CHEMBL801568	Ki	>	1000.0	nM		
CHEMBL2003	CHEMBL101712	CHEMBL799698	EC50	>	10000.0	nM		
CHEMBL2003	CHEMBL101712	CHEMBL803397	Kd	>	1000.0	nM		
CHEMBL2003	CHEMBL139536	CHEMBL800483	EC50	=	152.0	nM	6.82	
CHEMBL2003	CHEMBL38	CHEMBL807694	EC50	=	19.0	nM	7.72	
CHEMBL2003	CHEMBL38	CHEMBL797869	Kd	=	17.0	nM	7.77	
CHEMBL2003	CHEMBL328419	CHEMBL799698	EC50	>	10000.0	nM		
CHEMBL2003	CHEMBL328419	CHEMBL803397	Kd	>	1000.0	nM		
CHEMBL2003	CHEMBL100986	CHEMBL799698	EC50	>	10000.0	nM		
CHEMBL2003	CHEMBL100986	CHEMBL803397	Kd	>	1000.0	nM		
CHEMBL2003	CHEMBL101609	CHEMBL799698	EC50	=	1446.0	nM	5.84	
CHEMBL2003	CHEMBL101609	CHEMBL803397	Kd	>	1000.0	nM		
CHEMBL2003	CHEMBL1023	CHEMBL804948	EC50			nM		Not Active
CHEMBL2003	CHEMBL1023	CHEMBL806297	Efficacy	=	15.0	%		
CHEMBL2003	CHEMBL1023	CHEMBL801568	Ki	>	1000.0	nM		
CHEMBL2003	CHEMBL100623	CHEMBL799698	EC50	>	10000.0	nM		
CHEMBL2003	CHEMBL100623	CHEMBL803397	Kd	>	1000.0	nM		
CHEMBL2003	CHEMBL89331	CHEMBL807694	EC50	=	24.0	nM	7.62	
CHEMBL2003	CHEMBL89331	CHEMBL797869	Kd	=	552.0	nM	6.26	
CHEMBL2003	CHEMBL705	CHEMBL807694	EC50	=	50.0	nM	7.30	
CHEMBL2003	CHEMBL705	CHEMBL797869	Kd	=	148.0	nM	6.83	
CHEMBL2003	CHEMBL101212	CHEMBL799698	EC50	>	10000.0	nM		
CHEMBL2003	CHEMBL101212	CHEMBL803397	Kd	>	1000.0	nM		
CHEMBL2003	CHEMBL341704	CHEMBL800483	EC50	>	10000.0	nM		
CHEMBL2003	CHEMBL90674	CHEMBL807695	EC50			nM		Not Active
CHEMBL2003	CHEMBL90674	CHEMBL797869	Kd	>	1000.0	nM		
CHEMBL2003	CHEMBL330593	CHEMBL799698	EC50	=	397.0	nM	6.40	
CHEMBL2003	CHEMBL330593	CHEMBL803397	Kd	>	1000.0	nM		
CHEMBL2003	CHEMBL101308	CHEMBL799698	EC50	=	2043.0	nM	5.69	
CHEMBL2003	CHEMBL101308	CHEMBL803397	Kd	>	1000.0	nM		
CHEMBL2003	CHEMBL98172	CHEMBL799698	EC50	>	10000.0	nM		
CHEMBL2003	CHEMBL98172	CHEMBL803397	Kd	>	1000.0	nM		
CHEMBL2003	CHEMBL93848	CHEMBL804948	EC50			nM		Not Active
CHEMBL2003	CHEMBL93848	CHEMBL806297	Efficacy	=	7.0	%		
CHEMBL2003	CHEMBL93848	CHEMBL801568	Ki	>	1000.0	nM		
CHEMBL2003	CHEMBL101661	CHEMBL799698	EC50	>	10000.0	nM		
CHEMBL2003	CHEMBL101661	CHEMBL803397	Kd	>	1000.0	nM		
CHEMBL2003	CHEMBL419713	CHEMBL772408	EC50 ratio	=	20.0			
CHEMBL2003	CHEMBL419713	CHEMBL772410	Max	=	46.0	%		
CHEMBL2003	CHEMBL98564	CHEMBL772409	EC50 ratio					Not Active
CHEMBL2003	CHEMBL98564	CHEMBL772410	Max	=	28.0	%		
CHEMBL2003	CHEMBL330403	CHEMBL772408	EC50 ratio	=	167.0			
CHEMBL2003	CHEMBL330403	CHEMBL772410	Max	=	41.0	%		
CHEMBL2003	CHEMBL1023	CHEMBL801567	Ki	=	3206.0	nM	5.49	
CHEMBL2003	CHEMBL1023	CHEMBL805025	EC50	=	648.0	nM	6.19	
CHEMBL2003	CHEMBL309282	CHEMBL772408	EC50 ratio	=	1.4			
CHEMBL2003	CHEMBL309282	CHEMBL772410	Max	=	93.0	%		
CHEMBL2003	CHEMBL423465	CHEMBL801567	Ki	>	10000.0	nM		
CHEMBL2003	CHEMBL423465	CHEMBL806258	Efficacy	=	2.0	%		
CHEMBL2003	CHEMBL98172	CHEMBL801567	Ki	>	10000.0	nM		
CHEMBL2003	CHEMBL98172	CHEMBL805025	EC50	=	1604.0	nM	5.79	
CHEMBL2003	CHEMBL97689	CHEMBL772409	EC50 ratio					Not Active
CHEMBL2003	CHEMBL97689	CHEMBL772410	Max	=	0.0	%		
CHEMBL2003	CHEMBL97668	CHEMBL772408	EC50 ratio	=	17.0			
CHEMBL2003	CHEMBL97668	CHEMBL772410	Max	=	66.0	%		
CHEMBL2003	CHEMBL82089	CHEMBL772408	EC50 ratio	=	14.0			
CHEMBL2003	CHEMBL82089	CHEMBL772410	Max	=	95.0	%		
CHEMBL2003	CHEMBL95700	CHEMBL772408	EC50 ratio	=	1.0			
CHEMBL2003	CHEMBL95700	CHEMBL772410	Max	=	98.0	%		
CHEMBL2003	CHEMBL100332	CHEMBL772408	EC50 ratio	=	17.0			
CHEMBL2003	CHEMBL100332	CHEMBL772410	Max	=	51.0	%		
CHEMBL2003	CHEMBL97080	CHEMBL772408	EC50 ratio	=	6.0			
CHEMBL2003	CHEMBL97080	CHEMBL772410	Max	=	103.0	%		
CHEMBL2003	CHEMBL96961	CHEMBL772408	EC50 ratio	=	10.0			
CHEMBL2003	CHEMBL96961	CHEMBL772410	Max	=	39.0	%		
CHEMBL2003	CHEMBL95949	CHEMBL772408	EC50 ratio	=	67.0			
CHEMBL2003	CHEMBL95949	CHEMBL772410	Max	=	86.0	%		
CHEMBL2003	CHEMBL162334	CHEMBL801567	Ki	>	10000.0	nM		
CHEMBL2003	CHEMBL162334	CHEMBL806258	Efficacy	=	13.0	%		
CHEMBL2003	CHEMBL99073	CHEMBL772408	EC50 ratio	=	1.0			
CHEMBL2003	CHEMBL99073	CHEMBL772410	Max	=	65.0	%		
CHEMBL2003	CHEMBL38	CHEMBL804928	Relative IC50	=	1.0			
CHEMBL2003	CHEMBL38	CHEMBL882721	Relative EC30	=	1.0			
CHEMBL2003	CHEMBL705	CHEMBL804927	Relative IC50	=	7.0			
CHEMBL2003	CHEMBL705	CHEMBL882721	Relative EC30	=	1.9			
CHEMBL2003	CHEMBL109539	CHEMBL804927	Relative IC50	=	187.0			
CHEMBL2003	CHEMBL109539	CHEMBL882721	Relative EC30	=	25.0			
CHEMBL2003	CHEMBL109539	CHEMBL800485	Efficacy	=	100.0			
CHEMBL2003	CHEMBL109785	CHEMBL882721	Relative EC30	=	230.0			
CHEMBL2003	CHEMBL109785	CHEMBL800485	Efficacy	=	107.0			
CHEMBL2003	CHEMBL1023	CHEMBL882721	Relative EC30	=	3400.0			
CHEMBL2003	CHEMBL1023	CHEMBL800485	Efficacy	=	47.0			
CHEMBL2003	CHEMBL109283	CHEMBL806478	Relative EC30					Not Active
CHEMBL2003	CHEMBL109283	CHEMBL800487	Efficacy					Not Active
CHEMBL2003	CHEMBL110002	CHEMBL806479	Relative EC30					Not Determined
CHEMBL2003	CHEMBL110002	CHEMBL800486	Efficacy					Not Active
CHEMBL2003	CHEMBL109993	CHEMBL804926	Relative EC30					Not Active
CHEMBL2003	CHEMBL109993	CHEMBL800487	Efficacy					Not Active
CHEMBL2003	CHEMBL82089	CHEMBL799690	EC50 ratio	=	14.0			
CHEMBL2003	CHEMBL82089	CHEMBL799692	Max	=	95.0	%		
CHEMBL2003	CHEMBL97692	CHEMBL799690	EC50 ratio	=	15.0			
CHEMBL2003	CHEMBL97692	CHEMBL799692	Max	=	90.0	%		
CHEMBL2003	CHEMBL100327	CHEMBL799690	EC50 ratio	=	100.0			
CHEMBL2003	CHEMBL100327	CHEMBL799692	Max	=	70.0	%		
CHEMBL2003	CHEMBL95646	CHEMBL799690	EC50 ratio	=	30.0			
CHEMBL2003	CHEMBL95646	CHEMBL799692	Max	=	47.0	%		
CHEMBL2003	CHEMBL97690	CHEMBL799690	EC50 ratio	=	8.0			
CHEMBL2003	CHEMBL97690	CHEMBL799692	Max	=	78.0	%		
CHEMBL2003	CHEMBL441638	CHEMBL799691	EC50 ratio					Not Active
CHEMBL2003	CHEMBL441638	CHEMBL799692	Max	=	0.0	%		
CHEMBL2003	CHEMBL95828	CHEMBL799690	EC50 ratio	=	2.0			
CHEMBL2003	CHEMBL95828	CHEMBL799692	Max	=	83.0	%		
CHEMBL2003	CHEMBL95261	CHEMBL799690	EC50 ratio	=	150.0			
CHEMBL2003	CHEMBL95261	CHEMBL799692	Max	=	64.0	%		
CHEMBL2003	CHEMBL317063	CHEMBL799690	EC50 ratio	=	5.6			
CHEMBL2003	CHEMBL317063	CHEMBL799692	Max	=	82.0	%		
CHEMBL2003	CHEMBL97421	CHEMBL799690	EC50 ratio	=	100.0			
CHEMBL2003	CHEMBL97421	CHEMBL799692	Max	=	64.0	%		
CHEMBL2003	CHEMBL309282	CHEMBL799690	EC50 ratio	=	1.4			
CHEMBL2003	CHEMBL309282	CHEMBL799692	Max	=	93.0	%		
CHEMBL2003	CHEMBL97049	CHEMBL799690	EC50 ratio	=	15.0			
CHEMBL2003	CHEMBL97049	CHEMBL799692	Max	=	92.0	%		
CHEMBL2003	CHEMBL95700	CHEMBL799690	EC50 ratio	=	1.0			
CHEMBL2003	CHEMBL95700	CHEMBL799692	Max	=	98.0	%		
CHEMBL2003	CHEMBL100261	CHEMBL799690	EC50 ratio	=	3.0			
CHEMBL2003	CHEMBL100261	CHEMBL799692	Max	=	70.0	%		
CHEMBL2003	CHEMBL329955	CHEMBL799691	EC50 ratio					Not Active
CHEMBL2003	CHEMBL329955	CHEMBL799692	Max	=	0.0	%		
CHEMBL2003	CHEMBL95844	CHEMBL799690	EC50 ratio	=	0.2			
CHEMBL2003	CHEMBL95844	CHEMBL799692	Max	=	77.0	%		
CHEMBL2003	CHEMBL95238	CHEMBL799690	EC50 ratio	=	75.0			
CHEMBL2003	CHEMBL95238	CHEMBL799692	Max	=	58.0	%		
CHEMBL2003	CHEMBL97263	CHEMBL799690	EC50 ratio	=	15.0			
CHEMBL2003	CHEMBL97263	CHEMBL799692	Max	=	91.0	%		
CHEMBL2003	CHEMBL95773	CHEMBL799690	EC50 ratio	=	8.0			
CHEMBL2003	CHEMBL95773	CHEMBL799692	Max	=	64.0	%		
CHEMBL2003	CHEMBL97769	CHEMBL799690	EC50 ratio	=	6.0			
CHEMBL2003	CHEMBL97769	CHEMBL799692	Max	=	53.0	%		
CHEMBL2003	CHEMBL319127	CHEMBL799691	EC50 ratio					Not Active
CHEMBL2003	CHEMBL319127	CHEMBL799692	Max	=	0.0	%		
CHEMBL2003	CHEMBL95953	CHEMBL799690	EC50 ratio	=	20.0			
CHEMBL2003	CHEMBL95953	CHEMBL799692	Max	=	70.0	%		
CHEMBL2003	CHEMBL318479	CHEMBL799690	EC50 ratio	=	100.0			
CHEMBL2003	CHEMBL318479	CHEMBL799692	Max	=	64.0	%		
CHEMBL2003	CHEMBL97045	CHEMBL799691	EC50 ratio					Not Active
CHEMBL2003	CHEMBL97045	CHEMBL799692	Max	=	0.0	%		
CHEMBL2003	CHEMBL99074	CHEMBL799690	EC50 ratio	=	6.7			
CHEMBL2003	CHEMBL99074	CHEMBL799692	Max	=	100.0	%		
CHEMBL2003	CHEMBL162345	CHEMBL797867	Kd	=	14.0	nM	7.85	
CHEMBL2003	CHEMBL162345	CHEMBL843953	IC50	=	2.0	nM	8.70	
CHEMBL2003	CHEMBL162345	CHEMBL856161	Inhibition	=	98.0	%		
CHEMBL2003	CHEMBL163223	CHEMBL797867	Kd	=	18.0	nM	7.75	
CHEMBL2003	CHEMBL163223	CHEMBL843952	IC50					Not Determined
CHEMBL2003	CHEMBL163530	CHEMBL797867	Kd	=	33.0	nM	7.48	
CHEMBL2003	CHEMBL163530	CHEMBL843953	IC50	=	4.0	nM	8.40	
CHEMBL2003	CHEMBL163530	CHEMBL856161	Inhibition	=	97.0	%		
CHEMBL2003	CHEMBL162393	CHEMBL797867	Kd	=	7.0	nM	8.15	
CHEMBL2003	CHEMBL162393	CHEMBL843953	IC50	=	2.0	nM	8.70	
CHEMBL2003	CHEMBL162393	CHEMBL856161	Inhibition	=	98.0	%		
CHEMBL2003	CHEMBL165417	CHEMBL797867	Kd	=	11.0	nM	7.96	
CHEMBL2003	CHEMBL165417	CHEMBL843953	IC50	=	2.0	nM	8.70	
CHEMBL2003	CHEMBL165417	CHEMBL856161	Inhibition	=	96.0	%		
CHEMBL2003	CHEMBL165629	CHEMBL797867	Kd	=	5.0	nM	8.30	
CHEMBL2003	CHEMBL165629	CHEMBL843953	IC50	=	0.5	nM	9.30	
CHEMBL2003	CHEMBL165629	CHEMBL856161	Inhibition	=	98.0	%		
CHEMBL2003	CHEMBL312737	CHEMBL800481	EC50			nM		Not Active
CHEMBL2003	CHEMBL312737	CHEMBL800484	Efficacy	=	2.0	%		
CHEMBL2003	CHEMBL312737	CHEMBL798020	Ki	>	1000.0	nM		
CHEMBL2003	CHEMBL80424	CHEMBL800481	EC50			nM		Not Active
CHEMBL2003	CHEMBL80424	CHEMBL800484	Efficacy	=	6.0	%		
CHEMBL2003	CHEMBL80424	CHEMBL798020	Ki	>	1000.0	nM		
CHEMBL2003	CHEMBL312233	CHEMBL800480	EC50	=	355.0	nM	6.45	
CHEMBL2003	CHEMBL312233	CHEMBL800484	Efficacy	=	31.0	%		
CHEMBL2003	CHEMBL312233	CHEMBL798020	Ki	>	1000.0	nM		
CHEMBL2003	CHEMBL1023	CHEMBL800481	EC50			nM		Not Active
CHEMBL2003	CHEMBL1023	CHEMBL800484	Efficacy	=	1.0	%		
CHEMBL2003	CHEMBL1023	CHEMBL798020	Ki	>	1000.0	nM		
CHEMBL2003	CHEMBL79234	CHEMBL800480	EC50	=	1146.0	nM	5.94	
CHEMBL2003	CHEMBL79234	CHEMBL800484	Efficacy	=	33.0	%		
CHEMBL2003	CHEMBL79234	CHEMBL798020	Ki	>	1000.0	nM		
CHEMBL2003	CHEMBL310047	CHEMBL800480	EC50	=	209.0	nM	6.68	
CHEMBL2003	CHEMBL310047	CHEMBL800484	Efficacy	=	16.0	%		
CHEMBL2003	CHEMBL310047	CHEMBL798020	Ki	>	1000.0	nM		
CHEMBL2003	CHEMBL80236	CHEMBL800480	EC50	=	1291.0	nM	5.89	
CHEMBL2003	CHEMBL80236	CHEMBL800484	Efficacy	=	22.0	%		
CHEMBL2003	CHEMBL80236	CHEMBL798020	Ki	>	1000.0	nM		
CHEMBL2003	CHEMBL312395	CHEMBL800480	EC50	=	1779.0	nM	5.75	
CHEMBL2003	CHEMBL312395	CHEMBL800484	Efficacy	=	23.0	%		
CHEMBL2003	CHEMBL312395	CHEMBL798020	Ki	>	1000.0	nM		
CHEMBL2003	CHEMBL75814	CHEMBL800481	EC50			nM		Not Active
CHEMBL2003	CHEMBL75814	CHEMBL800484	Efficacy	=	3.0	%		
CHEMBL2003	CHEMBL75814	CHEMBL798020	Ki	>	1000.0	nM		
CHEMBL2003	CHEMBL311113	CHEMBL800481	EC50			nM		Not Active
CHEMBL2003	CHEMBL311113	CHEMBL800484	Efficacy	=	3.0	%		
CHEMBL2003	CHEMBL311113	CHEMBL798020	Ki	>	1000.0	nM		
CHEMBL2003	CHEMBL38	CHEMBL836046	Activity	=	8.9			
CHEMBL2003	CHEMBL426963	CHEMBL836046	Activity	=	3.3			
CHEMBL2003	CHEMBL182393	CHEMBL836046	Activity	=	10.9			
CHEMBL2003	CHEMBL182565	CHEMBL836046	Activity	=	7.9			
CHEMBL2003	CHEMBL180440	CHEMBL836046	Activity	=	4.6			
CHEMBL2003	CHEMBL183509	CHEMBL836046	Activity	=	3.0			
CHEMBL2003	CHEMBL183400	CHEMBL836046	Activity	=	8.9			
CHEMBL2003	CHEMBL359912	CHEMBL836046	Activity	=	11.7			
CHEMBL2003	CHEMBL188638	CHEMBL834848	Relative activation	=	95.0	%		
CHEMBL2003	CHEMBL188638	CHEMBL834847	Relative activation	=	99.0	%		
CHEMBL2003	CHEMBL188638	CHEMBL834846	Relative activation	=	91.0	%		
CHEMBL2003	CHEMBL188638	CHEMBL834855	Relative activation	=	100.0	%		
CHEMBL2003	CHEMBL188638	CHEMBL834986	Relative activation	=	94.0	%		
CHEMBL2003	CHEMBL188638	CHEMBL834985	Relative activation	=	108.0	%		
CHEMBL2003	CHEMBL189191	CHEMBL834848	Relative activation	=	89.0	%		
CHEMBL2003	CHEMBL189191	CHEMBL834847	Relative activation	=	94.0	%		
CHEMBL2003	CHEMBL189191	CHEMBL834846	Relative activation	=	110.0	%		
CHEMBL2003	CHEMBL705	CHEMBL880877	Kd	=	0.8	nM	9.10	
CHEMBL2003	CHEMBL38	CHEMBL880877	Kd	=	0.2	nM	9.70	
CHEMBL2003	CHEMBL275311	CHEMBL880877	Kd	=	26.0	nM	7.58	
CHEMBL2003	CHEMBL32505	CHEMBL880877	Kd	=	645.0	nM	6.19	
CHEMBL2003	CHEMBL75133	CHEMBL880877	Kd	>	30000.0	nM		
CHEMBL2003	CHEMBL308377	CHEMBL880877	Kd	>	10000.0	nM		
CHEMBL2003	CHEMBL196409	CHEMBL881213	Kd			nM		Not Active
CHEMBL2003	CHEMBL462134	CHEMBL970652	Activity					Not Active
CHEMBL2003	CHEMBL447382	CHEMBL970652	Activity					Not Active
CHEMBL2003	CHEMBL448905	CHEMBL970652	Activity					Not Active
CHEMBL2003	CHEMBL481273	CHEMBL970652	Activity					Not Active
CHEMBL2003	CHEMBL481272	CHEMBL970652	Activity					Not Active
CHEMBL2003	CHEMBL507489	CHEMBL970652	Activity					Not Active
CHEMBL2003	CHEMBL442636	CHEMBL970652	Activity					Not Active
CHEMBL2003	CHEMBL514274	CHEMBL970652	Activity					Not Active
CHEMBL2003	CHEMBL458326	CHEMBL970652	Activity					Not Active
CHEMBL2003	CHEMBL516652	CHEMBL970652	Activity					Not Active
CHEMBL2003	CHEMBL459680	CHEMBL970652	Activity					Not Active
CHEMBL2003	CHEMBL472172	CHEMBL974476	Activity					Active
CHEMBL2003	CHEMBL462134	CHEMBL974476	Activity	=	30.0	%		
CHEMBL2003	CHEMBL459680	CHEMBL974476	Activity					Active
CHEMBL2003	CHEMBL481273	CHEMBL974476	Activity					Not Active
CHEMBL2003	CHEMBL481272	CHEMBL974476	Activity					Active
CHEMBL2003	CHEMBL454138	CHEMBL944628	Activity					Not Active
CHEMBL2003	CHEMBL454138	CHEMBL948827	Activity					Not Active
CHEMBL2003	CHEMBL508378	CHEMBL1023992	Activity					Active
CHEMBL2003	CHEMBL275311	CHEMBL1023992	Activity					Active
CHEMBL2003	CHEMBL457645	CHEMBL1023992	Activity					Active
CHEMBL2003	CHEMBL513434	CHEMBL1023992	Activity					Active
CHEMBL2003	CHEMBL2021517	CHEMBL1023992	Activity					Active
CHEMBL2003	CHEMBL2021516	CHEMBL1023992	Activity					Active
CHEMBL2003	CHEMBL455992	CHEMBL1023992	Activity					Active
CHEMBL2003	CHEMBL2021515	CHEMBL1023992	Activity					Active
CHEMBL2003	CHEMBL457775	CHEMBL1029012	EC50	=	10.0	nM	8.00	
CHEMBL2003	CHEMBL511855	CHEMBL1029012	EC50	>	1000.0	nM		
CHEMBL2003	CHEMBL468607	CHEMBL1029012	EC50	>	1000.0	nM		
CHEMBL2003	CHEMBL451835	CHEMBL1029012	EC50	=	0.6	nM	9.22	
CHEMBL2003	CHEMBL468608	CHEMBL1029012	EC50	=	91.0	nM	7.04	
CHEMBL2003	CHEMBL69367	CHEMBL1022117	Efficacy	=	99.0	%		
CHEMBL2003	CHEMBL198997	CHEMBL1022117	Efficacy	=	48.0	%		
CHEMBL2003	CHEMBL472238	CHEMBL1022117	Efficacy	=	63.0	%		
CHEMBL2003	CHEMBL524687	CHEMBL1022117	Efficacy	=	84.0	%		
CHEMBL2003	CHEMBL38	CHEMBL1022117	Efficacy	=	116.0	%		
CHEMBL2003	CHEMBL472476	CHEMBL1022117	Activity					Not Active
CHEMBL2003	CHEMBL470588	CHEMBL1022117	Activity					Not Active
CHEMBL2003	CHEMBL425027	CHEMBL1022118	Efficacy	=	31.0	%		
CHEMBL2003	CHEMBL471422	CHEMBL1022118	Efficacy	=	54.0	%		
CHEMBL2003	CHEMBL513760	CHEMBL1022118	Efficacy	=	37.0	%		
CHEMBL2003	CHEMBL469281	CHEMBL1022118	Efficacy	=	31.0	%		
CHEMBL2003	CHEMBL69367	CHEMBL1022119	EC50	=	25.12	nM	7.60	
CHEMBL2003	CHEMBL198997	CHEMBL1022119	EC50	=	501.19	nM	6.30	
CHEMBL2003	CHEMBL472238	CHEMBL1022119	EC50	=	630.96	nM	6.20	
CHEMBL2003	CHEMBL470588	CHEMBL1022119	EC50	<	10000.0	nM		
CHEMBL2003	CHEMBL472476	CHEMBL1022119	EC50	<	10000.0	nM		
CHEMBL2003	CHEMBL524687	CHEMBL1022119	EC50	=	158.49	nM	6.80	
CHEMBL2003	CHEMBL38	CHEMBL1022119	EC50	=	50.12	nM	7.30	
CHEMBL2003	CHEMBL467748	CHEMBL1029012	EC50	>	1000.0	nM		
CHEMBL2003	CHEMBL69367	CHEMBL1029012	EC50	=	13.0	nM	7.89	
CHEMBL2003	CHEMBL468623	CHEMBL1029012	EC50	>	1000.0	nM		
CHEMBL2003	CHEMBL1657	CHEMBL1029012	EC50	=	40.0	nM	7.40	
CHEMBL2003	CHEMBL38	CHEMBL1029012	EC50	=	0.2	nM	9.70	
CHEMBL2003	CHEMBL457775	CHEMBL1029013	Efficacy	=	44.0	%		
CHEMBL2003	CHEMBL511855	CHEMBL1029016	Efficacy	<	10.0	%		
CHEMBL2003	CHEMBL468607	CHEMBL1029016	Efficacy	<	10.0	%		
CHEMBL2003	CHEMBL451835	CHEMBL1029014	Efficacy	=	125.0	%		
CHEMBL2003	CHEMBL468608	CHEMBL1029014	Efficacy	=	48.0	%		
CHEMBL2003	CHEMBL467748	CHEMBL1029016	Efficacy	<	10.0	%		
CHEMBL2003	CHEMBL69367	CHEMBL1029014	Efficacy	=	43.0	%		
CHEMBL2003	CHEMBL468623	CHEMBL1029016	Efficacy	<	10.0	%		
CHEMBL2003	CHEMBL1657	CHEMBL1029014	Efficacy	=	72.0	%		
CHEMBL2003	CHEMBL38	CHEMBL1029014	Efficacy	=	100.0	%		
CHEMBL2003	CHEMBL564563	CHEMBL1029367	Activity					Not Active
CHEMBL2003	CHEMBL563805	CHEMBL1029367	Activity					Not Active
CHEMBL2003	CHEMBL560351	CHEMBL1029367	Activity					Not Active
CHEMBL2003	CHEMBL462134	CHEMBL1029367	Activity					Not Active
CHEMBL2003	CHEMBL554740	CHEMBL1029367	Activity					Not Active
CHEMBL2003	CHEMBL565088	CHEMBL1029367	Activity					Not Active
CHEMBL2003	CHEMBL564037	CHEMBL1029367	Activity					Not Active
CHEMBL2003	CHEMBL563488	CHEMBL1029367	Activity					Not Active
CHEMBL2003	CHEMBL176252	CHEMBL1031898	Activity	=	83.0	%		
CHEMBL2003	CHEMBL462134	CHEMBL1029374	Activity					Active
CHEMBL2003	CHEMBL564037	CHEMBL1029374	Activity					Not Active
CHEMBL2003	CHEMBL564563	CHEMBL1029374	Activity					Not Active
CHEMBL2003	CHEMBL563805	CHEMBL1029374	Activity					Not Active
CHEMBL2003	CHEMBL560351	CHEMBL1029374	Activity					Not Active
CHEMBL2003	CHEMBL554740	CHEMBL1029374	Activity					Not Active
CHEMBL2003	CHEMBL565088	CHEMBL1029374	Activity					Not Active
CHEMBL2003	CHEMBL472172	CHEMBL1029375	Activity					Active
CHEMBL2003	CHEMBL550796	CHEMBL1063215	IC50	=	40.0	nM	7.40	
CHEMBL2003	CHEMBL1209109	CHEMBL1211339	EC50	>	10000.0	nM		
CHEMBL2003	CHEMBL1209170	CHEMBL1211339	EC50	>	10000.0	nM		
CHEMBL2003	CHEMBL1209173	CHEMBL1211339	EC50	>	10000.0	nM		
CHEMBL2003	CHEMBL1209109	CHEMBL1211356	Efficacy	=	0.0	%		
CHEMBL2003	CHEMBL1209170	CHEMBL1211356	Efficacy	=	0.0	%		
CHEMBL2003	CHEMBL1209173	CHEMBL1211356	Efficacy	=	0.0	%		
CHEMBL2003	CHEMBL25202	CHEMBL1274441	EC50	=	591.0	nM	6.23	
CHEMBL2003	CHEMBL442016	CHEMBL1815846	Activity	=	103.0	%		
CHEMBL2003	CHEMBL1180	CHEMBL1815846	Activity	=	88.0	%		
CHEMBL2003	CHEMBL442016	CHEMBL1815810	FC	=	25.0			
CHEMBL2003	CHEMBL1180	CHEMBL1815810	FC	=	50.0			
CHEMBL2003	CHEMBL1961796	CHEMBL1961830	Inhibition			%		Not Active
CHEMBL2003	CHEMBL1961797	CHEMBL1961830	Inhibition			%		Not Active
CHEMBL2003	CHEMBL2332887	CHEMBL2341871	Activity					Active
CHEMBL2003	CHEMBL38	CHEMBL2401371	FC	=	65.0			
CHEMBL2003	CHEMBL2398366	CHEMBL2401371	FC	=	56.0			
CHEMBL2003	CHEMBL2398383	CHEMBL2401371	FC	=	25.0			
CHEMBL2003	CHEMBL2398382	CHEMBL2401371	FC	=	20.0			
CHEMBL2003	CHEMBL2398365	CHEMBL2401371	FC	=	10.0			
CHEMBL2003	CHEMBL2398375	CHEMBL2401371	FC	=	7.0			
CHEMBL2003	CHEMBL2398367	CHEMBL2401371	FC	=	5.0			
CHEMBL2003	CHEMBL25202	CHEMBL2401371	FC	=	5.0			
CHEMBL2003	CHEMBL2398381	CHEMBL2401371	FC	=	4.0			
CHEMBL2003	CHEMBL2398380	CHEMBL2401371	FC	=	3.0			
CHEMBL2003	CHEMBL2398370	CHEMBL2401371	FC	=	2.0			
CHEMBL2003	CHEMBL2398369	CHEMBL2401371	FC	=	2.0			
CHEMBL2003	CHEMBL2398368	CHEMBL2401371	FC	=	2.0			
CHEMBL2003	CHEMBL2398364	CHEMBL2401371	FC	=	2.0			
CHEMBL2003	CHEMBL2398359	CHEMBL2401371	FC	=	2.0			
CHEMBL2003	CHEMBL2398356	CHEMBL2401371	FC	=	2.0			
CHEMBL2003	CHEMBL2398355	CHEMBL2401371	FC	=	2.0			
CHEMBL2003	CHEMBL2398376	CHEMBL2401371	FC	=	2.0			
CHEMBL2003	CHEMBL2398363	CHEMBL2401371	FC	=	1.0			
CHEMBL2003	CHEMBL2398362	CHEMBL2401371	FC	=	1.0			
CHEMBL2003	CHEMBL2398361	CHEMBL2401371	FC	=	1.0			
CHEMBL2003	CHEMBL2398360	CHEMBL2401371	FC	=	1.0			
CHEMBL2003	CHEMBL2398358	CHEMBL2401371	FC	=	1.0			
CHEMBL2003	CHEMBL2398357	CHEMBL2401371	FC	=	1.0			
CHEMBL2003	CHEMBL2398354	CHEMBL2401371	FC	=	1.0			
CHEMBL2003	CHEMBL2398353	CHEMBL2401371	FC	=	1.0			
CHEMBL2003	CHEMBL2398385	CHEMBL2401371	FC	=	1.0			
CHEMBL2003	CHEMBL2398384	CHEMBL2401371	FC	=	1.0			
CHEMBL2003	CHEMBL2396673	CHEMBL2401371	FC	=	1.0			
CHEMBL2003	CHEMBL2398379	CHEMBL2401371	FC	=	1.0			
CHEMBL2003	CHEMBL2398378	CHEMBL2401371	FC	=	1.0			
CHEMBL2003	CHEMBL2398377	CHEMBL2401371	FC	=	1.0			
CHEMBL2003	CHEMBL2398374	CHEMBL2401371	FC	=	1.0			
CHEMBL2003	CHEMBL2398373	CHEMBL2401371	FC	=	1.0			
CHEMBL2003	CHEMBL2398372	CHEMBL2401371	FC	=	1.0			
CHEMBL2003	CHEMBL2398371	CHEMBL2401371	FC	=	1.0			
CHEMBL2003	CHEMBL373364	CHEMBL3224188	IC50	=	1200.0	nM	5.92	
CHEMBL2003	CHEMBL381434	CHEMBL3224188	IC50	=	22000.0	nM	4.66	
CHEMBL2003	CHEMBL205627	CHEMBL3224188	IC50	>	1000000.0	nM		
CHEMBL2003	CHEMBL1778373	CHEMBL3224188	IC50	=	19000.0	nM	4.72	
CHEMBL2003	CHEMBL1476397	CHEMBL3367190	EC50	>	1000.0	nM		
CHEMBL2003	CHEMBL3319093	CHEMBL3370746	Inhibition			%		Active
CHEMBL2003	CHEMBL3596632	CHEMBL3599041	Inhibition	<	50.0	%		
CHEMBL2003	CHEMBL3596632	CHEMBL3599163	Activity	<	50.0	%		
CHEMBL2003	CHEMBL3814574	CHEMBL3817427	Kb	=	2.2	nM		
CHEMBL2003	CHEMBL3813807	CHEMBL3817427	Kb	=	13.5	nM		
CHEMBL2003	CHEMBL3814015	CHEMBL3817427	Kb	=	11.1	nM		
CHEMBL2003	CHEMBL3813975	CHEMBL3817427	Kb	=	14.7	nM		
CHEMBL2003	CHEMBL3814385	CHEMBL3817427	Kb	=	21.3	nM		
CHEMBL2003	CHEMBL3813702	CHEMBL3817427	Kb	=	7.2	nM		
CHEMBL2003	CHEMBL2385268	CHEMBL3817427	Kb	=	18.5	nM		
CHEMBL2003	CHEMBL3814815	CHEMBL3817427	Kb	=	7.1	nM		
CHEMBL2003	CHEMBL3814574	CHEMBL3817428	Imax	>	100.0	%		
CHEMBL2003	CHEMBL3813807	CHEMBL3817428	Imax	>	100.0	%		
CHEMBL2003	CHEMBL3814015	CHEMBL3817428	Imax	>	100.0	%		
CHEMBL2003	CHEMBL3813975	CHEMBL3817428	Imax	=	79.0	%		
CHEMBL2003	CHEMBL3814385	CHEMBL3817428	Imax	>	100.0	%		
CHEMBL2003	CHEMBL3813702	CHEMBL3817428	Imax	>	100.0	%		
CHEMBL2003	CHEMBL2385268	CHEMBL3817428	Imax	>	100.0	%		
CHEMBL2003	CHEMBL3814815	CHEMBL3817428	Imax	>	100.0	%		
CHEMBL2003	CHEMBL3105681	CHEMBL3868204	IC50	>	10000.0	nM		
CHEMBL2003	CHEMBL3977048	CHEMBL3868204	IC50	>	10000.0	nM		
CHEMBL2003	CHEMBL3218921	CHEMBL3868204	IC50	=	1300.0	nM	5.89	
CHEMBL2003	CHEMBL3924898	CHEMBL3868204	IC50	>	10000.0	nM		
CHEMBL2003	CHEMBL3943864	CHEMBL3868204	IC50	>	10000.0	nM		
CHEMBL2003	CHEMBL3915908	CHEMBL3868204	IC50	>	10000.0	nM		
CHEMBL2003	CHEMBL3972391	CHEMBL3868204	IC50					Not Determined
CHEMBL2003	CHEMBL3942787	CHEMBL3868204	IC50	=	4400.0	nM	5.36	
CHEMBL2003	CHEMBL3961289	CHEMBL3868204	IC50	>	10000.0	nM		
CHEMBL2003	CHEMBL3933815	CHEMBL3868204	IC50	=	5600.0	nM	5.25	
CHEMBL2003	CHEMBL3956564	CHEMBL3868204	IC50	>	10000.0	nM		
CHEMBL2003	CHEMBL3986751	CHEMBL3868204	IC50	=	8400.0	nM	5.08	
CHEMBL2003	CHEMBL3938602	CHEMBL3868204	IC50	>	10000.0	nM		
CHEMBL2003	CHEMBL3968165	CHEMBL3868204	IC50	=	1400.0	nM	5.85	
CHEMBL2003	CHEMBL3929577	CHEMBL3868204	IC50	>	10000.0	nM		
CHEMBL2003	CHEMBL3957141	CHEMBL3868204	IC50	=	6800.0	nM	5.17	
CHEMBL2003	CHEMBL3920663	CHEMBL3868204	IC50	>	10000.0	nM		
CHEMBL2003	CHEMBL3948459	CHEMBL3868204	IC50	=	3500.0	nM	5.46	
CHEMBL2003	CHEMBL3911731	CHEMBL3868204	IC50	>	10000.0	nM		
CHEMBL2003	CHEMBL3939711	CHEMBL3868204	IC50	>	10000.0	nM		
CHEMBL2003	CHEMBL3911834	CHEMBL3868204	IC50	>	10000.0	nM		
CHEMBL2003	CHEMBL3938989	CHEMBL3868204	IC50	>	10000.0	nM		
CHEMBL2003	CHEMBL3942648	CHEMBL3868204	IC50	>	10000.0	nM		
CHEMBL2003	CHEMBL3914641	CHEMBL3868204	IC50	>	10000.0	nM		
CHEMBL2003	CHEMBL3951385	CHEMBL3868204	IC50	=	2700.0	nM	5.57	
CHEMBL2003	CHEMBL3923672	CHEMBL3868204	IC50	>	10000.0	nM		
CHEMBL2003	CHEMBL3924764	CHEMBL3868204	IC50	>	10000.0	nM		
CHEMBL2003	CHEMBL3896717	CHEMBL3868204	IC50	>	10000.0	nM		
CHEMBL2003	CHEMBL3933686	CHEMBL3868204	IC50	>	10000.0	nM		
CHEMBL2003	CHEMBL3905660	CHEMBL3868204	IC50	=	4100.0	nM	5.39	
CHEMBL2003	CHEMBL3979349	CHEMBL3868204	IC50	>	10000.0	nM		
CHEMBL2003	CHEMBL3950318	CHEMBL3868204	IC50	=	4200.0	nM	5.38	
CHEMBL2003	CHEMBL3940207	CHEMBL3868204	IC50	=	7700.0	nM	5.11	
CHEMBL2003	CHEMBL3912204	CHEMBL3868204	IC50	>	10000.0	nM		
CHEMBL2003	CHEMBL3931161	CHEMBL3868204	IC50	=	7200.0	nM	5.14	
CHEMBL2003	CHEMBL3928131	CHEMBL3868204	IC50	=	1100.0	nM	5.96	
CHEMBL2003	CHEMBL3922245	CHEMBL3868204	IC50	>	10000.0	nM		
CHEMBL2003	CHEMBL3894222	CHEMBL3868204	IC50	=	800.0	nM	6.10	
CHEMBL2003	CHEMBL3913238	CHEMBL3868204	IC50	=	7600.0	nM	5.12	
CHEMBL2003	CHEMBL3983082	CHEMBL3868204	IC50	>	10000.0	nM		
CHEMBL2003	CHEMBL3977144	CHEMBL3868204	IC50	=	1400.0	nM	5.85	
CHEMBL2003	CHEMBL3947885	CHEMBL3868204	IC50	=	4500.0	nM	5.35	
CHEMBL2003	CHEMBL3920454	CHEMBL3868204	IC50	=	6200.0	nM	5.21	
CHEMBL2003	CHEMBL3948265	CHEMBL3868204	IC50	>	10000.0	nM		
CHEMBL2003	CHEMBL3929358	CHEMBL3868204	IC50	>	10000.0	nM		
CHEMBL2003	CHEMBL3956929	CHEMBL3868204	IC50	=	6800.0	nM	5.17	
CHEMBL2003	CHEMBL3938404	CHEMBL3868204	IC50	=	3800.0	nM	5.42	
CHEMBL2003	CHEMBL3967961	CHEMBL3868204	IC50	=	1900.0	nM	5.72	
CHEMBL2003	CHEMBL3947182	CHEMBL3868204	IC50	>	10000.0	nM		
CHEMBL2003	CHEMBL3976477	CHEMBL3868204	IC50	=	9100.0	nM	5.04	
CHEMBL2003	CHEMBL3982499	CHEMBL3868204	IC50	=	5700.0	nM	5.24	
CHEMBL2003	CHEMBL3929988	CHEMBL3868204	IC50	>	10000.0	nM		
CHEMBL2003	CHEMBL3917164	CHEMBL3868204	IC50	>	10000.0	nM		
CHEMBL2003	CHEMBL3960035	CHEMBL3880817	Kd	=	2.0	nM	8.70	
CHEMBL2003	CHEMBL3957342	CHEMBL3880817	Kd	=	0.5	nM	9.30	
CHEMBL2003	CHEMBL3936922	CHEMBL3880817	Kd	=	0.25	nM	9.60	
CHEMBL2003	CHEMBL3939687	CHEMBL3880817	Kd	=	0.12	nM	9.92	
CHEMBL2003	CHEMBL3891815	CHEMBL3880817	Kd	=	2.0	nM	8.70	
CHEMBL2003	CHEMBL3901588	CHEMBL3880817	Kd	=	0.5	nM	9.30	
CHEMBL2003	CHEMBL3951072	CHEMBL3880817	Kd	=	30.0	nM	7.52	
CHEMBL2003	CHEMBL3953756	CHEMBL3880817	Kd	=	1.0	nM	9.00	
CHEMBL2003	CHEMBL3934863	CHEMBL3880817	Kd	=	30.0	nM	7.52	
CHEMBL2003	CHEMBL3916016	CHEMBL3880817	Kd	=	2.0	nM	8.70	
CHEMBL2003	CHEMBL3707313	CHEMBL3880817	Kd	=	2.0	nM	8.70	
CHEMBL2003	CHEMBL3931870	CHEMBL3880817	Kd	=	0.5	nM	9.30	
CHEMBL2003	CHEMBL3926084	CHEMBL3880817	Kd	=	8.0	nM	8.10	
CHEMBL2003	CHEMBL3892845	CHEMBL3880817	Kd	=	30.0	nM	7.52	
CHEMBL2003	CHEMBL3954703	CHEMBL3880817	Kd	=	120.0	nM	6.92	
CHEMBL2003	CHEMBL3945228	CHEMBL3880817	Kd	=	0.25	nM	9.60	
CHEMBL2003	CHEMBL3910072	CHEMBL3880817	Kd	=	60.0	nM	7.22	
CHEMBL2003	CHEMBL3907274	CHEMBL3880817	Kd	=	0.25	nM	9.60	
CHEMBL2003	CHEMBL1237061	CHEMBL3998742	Inhibition			%		Not Active
CHEMBL2003	CHEMBL2220442	CHEMBL3998742	Inhibition			%		Not Active
CHEMBL2003	CHEMBL219916	CHEMBL3998742	Inhibition			%		Not Active
CHEMBL2003	CHEMBL843	CHEMBL3998742	Inhibition			%		Not Active
CHEMBL2003	CHEMBL1237061	CHEMBL3998745	Activity					Not Active
CHEMBL2003	CHEMBL2220442	CHEMBL3998745	Activity					Not Active
CHEMBL2003	CHEMBL219916	CHEMBL3998745	Activity					Not Active
CHEMBL2003	CHEMBL843	CHEMBL3998745	Activity					Not Active
CHEMBL2003	CHEMBL4066332	CHEMBL4019431	Activity					Not Active
CHEMBL2003	CHEMBL108402	CHEMBL4037127	EC50	>	10000.0	nM		
CHEMBL2003	CHEMBL107039	CHEMBL4037127	EC50	>	10000.0	nM		
CHEMBL2003	CHEMBL1023	CHEMBL4037127	EC50	>	10000.0	nM		
CHEMBL2003	CHEMBL4077016	CHEMBL4040806	Inhibition			%		Not Active
CHEMBL2003	CHEMBL4077016	CHEMBL4040791	Activity					Not Active
CHEMBL2003	CHEMBL1545045	CHEMBL4150342	Activity					Not Active
CHEMBL2003	CHEMBL4217784	CHEMBL4188166	Activity					Not Active
CHEMBL2003	CHEMBL1265	CHEMBL4195063	EC50	=	3.1	nM	8.51	
CHEMBL2003	CHEMBL4212472	CHEMBL4195063	EC50	=	11.0	nM	7.96	
CHEMBL2003	CHEMBL97080	CHEMBL4195063	EC50	=	46.0	nM	7.34	
CHEMBL2003	CHEMBL4216904	CHEMBL4195063	EC50	=	51.0	nM	7.29	
CHEMBL2003	CHEMBL1180	CHEMBL4195063	EC50	=	49.0	nM	7.31	
CHEMBL2003	CHEMBL4203742	CHEMBL4195063	EC50	=	22.0	nM	7.66	
CHEMBL2003	CHEMBL4206237	CHEMBL4195063	EC50	=	2.0	nM	8.70	
CHEMBL2003	CHEMBL4217953	CHEMBL4195063	EC50	=	6.0	nM	8.22	
CHEMBL2003	CHEMBL4210595	CHEMBL4195063	EC50	=	0.22	nM	9.66	
CHEMBL2003	CHEMBL4205733	CHEMBL4195063	EC50	=	0.92	nM	9.04	
CHEMBL2003	CHEMBL4215021	CHEMBL4195063	EC50	=	8.0	nM	8.10	
CHEMBL2003	CHEMBL4210099	CHEMBL4195063	EC50	=	4.4	nM	8.36	
CHEMBL2003	CHEMBL4202830	CHEMBL4195063	EC50	=	1.4	nM	8.85	
CHEMBL2003	CHEMBL4214493	CHEMBL4195063	EC50	=	60.0	nM	7.22	
CHEMBL2003	CHEMBL4205304	CHEMBL4195063	EC50	=	279.0	nM	6.55	
CHEMBL2003	CHEMBL4217018	CHEMBL4195063	EC50	=	47.0	nM	7.33	
CHEMBL2003	CHEMBL4215630	CHEMBL4195063	EC50	=	120.0	nM	6.92	
CHEMBL2003	CHEMBL4203950	CHEMBL4195063	EC50	=	422.0	nM	6.38	
CHEMBL2003	CHEMBL4211195	CHEMBL4195063	EC50	=	168.0	nM	6.78	
CHEMBL2003	CHEMBL4216161	CHEMBL4195063	EC50	=	7.4	nM	8.13	
CHEMBL2003	CHEMBL4207786	CHEMBL4195063	EC50	=	15.0	nM	7.82	
CHEMBL2003	CHEMBL4212684	CHEMBL4195063	EC50	=	85.0	nM	7.07	
CHEMBL2003	CHEMBL3960035	CHEMBL4195063	EC50	=	4.7	nM	8.33	
CHEMBL2003	CHEMBL3953756	CHEMBL4195063	EC50	=	10.0	nM	8.00	
CHEMBL2003	CHEMBL3939687	CHEMBL4195063	EC50	=	1.9	nM	8.72	
CHEMBL2003	CHEMBL3916016	CHEMBL4195063	EC50	=	2.1	nM	8.68	
CHEMBL2003	CHEMBL3891815	CHEMBL4195063	EC50	=	20.0	nM	7.70	
CHEMBL2003	CHEMBL3936922	CHEMBL4195063	EC50	=	3.6	nM	8.44	
CHEMBL2003	CHEMBL3707313	CHEMBL4195063	EC50	=	7.7	nM	8.11	
CHEMBL2003	CHEMBL3910072	CHEMBL4195063	EC50	=	918.0	nM	6.04	
CHEMBL2003	CHEMBL4207978	CHEMBL4195063	EC50	=	67.0	nM	7.17	
CHEMBL2003	CHEMBL4211171	CHEMBL4195063	EC50	>	10000.0	nM		
CHEMBL2003	CHEMBL3934863	CHEMBL4195071	EC50	=	53.0	nM	7.28	
CHEMBL2003	CHEMBL4210286	CHEMBL4195071	EC50	=	353.0	nM	6.45	
CHEMBL2003	CHEMBL38	CHEMBL4220763	EC50	=	14.7	nM	7.83	
CHEMBL2003	CHEMBL512879	CHEMBL4220763	EC50	=	141.3	nM	6.85	
CHEMBL2003	CHEMBL4226012	CHEMBL4220763	EC50	=	383.0	nM	6.42	
CHEMBL2003	CHEMBL4226854	CHEMBL4220763	EC50	=	847.2	nM	6.07	
CHEMBL2003	CHEMBL4226389	CHEMBL4220763	EC50	=	109.2	nM	6.96	
CHEMBL2003	CHEMBL4224900	CHEMBL4220763	EC50	=	98.9	nM	7.00	
CHEMBL2003	CHEMBL4226803	CHEMBL4222793	IC50	>	10000.0	nM		
CHEMBL2003	CHEMBL4226421	CHEMBL4222793	IC50					Not Determined
CHEMBL2003	CHEMBL4549060	CHEMBL4306857	Activity					Not Active
CHEMBL2003	CHEMBL4463668	CHEMBL4306857	Activity					Not Active
CHEMBL2003	CHEMBL4583953	CHEMBL4308205	Activity					Active
CHEMBL2003	CHEMBL4515368	CHEMBL4308239	Activity					Active
CHEMBL2003	CHEMBL4476449	CHEMBL4308239	Activity					Active
CHEMBL2003	CHEMBL1381178	CHEMBL4334384	Activity					Active
CHEMBL2003	CHEMBL38	CHEMBL4414390	EC50	=	6.0	nM	8.22	
CHEMBL2003	CHEMBL5084377	CHEMBL5044832	Activity					Not Active
CHEMBL2003	CHEMBL428	CHEMBL5291876	AC50	>	30000.0	nM		"Summarised AC50 (mean value for measurements with a relation sign ""=""; largest value for measurements with relation sign "">"")"
CHEMBL2003	CHEMBL957	CHEMBL5291876	AC50	>	30000.0	nM		"Summarised AC50 (mean value for measurements with a relation sign ""=""; largest value for measurements with relation sign "">"")"
CHEMBL2003	CHEMBL56337	CHEMBL5291876	AC50	>	30000.0	nM		"Summarised AC50 (mean value for measurements with a relation sign ""=""; largest value for measurements with relation sign "">"")"
CHEMBL2003	CHEMBL691	CHEMBL5291876	AC50	>	30000.0	nM		"Summarised AC50 (mean value for measurements with a relation sign ""=""; largest value for measurements with relation sign "">"")"
CHEMBL2003	CHEMBL121	CHEMBL5291876	AC50	>	30000.0	nM		"Summarised AC50 (mean value for measurements with a relation sign ""=""; largest value for measurements with relation sign "">"")"
CHEMBL2003	CHEMBL139	CHEMBL5291876	AC50	>	30000.0	nM		"Summarised AC50 (mean value for measurements with a relation sign ""=""; largest value for measurements with relation sign "">"")"
CHEMBL2003	CHEMBL408	CHEMBL5291876	AC50	>	30000.0	nM		"Summarised AC50 (mean value for measurements with a relation sign ""=""; largest value for measurements with relation sign "">"")"
CHEMBL2003	CHEMBL421	CHEMBL5291876	AC50	>	30000.0	nM		"Summarised AC50 (mean value for measurements with a relation sign ""=""; largest value for measurements with relation sign "">"")"
CHEMBL2003	CHEMBL833	CHEMBL5291876	AC50	>	30000.0	nM		"Summarised AC50 (mean value for measurements with a relation sign ""=""; largest value for measurements with relation sign "">"")"
CHEMBL2003	CHEMBL160	CHEMBL5291876	AC50	>	30000.0	nM		"Summarised AC50 (mean value for measurements with a relation sign ""=""; largest value for measurements with relation sign "">"")"
CHEMBL2003	CHEMBL38	CHEMBL5291876	AC50	=	1200.0	nM	5.92	"Summarised AC50 (mean value for measurements with a relation sign ""=""; largest value for measurements with relation sign "">"")"
CHEMBL2003	CHEMBL1272	CHEMBL5291876	AC50	>	30000.0	nM		"Summarised AC50 (mean value for measurements with a relation sign ""=""; largest value for measurements with relation sign "">"")"
CHEMBL2003	CHEMBL1481	CHEMBL5291876	AC50	>	30000.0	nM		"Summarised AC50 (mean value for measurements with a relation sign ""=""; largest value for measurements with relation sign "">"")"
CHEMBL2003	CHEMBL521	CHEMBL5291876	AC50	>	30000.0	nM		"Summarised AC50 (mean value for measurements with a relation sign ""=""; largest value for measurements with relation sign "">"")"
CHEMBL2003	CHEMBL64391	CHEMBL5291876	AC50	>	30000.0	nM		"Summarised AC50 (mean value for measurements with a relation sign ""=""; largest value for measurements with relation sign "">"")"
CHEMBL2003	CHEMBL1082	CHEMBL5291876	AC50	>	30000.0	nM		"Summarised AC50 (mean value for measurements with a relation sign ""=""; largest value for measurements with relation sign "">"")"
CHEMBL2003	CHEMBL374478	CHEMBL5291876	AC50	>	30000.0	nM		"Summarised AC50 (mean value for measurements with a relation sign ""=""; largest value for measurements with relation sign "">"")"
CHEMBL2003	CHEMBL111	CHEMBL5291876	AC50	>	30000.0	nM		"Summarised AC50 (mean value for measurements with a relation sign ""=""; largest value for measurements with relation sign "">"")"
CHEMBL2003	CHEMBL715	CHEMBL5291876	AC50	>	30000.0	nM		"Summarised AC50 (mean value for measurements with a relation sign ""=""; largest value for measurements with relation sign "">"")"
CHEMBL2003	CHEMBL1487	CHEMBL5291876	AC50	>	30000.0	nM		"Summarised AC50 (mean value for measurements with a relation sign ""=""; largest value for measurements with relation sign "">"")"
CHEMBL2003	CHEMBL1316	CHEMBL5291876	AC50	>	30000.0	nM		"Summarised AC50 (mean value for measurements with a relation sign ""=""; largest value for measurements with relation sign "">"")"
CHEMBL2003	CHEMBL495	CHEMBL5291876	AC50	>	30000.0	nM		"Summarised AC50 (mean value for measurements with a relation sign ""=""; largest value for measurements with relation sign "">"")"
CHEMBL2003	CHEMBL112	CHEMBL5291876	AC50	>	30000.0	nM		"Summarised AC50 (mean value for measurements with a relation sign ""=""; largest value for measurements with relation sign "">"")"
CHEMBL2003	CHEMBL157101	CHEMBL5291876	AC50	>	30000.0	nM		"Summarised AC50 (mean value for measurements with a relation sign ""=""; largest value for measurements with relation sign "">"")"
CHEMBL2003	CHEMBL198362	CHEMBL5291876	AC50	>	30000.0	nM		"Summarised AC50 (mean value for measurements with a relation sign ""=""; largest value for measurements with relation sign "">"")"
CHEMBL2003	CHEMBL383634	CHEMBL5291876	AC50	>	30000.0	nM		"Summarised AC50 (mean value for measurements with a relation sign ""=""; largest value for measurements with relation sign "">"")"
CHEMBL2003	CHEMBL1946170	CHEMBL5291876	AC50	>	30000.0	nM		"Summarised AC50 (mean value for measurements with a relation sign ""=""; largest value for measurements with relation sign "">"")"
CHEMBL2003	CHEMBL1569487	CHEMBL5291876	AC50	>	30000.0	nM		"Summarised AC50 (mean value for measurements with a relation sign ""=""; largest value for measurements with relation sign "">"")"
CHEMBL2003	CHEMBL1324	CHEMBL5291876	AC50	>	30000.0	nM		"Summarised AC50 (mean value for measurements with a relation sign ""=""; largest value for measurements with relation sign "">"")"
CHEMBL2003	CHEMBL603	CHEMBL5291876	AC50	>	30000.0	nM		"Summarised AC50 (mean value for measurements with a relation sign ""=""; largest value for measurements with relation sign "">"")"
CHEMBL2003	CHEMBL1064	CHEMBL5291876	AC50	>	30000.0	nM		"Summarised AC50 (mean value for measurements with a relation sign ""=""; largest value for measurements with relation sign "">"")"
CHEMBL2003	CHEMBL6966	CHEMBL5291876	AC50	>	30000.0	nM		"Summarised AC50 (mean value for measurements with a relation sign ""=""; largest value for measurements with relation sign "">"")"
CHEMBL2003	CHEMBL1292	CHEMBL5291876	AC50	>	30000.0	nM		"Summarised AC50 (mean value for measurements with a relation sign ""=""; largest value for measurements with relation sign "">"")"
CHEMBL2003	CHEMBL404108	CHEMBL5291876	AC50	>	30000.0	nM		"Summarised AC50 (mean value for measurements with a relation sign ""=""; largest value for measurements with relation sign "">"")"
CHEMBL2003	CHEMBL2103772	CHEMBL5291876	AC50	>	30000.0	nM		"Summarised AC50 (mean value for measurements with a relation sign ""=""; largest value for measurements with relation sign "">"")"
CHEMBL2003	CHEMBL535	CHEMBL5291876	AC50	>	30000.0	nM		"Summarised AC50 (mean value for measurements with a relation sign ""=""; largest value for measurements with relation sign "">"")"
CHEMBL2003	CHEMBL56367	CHEMBL5291876	AC50	>	30000.0	nM		"Summarised AC50 (mean value for measurements with a relation sign ""=""; largest value for measurements with relation sign "">"")"
CHEMBL2003	CHEMBL1657	CHEMBL5291876	AC50	>	30000.0	nM		"Summarised AC50 (mean value for measurements with a relation sign ""=""; largest value for measurements with relation sign "">"")"
CHEMBL2003	CHEMBL428	CHEMBL5291877	AC50	>	30000.0	nM		"Summarised AC50 (mean value for measurements with a relation sign ""=""; largest value for measurements with relation sign "">"")"
CHEMBL2003	CHEMBL957	CHEMBL5291877	AC50	>	30000.0	nM		"Summarised AC50 (mean value for measurements with a relation sign ""=""; largest value for measurements with relation sign "">"")"
CHEMBL2003	CHEMBL56337	CHEMBL5291877	AC50	>	30000.0	nM		"Summarised AC50 (mean value for measurements with a relation sign ""=""; largest value for measurements with relation sign "">"")"
CHEMBL2003	CHEMBL691	CHEMBL5291877	AC50	>	30000.0	nM		"Summarised AC50 (mean value for measurements with a relation sign ""=""; largest value for measurements with relation sign "">"")"
CHEMBL2003	CHEMBL121	CHEMBL5291877	AC50	>	30000.0	nM		"Summarised AC50 (mean value for measurements with a relation sign ""=""; largest value for measurements with relation sign "">"")"
CHEMBL2003	CHEMBL139	CHEMBL5291877	AC50	>	30000.0	nM		"Summarised AC50 (mean value for measurements with a relation sign ""=""; largest value for measurements with relation sign "">"")"
CHEMBL2003	CHEMBL408	CHEMBL5291877	AC50	=	17000.0	nM	4.77	"Summarised AC50 (mean value for measurements with a relation sign ""=""; largest value for measurements with relation sign "">"")"
CHEMBL2003	CHEMBL421	CHEMBL5291877	AC50	>	30000.0	nM		"Summarised AC50 (mean value for measurements with a relation sign ""=""; largest value for measurements with relation sign "">"")"
CHEMBL2003	CHEMBL833	CHEMBL5291877	AC50	>	30000.0	nM		"Summarised AC50 (mean value for measurements with a relation sign ""=""; largest value for measurements with relation sign "">"")"
CHEMBL2003	CHEMBL160	CHEMBL5291877	AC50	>	30000.0	nM		"Summarised AC50 (mean value for measurements with a relation sign ""=""; largest value for measurements with relation sign "">"")"
CHEMBL2003	CHEMBL1272	CHEMBL5291877	AC50	>	30000.0	nM		"Summarised AC50 (mean value for measurements with a relation sign ""=""; largest value for measurements with relation sign "">"")"
CHEMBL2003	CHEMBL1481	CHEMBL5291877	AC50	>	30000.0	nM		"Summarised AC50 (mean value for measurements with a relation sign ""=""; largest value for measurements with relation sign "">"")"
CHEMBL2003	CHEMBL521	CHEMBL5291877	AC50	>	30000.0	nM		"Summarised AC50 (mean value for measurements with a relation sign ""=""; largest value for measurements with relation sign "">"")"
CHEMBL2003	CHEMBL64391	CHEMBL5291877	AC50	>	30000.0	nM		"Summarised AC50 (mean value for measurements with a relation sign ""=""; largest value for measurements with relation sign "">"")"
CHEMBL2003	CHEMBL1082	CHEMBL5291877	AC50	=	9100.0	nM	5.04	"Summarised AC50 (mean value for measurements with a relation sign ""=""; largest value for measurements with relation sign "">"")"
CHEMBL2003	CHEMBL374478	CHEMBL5291877	AC50	>	30000.0	nM		"Summarised AC50 (mean value for measurements with a relation sign ""=""; largest value for measurements with relation sign "">"")"
CHEMBL2003	CHEMBL111	CHEMBL5291877	AC50	>	30000.0	nM		"Summarised AC50 (mean value for measurements with a relation sign ""=""; largest value for measurements with relation sign "">"")"
CHEMBL2003	CHEMBL715	CHEMBL5291877	AC50	=	9900.1	nM	5.00	"Summarised AC50 (mean value for measurements with a relation sign ""=""; largest value for measurements with relation sign "">"")"
CHEMBL2003	CHEMBL1487	CHEMBL5291877	AC50	>	30000.0	nM		"Summarised AC50 (mean value for measurements with a relation sign ""=""; largest value for measurements with relation sign "">"")"
CHEMBL2003	CHEMBL1316	CHEMBL5291877	AC50	>	30000.0	nM		"Summarised AC50 (mean value for measurements with a relation sign ""=""; largest value for measurements with relation sign "">"")"
CHEMBL2003	CHEMBL495	CHEMBL5291877	AC50	=	17999.9	nM	4.75	"Summarised AC50 (mean value for measurements with a relation sign ""=""; largest value for measurements with relation sign "">"")"
CHEMBL2003	CHEMBL112	CHEMBL5291877	AC50	=	25999.8	nM	4.58	"Summarised AC50 (mean value for measurements with a relation sign ""=""; largest value for measurements with relation sign "">"")"
CHEMBL2003	CHEMBL157101	CHEMBL5291877	AC50	>	30000.0	nM		"Summarised AC50 (mean value for measurements with a relation sign ""=""; largest value for measurements with relation sign "">"")"
CHEMBL2003	CHEMBL198362	CHEMBL5291877	AC50	>	30000.0	nM		"Summarised AC50 (mean value for measurements with a relation sign ""=""; largest value for measurements with relation sign "">"")"
CHEMBL2003	CHEMBL383634	CHEMBL5291877	AC50	=	2600.0	nM	5.58	"Summarised AC50 (mean value for measurements with a relation sign ""=""; largest value for measurements with relation sign "">"")"
CHEMBL2003	CHEMBL1946170	CHEMBL5291877	AC50	=	8999.9	nM	5.05	"Summarised AC50 (mean value for measurements with a relation sign ""=""; largest value for measurements with relation sign "">"")"
CHEMBL2003	CHEMBL1569487	CHEMBL5291877	AC50	>	30000.0	nM		"Summarised AC50 (mean value for measurements with a relation sign ""=""; largest value for measurements with relation sign "">"")"
CHEMBL2003	CHEMBL1324	CHEMBL5291877	AC50	>	30000.0	nM		"Summarised AC50 (mean value for measurements with a relation sign ""=""; largest value for measurements with relation sign "">"")"
CHEMBL2003	CHEMBL603	CHEMBL5291877	AC50	>	30000.0	nM		"Summarised AC50 (mean value for measurements with a relation sign ""=""; largest value for measurements with relation sign "">"")"
CHEMBL2003	CHEMBL1064	CHEMBL5291877	AC50	>	30000.0	nM		"Summarised AC50 (mean value for measurements with a relation sign ""=""; largest value for measurements with relation sign "">"")"
CHEMBL2003	CHEMBL6966	CHEMBL5291877	AC50	>	30000.0	nM		"Summarised AC50 (mean value for measurements with a relation sign ""=""; largest value for measurements with relation sign "">"")"
CHEMBL2003	CHEMBL1292	CHEMBL5291877	AC50	>	30000.0	nM		"Summarised AC50 (mean value for measurements with a relation sign ""=""; largest value for measurements with relation sign "">"")"
CHEMBL2003	CHEMBL404108	CHEMBL5291877	AC50	>	30000.0	nM		"Summarised AC50 (mean value for measurements with a relation sign ""=""; largest value for measurements with relation sign "">"")"
CHEMBL2003	CHEMBL2103772	CHEMBL5291877	AC50	=	9499.9	nM	5.02	"Summarised AC50 (mean value for measurements with a relation sign ""=""; largest value for measurements with relation sign "">"")"
CHEMBL2003	CHEMBL535	CHEMBL5291877	AC50	>	10000.0	nM		"Summarised AC50 (mean value for measurements with a relation sign ""=""; largest value for measurements with relation sign "">"")"
CHEMBL2003	CHEMBL56367	CHEMBL5291877	AC50	>	30000.0	nM		"Summarised AC50 (mean value for measurements with a relation sign ""=""; largest value for measurements with relation sign "">"")"
CHEMBL2003	CHEMBL5415488	CHEMBL5316740	Activity	=	1.0	%		
CHEMBL2003	CHEMBL5433310	CHEMBL5316754	Activity	=	4.0	%		
CHEMBL2003	CHEMBL5418573	CHEMBL5316754	Activity	=	1.0	%		
CHEMBL2003	CHEMBL247920	CHEMBL5340840	EC50					Not Determined
CHEMBL2003	CHEMBL5420532	CHEMBL5340840	EC50	>	10000.0	nM		
CHEMBL2003	CHEMBL5396467	CHEMBL5340840	EC50	>	10000.0	nM		
CHEMBL2003	CHEMBL5417169	CHEMBL5343459	Activity					Not Active
CHEMBL2003	CHEMBL5404648	CHEMBL5378852	Activity					Not Active
CHEMBL2003	CHEMBL5404648	CHEMBL5378882	Activity					Not Active
CHEMBL2003	CHEMBL5404648	CHEMBL5378912	Activity					Not Active
CHEMBL2003	CHEMBL5532117	CHEMBL5500997	Activity					Not Active
CHEMBL2003	CHEMBL5532117	CHEMBL5501008	Inhibition			%		Not Active
CHEMBL2003	CHEMBL5561101	CHEMBL5509178	Activity					Not Active
CHEMBL2003	CHEMBL5561101	CHEMBL5509179	Activity					Not Active
CHEMBL2003	CHEMBL5565773	CHEMBL5541044	Activity					Not Active
CHEMBL2003	CHEMBL2385268	CHEMBL5636235	IC50	=	200.0	nM	6.70	
CHEMBL2003	CHEMBL2385268	CHEMBL5636237	IC50	~	3.0	nM		
CHEMBL2003	CHEMBL38	CHEMBL5636242	EC50	=	7.2	nM	8.14	
CHEMBL2003	CHEMBL2385268	CHEMBL5636242	EC50	=	120.0	nM	6.92	
CHEMBL2003	CHEMBL81176	CHEMBL5636242	EC50	>	3300.0	nM		
CHEMBL2003	CHEMBL5640022	CHEMBL5636242	EC50	=	560.0	nM	6.25	
CHEMBL2003	CHEMBL5639513	CHEMBL5636242	EC50	=	520.0	nM	6.28	
CHEMBL2003	CHEMBL2385268	CHEMBL5636245	IC50	=	7.5	nM	8.12	
CHEMBL2003	CHEMBL81176	CHEMBL5636245	IC50	=	2600.0	nM	5.58	
CHEMBL2003	CHEMBL2385269	CHEMBL5636245	IC50	=	2700.0	nM	5.57	
CHEMBL2003	CHEMBL5640022	CHEMBL5636245	IC50	>	3300.0	nM		
CHEMBL2003	CHEMBL5646569	CHEMBL5636245	IC50	=	1500.0	nM	5.82	
CHEMBL2003	CHEMBL5646471	CHEMBL5636245	IC50	>	3300.0	nM		
CHEMBL2003	CHEMBL344973	CHEMBL5636245	IC50	>	3300.0	nM		
CHEMBL2003	CHEMBL5646902	CHEMBL5636245	IC50	>	3300.0	nM		
CHEMBL2003	CHEMBL5639172	CHEMBL5636245	IC50	>	3300.0	nM		
CHEMBL2003	CHEMBL5641574	CHEMBL5636245	IC50	>	3300.0	nM		
CHEMBL2003	CHEMBL5640017	CHEMBL5636245	IC50	>	3300.0	nM		
CHEMBL2003	CHEMBL5647256	CHEMBL5636245	IC50	>	3300.0	nM		
CHEMBL2003	CHEMBL5639386	CHEMBL5636245	IC50	>	3300.0	nM		
CHEMBL2003	CHEMBL5641562	CHEMBL5636245	IC50	>	3300.0	nM		
CHEMBL2003	CHEMBL5641884	CHEMBL5636245	IC50	>	3300.0	nM		
CHEMBL2003	CHEMBL310790	CHEMBL5636245	IC50	>	3300.0	nM		
CHEMBL2003	CHEMBL5640026	CHEMBL5636245	IC50	>	3300.0	nM		
CHEMBL2003	CHEMBL5641860	CHEMBL5636245	IC50	>	3300.0	nM		
CHEMBL2003	CHEMBL5646931	CHEMBL5636245	IC50	>	3300.0	nM		
CHEMBL2003	CHEMBL5647012	CHEMBL5636245	IC50	=	130.0	nM	6.89	
CHEMBL2003	CHEMBL5639513	CHEMBL5636245	IC50	=	310.0	nM	6.51	
CHEMBL2003	CHEMBL5641823	CHEMBL5636245	IC50	>	3300.0	nM		
CHEMBL2003	CHEMBL5647354	CHEMBL5636245	IC50	>	3300.0	nM		
CHEMBL2003	CHEMBL5647040	CHEMBL5636245	IC50	>	3300.0	nM		
CHEMBL2003	CHEMBL5647148	CHEMBL5636245	IC50	>	3300.0	nM		
CHEMBL2003	CHEMBL5647594	CHEMBL5636245	IC50	>	3300.0	nM		
CHEMBL2003	CHEMBL2385268	CHEMBL5636248	Emax	=	26.0	%		
CHEMBL2003	CHEMBL81176	CHEMBL5636248	Emax	=	15.0	%		
CHEMBL2003	CHEMBL2385269	CHEMBL5636248	Emax	=	0.0	%		
CHEMBL2003	CHEMBL5640022	CHEMBL5636248	Emax	=	47.0	%		
CHEMBL2003	CHEMBL5646471	CHEMBL5636248	Emax	=	0.0	%		
CHEMBL2003	CHEMBL5639513	CHEMBL5636248	Emax	=	22.0	%		
CHEMBL2003	CHEMBL3414623	CHEMBL5675452	IC50	>	10000.0	nM		
CHEMBL2003	CHEMBL1657	CHEMBL5723393	EC50	=	40.0	nM	7.40	
CHEMBL2003	CHEMBL1265	CHEMBL5723396	EC50	=	3.0	nM	8.52	
CHEMBL2003	CHEMBL25202	CHEMBL5723400	EC50	=	600.0	nM	6.22	
CHEMBL2003	CHEMBL69367	CHEMBL5723403	EC50	=	10.0	nM	8.00	
CHEMBL2003	CHEMBL1180	CHEMBL5723404	EC50	=	50.0	nM	7.30	
CHEMBL2003	CHEMBL191703	CHEMBL5723431	EC50	=	501.0	nM	6.30	
CHEMBL2003	CHEMBL1235644	CHEMBL5723442	EC50	=	340.0	nM	6.47	
CHEMBL2003	CHEMBL5997757	CHEMBL5732271	EC50	=	0.065	nM	10.19	636329
CHEMBL2003	CHEMBL5997757	CHEMBL5732271	kon	=				636329
CHEMBL2003	CHEMBL5997757	CHEMBL5732271	k_off	=		s-1		636329
CHEMBL2003	CHEMBL1235644	CHEMBL5735633	EC50	=	0.9	nM	9.05	944916
CHEMBL2003	CHEMBL1235644	CHEMBL5735633	kon	=				944916
CHEMBL2003	CHEMBL1235644	CHEMBL5735633	k_off	=		s-1		944916
CHEMBL2003	CHEMBL4459692	CHEMBL5735633	EC50	=	11.0	nM	7.96	944919
CHEMBL2003	CHEMBL4459692	CHEMBL5735633	kon	=				944919
CHEMBL2003	CHEMBL4459692	CHEMBL5735633	k_off	=		s-1		944919
CHEMBL2003	CHEMBL5913925	CHEMBL5735633	EC50	=	29.0	nM	7.54	944922
CHEMBL2003	CHEMBL5913925	CHEMBL5735633	kon	=				944922
CHEMBL2003	CHEMBL5913925	CHEMBL5735633	k_off	=		s-1		944922
CHEMBL2003	CHEMBL5940856	CHEMBL5735633	EC50	=	36.0	nM	7.44	944925
CHEMBL2003	CHEMBL5940856	CHEMBL5735633	kon	=				944925
CHEMBL2003	CHEMBL5940856	CHEMBL5735633	k_off	=		s-1		944925
CHEMBL2003	CHEMBL5831421	CHEMBL5735633	EC50	=	55.0	nM	7.26	944929
CHEMBL2003	CHEMBL5831421	CHEMBL5735633	kon	=				944929
CHEMBL2003	CHEMBL5831421	CHEMBL5735633	k_off	=		s-1		944929
CHEMBL2003	CHEMBL4469143	CHEMBL5735633	EC50	=	25.0	nM	7.60	944932
CHEMBL2003	CHEMBL4469143	CHEMBL5735633	kon	=				944932
CHEMBL2003	CHEMBL4469143	CHEMBL5735633	k_off	=		s-1		944932
CHEMBL2003	CHEMBL4449668	CHEMBL5735633	EC50	=	8.4	nM	8.08	944935
CHEMBL2003	CHEMBL4449668	CHEMBL5735633	kon	=				944935
CHEMBL2003	CHEMBL4449668	CHEMBL5735633	k_off	=		s-1		944935
CHEMBL2003	CHEMBL5946099	CHEMBL5735633	EC50	=	6.8	nM	8.17	944938
CHEMBL2003	CHEMBL5946099	CHEMBL5735633	kon	=				944938
CHEMBL2003	CHEMBL5946099	CHEMBL5735633	k_off	=		s-1		944938
CHEMBL2003	CHEMBL5862926	CHEMBL5735633	EC50	=	11.0	nM	7.96	944941
CHEMBL2003	CHEMBL5862926	CHEMBL5735633	kon	=				944941
CHEMBL2003	CHEMBL5862926	CHEMBL5735633	k_off	=		s-1		944941
CHEMBL2003	CHEMBL5947674	CHEMBL5735633	EC50	=	0.53	nM	9.28	944944
CHEMBL2003	CHEMBL5947674	CHEMBL5735633	kon	=				944944
CHEMBL2003	CHEMBL5947674	CHEMBL5735633	k_off	=		s-1		944944
CHEMBL2003	CHEMBL6005408	CHEMBL5735633	EC50	=	14.0	nM	7.85	944947
CHEMBL2003	CHEMBL6005408	CHEMBL5735633	kon	=				944947
CHEMBL2003	CHEMBL6005408	CHEMBL5735633	k_off	=		s-1		944947
CHEMBL2003	CHEMBL5928608	CHEMBL5735633	EC50	=	17.0	nM	7.77	944950
CHEMBL2003	CHEMBL5928608	CHEMBL5735633	kon	=				944950
CHEMBL2003	CHEMBL5928608	CHEMBL5735633	k_off	=		s-1		944950
CHEMBL2003	CHEMBL5830474	CHEMBL5735633	EC50	=	110.0	nM	6.96	944953
CHEMBL2003	CHEMBL5830474	CHEMBL5735633	kon	=				944953
CHEMBL2003	CHEMBL5830474	CHEMBL5735633	k_off	=		s-1		944953
CHEMBL2003	CHEMBL5899376	CHEMBL5735633	EC50	=	11.0	nM	7.96	944956
CHEMBL2003	CHEMBL5899376	CHEMBL5735633	kon	=				944956
CHEMBL2003	CHEMBL5899376	CHEMBL5735633	k_off	=		s-1		944956
CHEMBL2003	CHEMBL5840509	CHEMBL5735633	EC50	=	12.0	nM	7.92	944959
CHEMBL2003	CHEMBL5840509	CHEMBL5735633	kon	=				944959
CHEMBL2003	CHEMBL5840509	CHEMBL5735633	k_off	=		s-1		944959
CHEMBL2003	CHEMBL5818566	CHEMBL5735633	EC50	=	6.0	nM	8.22	944962
CHEMBL2003	CHEMBL5818566	CHEMBL5735633	kon	=				944962
CHEMBL2003	CHEMBL5818566	CHEMBL5735633	k_off	=		s-1		944962
CHEMBL2003	CHEMBL5957972	CHEMBL5735633	EC50	=	18.0	nM	7.75	944965
CHEMBL2003	CHEMBL5957972	CHEMBL5735633	kon	=				944965
CHEMBL2003	CHEMBL5957972	CHEMBL5735633	k_off	=		s-1		944965
CHEMBL2003	CHEMBL5816018	CHEMBL5735633	EC50	=	140.0	nM	6.85	944968
CHEMBL2003	CHEMBL5816018	CHEMBL5735633	kon	=				944968
CHEMBL2003	CHEMBL5816018	CHEMBL5735633	k_off	=		s-1		944968
CHEMBL2003	CHEMBL4439399	CHEMBL5735633	EC50	=	5.3	nM	8.28	944971
CHEMBL2003	CHEMBL4439399	CHEMBL5735633	kon	=				944971
CHEMBL2003	CHEMBL4439399	CHEMBL5735633	k_off	=		s-1		944971
CHEMBL2003	CHEMBL5941402	CHEMBL5735633	EC50	=	23.0	nM	7.64	944974
CHEMBL2003	CHEMBL5941402	CHEMBL5735633	kon	=				944974
CHEMBL2003	CHEMBL5941402	CHEMBL5735633	k_off	=		s-1		944974
CHEMBL2003	CHEMBL4438880	CHEMBL5735633	EC50	=	6.3	nM	8.20	944977
CHEMBL2003	CHEMBL4438880	CHEMBL5735633	kon	=				944977
CHEMBL2003	CHEMBL4438880	CHEMBL5735633	k_off	=		s-1		944977
CHEMBL2003	CHEMBL5833730	CHEMBL5735633	EC50	=	18.0	nM	7.75	944980
CHEMBL2003	CHEMBL5833730	CHEMBL5735633	kon	=				944980
CHEMBL2003	CHEMBL5833730	CHEMBL5735633	k_off	=		s-1		944980
CHEMBL2003	CHEMBL4562084	CHEMBL5735633	EC50	=	83.0	nM	7.08	944983
CHEMBL2003	CHEMBL4562084	CHEMBL5735633	kon	=				944983
CHEMBL2003	CHEMBL4562084	CHEMBL5735633	k_off	=		s-1		944983
CHEMBL2003	CHEMBL5798215	CHEMBL5735633	EC50	=	47.0	nM	7.33	944986
CHEMBL2003	CHEMBL5798215	CHEMBL5735633	kon	=				944986
CHEMBL2003	CHEMBL5798215	CHEMBL5735633	k_off	=		s-1		944986
CHEMBL2003	CHEMBL5901116	CHEMBL5735633	EC50	=	140.0	nM	6.85	944989
CHEMBL2003	CHEMBL5901116	CHEMBL5735633	kon	=				944989
CHEMBL2003	CHEMBL5901116	CHEMBL5735633	k_off	=		s-1		944989
CHEMBL2003	CHEMBL5931168	CHEMBL5735633	EC50	=	77.0	nM	7.11	944992
CHEMBL2003	CHEMBL5931168	CHEMBL5735633	kon	=				944992
CHEMBL2003	CHEMBL5931168	CHEMBL5735633	k_off	=		s-1		944992
CHEMBL2003	CHEMBL5801049	CHEMBL5735633	EC50	=	25.0	nM	7.60	944995
CHEMBL2003	CHEMBL5801049	CHEMBL5735633	kon	=				944995
CHEMBL2003	CHEMBL5801049	CHEMBL5735633	k_off	=		s-1		944995
CHEMBL2003	CHEMBL6032942	CHEMBL5735633	EC50	=	8.3	nM	8.08	944998
CHEMBL2003	CHEMBL6032942	CHEMBL5735633	kon	=				944998
CHEMBL2003	CHEMBL6032942	CHEMBL5735633	k_off	=		s-1		944998
CHEMBL2003	CHEMBL5935299	CHEMBL5735633	EC50	=	19.0	nM	7.72	945001
CHEMBL2003	CHEMBL5935299	CHEMBL5735633	kon	=				945001
CHEMBL2003	CHEMBL5935299	CHEMBL5735633	k_off	=		s-1		945001
CHEMBL2003	CHEMBL5799955	CHEMBL5735633	EC50	=	18.0	nM	7.75	945004
CHEMBL2003	CHEMBL5799955	CHEMBL5735633	kon	=				945004
CHEMBL2003	CHEMBL5799955	CHEMBL5735633	k_off	=		s-1		945004
CHEMBL2003	CHEMBL5835788	CHEMBL5735633	EC50	=	42.0	nM	7.38	945007
CHEMBL2003	CHEMBL5835788	CHEMBL5735633	kon	=				945007
CHEMBL2003	CHEMBL5835788	CHEMBL5735633	k_off	=		s-1		945007
CHEMBL2003	CHEMBL5888315	CHEMBL5735633	EC50	=	22.0	nM	7.66	945010
CHEMBL2003	CHEMBL5888315	CHEMBL5735633	kon	=				945010
CHEMBL2003	CHEMBL5888315	CHEMBL5735633	k_off	=		s-1		945010
CHEMBL2003	CHEMBL5873579	CHEMBL5735633	EC50	=	23.0	nM	7.64	945013
CHEMBL2003	CHEMBL5873579	CHEMBL5735633	kon	=				945013
CHEMBL2003	CHEMBL5873579	CHEMBL5735633	k_off	=		s-1		945013
CHEMBL2003	CHEMBL5905886	CHEMBL5735633	EC50	=	58.0	nM	7.24	945016
CHEMBL2003	CHEMBL5905886	CHEMBL5735633	kon	=				945016
CHEMBL2003	CHEMBL5905886	CHEMBL5735633	k_off	=		s-1		945016
CHEMBL2003	CHEMBL5831550	CHEMBL5735633	EC50	=	83.0	nM	7.08	945019
CHEMBL2003	CHEMBL5831550	CHEMBL5735633	kon	=				945019
CHEMBL2003	CHEMBL5831550	CHEMBL5735633	k_off	=		s-1		945019
CHEMBL2003	CHEMBL5862215	CHEMBL5735633	EC50	=	58.0	nM	7.24	945022
CHEMBL2003	CHEMBL5862215	CHEMBL5735633	kon	=				945022
CHEMBL2003	CHEMBL5862215	CHEMBL5735633	k_off	=		s-1		945022
CHEMBL2003	CHEMBL5837674	CHEMBL5735633	EC50	=	60.0	nM	7.22	945025
CHEMBL2003	CHEMBL5837674	CHEMBL5735633	kon	=				945025
CHEMBL2003	CHEMBL5837674	CHEMBL5735633	k_off	=		s-1		945025
CHEMBL2003	CHEMBL5890168	CHEMBL5735633	EC50	=	6.1	nM	8.21	945028
CHEMBL2003	CHEMBL5890168	CHEMBL5735633	kon	=				945028
CHEMBL2003	CHEMBL5890168	CHEMBL5735633	k_off	=		s-1		945028
CHEMBL2003	CHEMBL5861416	CHEMBL5735633	EC50	=	13.0	nM	7.89	945031
CHEMBL2003	CHEMBL5861416	CHEMBL5735633	kon	=				945031
CHEMBL2003	CHEMBL5861416	CHEMBL5735633	k_off	=		s-1		945031
CHEMBL2003	CHEMBL5919236	CHEMBL5735633	EC50	=	130.0	nM	6.89	945034
CHEMBL2003	CHEMBL5919236	CHEMBL5735633	kon	=				945034
CHEMBL2003	CHEMBL5919236	CHEMBL5735633	k_off	=		s-1		945034
CHEMBL2003	CHEMBL5967033	CHEMBL5735633	EC50	=	4.7	nM	8.33	945037
CHEMBL2003	CHEMBL5967033	CHEMBL5735633	kon	=				945037
CHEMBL2003	CHEMBL5967033	CHEMBL5735633	k_off	=		s-1		945037
CHEMBL2003	CHEMBL5940771	CHEMBL5735633	EC50	=	2.3	nM	8.64	945040
CHEMBL2003	CHEMBL5940771	CHEMBL5735633	kon	=				945040
CHEMBL2003	CHEMBL5940771	CHEMBL5735633	k_off	=		s-1		945040
CHEMBL2003	CHEMBL5820942	CHEMBL5735633	EC50	=	25.0	nM	7.60	945043
CHEMBL2003	CHEMBL5820942	CHEMBL5735633	kon	=				945043
CHEMBL2003	CHEMBL5820942	CHEMBL5735633	k_off	=		s-1		945043
CHEMBL2003	CHEMBL5877402	CHEMBL5735633	EC50	=	3.4	nM	8.47	945046
CHEMBL2003	CHEMBL5877402	CHEMBL5735633	kon	=				945046
CHEMBL2003	CHEMBL5877402	CHEMBL5735633	k_off	=		s-1		945046
CHEMBL2003	CHEMBL5941968	CHEMBL5735633	EC50	=	40.0	nM	7.40	945049
CHEMBL2003	CHEMBL5941968	CHEMBL5735633	kon	=				945049
CHEMBL2003	CHEMBL5941968	CHEMBL5735633	k_off	=		s-1		945049
