molecule_chembl_id	canonical_smiles	standard_inchi_key	names	pubchem_cid	cas_number
CHEMBL114319	CC1(C)CCC(C)(C)c2cc(C(C)(C)c3ccc(C(=O)O)cc3)ccc21	ZCZMPOGOLHRKMD-UHFFFAOYSA-N		10405638.0	
CHEMBL455992	CC(=C/C=C/C(C)=C/C(=O)O)/C=C/C1=CC(C)(C)[C@@H]2C[C@H]1C2(C)C	XVMVRFZWXUSRHZ-LTEQKDEISA-N		44588265.0	
CHEMBL183509	COC(=O)/C=C(C)\C(C#N)=C\C=C(C)\C=C\C1=C(C)CCCC1(C)C	TWMZMFWHPRKSRP-JYAHSVGASA-N		44393120.0	
CHEMBL100131	Cc1cc(C)c2oc(-c3ccc(-c4ccc(C(=O)O)cc4)[nH]3)cc2c1	VRPKKFDTLZOGSE-UHFFFAOYSA-N		10853970.0	
CHEMBL5404648	O=C(O)[C@@H]1C[C@H]1c1nc(-c2ccccc2)c(-c2cc(C(F)(F)F)cc(C(F)(F)F)c2)o1	CRLZRGXSDBAEFD-HUUCEWRRSA-N		172443701.0	
CHEMBL462134	COCCOCOc1ccc(C(=O)/C=C/c2ccc(C(=O)O)cc2)cc1C12CC3CC(CC(C3)C1)C2	JSLORBCSMVYNTA-XBXARRHUSA-N		9826896.0	
CHEMBL4203742	CC1(C)CCC(C)(C)c2cc(-c3cc(-c4ccc(C(=O)O)cc4)ccc3O)ccc21	RVWDVDCJZLLBAZ-UHFFFAOYSA-N		9822318.0	
CHEMBL75732	COc1ccc(C2=Cc3ccc(C(=O)O)cc3OC2)cc1C12C[C@H]3C[C@@H](C1)C[C@@H](C2)C3	HCERSGNVDIKWSP-PSAKPEQJSA-N			
CHEMBL157398	Cc1cccc2c1C=C(c1ccc(-c3ccc(C(=O)O)cc3)[nH]1)CO2	YEEMOZDODNVSEA-UHFFFAOYSA-N		18709768.0	
CHEMBL265051	C/C(=C\C(=O)O)c1cc2cccc(-c3cc(C(C)C)cc(C(C)C)c3OCC(F)F)c2o1	BRUVNPAWSIQMDY-CXUHLZMHSA-N		10297135.0	
CHEMBL986	CC1=C(/C=C/C(C)=C/C=C/C(C)=C/CO)C(C)(C)CCC1	FPIPGXGPPPQFEQ-OVSJKPMPSA-N	RETINOL	445354.0	
CHEMBL575324	Cc1cc2c(cc1Cc1ccc(C(=O)O)cc1F)C(C)(C)CCC2(C)C	JLOLISLIYVSIJM-UHFFFAOYSA-N		45483162.0	
CHEMBL1023	C=C(c1ccc(C(=O)O)cc1)c1cc2c(cc1C)C(C)(C)CCC2(C)C	NAVMQTYZDKMPEU-UHFFFAOYSA-N	BEXAROTENE	82146.0	
CHEMBL162345	Cc1ccc(C2=CC(C)(C)Oc3cc4ccc(-c5ccc(C(=O)O)cc5)cc4cc32)cc1	UXOKQJFJAHWGFK-UHFFFAOYSA-N		9888385.0	
CHEMBL451835	CC1(C)CCC(C)(C)c2cc(C#Cc3ccc(C(=O)O)cc3)ccc21	OQVLOWLEEHYBJH-UHFFFAOYSA-N		10314719.0	
CHEMBL328419	C=C(c1ccc(C(=O)O)cc1)c1cc2c(cc1O)C(C)(C)CCC2(C)C	GKRNNOAJHCRGSF-UHFFFAOYSA-N		9906413.0	
CHEMBL426963	C=C(/C=C/C1=C(C)CCCC1(C)C)C/C=C/C(C)=C/C(=O)O	NBQHBJHKVAZKSS-SILJERBESA-N		10518336.0	
CHEMBL5433310	Cc1ccc(OCc2ccc(CCC(=O)O)c(F)c2)c2c1CCC2	WXSLBPRABAFXAF-UHFFFAOYSA-N		172464284.0	
CHEMBL133896	CCOc1c(/C(C)=C\C=C\C(C)=C\C(=O)O)cc(C(F)(F)C(F)(F)F)cc1C(C)C	IXJIVOFEKLAPRC-GNFXPBCZSA-N		44353481.0	
CHEMBL5997757	CC(=Cc1ccc(C(=O)O)cc1)c1ccc2c(c1)C(C)(C)CCC2(C)C	FOIVPCKZDPCJJY-UHFFFAOYSA-N		5602.0	
CHEMBL5873579	Cc1ccc(C)c2oc(-c3noc(-c4ccc(C(=O)O)c(F)c4)n3)cc12	UIVIQQZTCSJUJJ-UHFFFAOYSA-N		121414253.0	
CHEMBL131810	CC1(C)CCC(C)(C)c2nc(-c3ccc(-c4ccc(C(=O)O)cc4)s3)cnc21	STVFKJANDZRTDF-UHFFFAOYSA-N		10572606.0	
CHEMBL297022	Cc1cc(C)c2oc(-c3ccc(-c4ccc(C(=O)O)cc4)[nH]3)cc2c1C	AQLDIMXEYKJMHT-UHFFFAOYSA-N		10593627.0	
CHEMBL5639513	Cc1ccc(C2=CC(C)(C)Oc3ccc(C(=O)Nc4ccc(C(=O)O)cc4)cc32)cc1	KFOYZMZJCMAUGA-UHFFFAOYSA-N		169450109.0	
CHEMBL3114301	COc1nc(/C=C/C(=O)O)cnc1-c1cc(C23CC4CC(CC(C4)C2)C3)c(O)cc1C	CKKQAMRBKPMCER-ONEGZZNKSA-N		136245092.0	
CHEMBL191703	C[C@H]1[C@H]2CC[C@H]3[C@@H]4CC=C5C[C@@H](N(C)C)CC[C@]5(C)[C@H]4CC[C@]23CN1C	GPLGAQQQNWMVMM-MYAJQUOBSA-N	CONESSINE	441082.0	
CHEMBL91718	C/C(=C\c1ccc(C(=O)O)s1)c1cc2c(cc1C)C(C)(C)CCC2(C)C	QPAMXNZWXFZISY-SDNWHVSQSA-N		6366726.0	
CHEMBL4212472	CC1(C)CCSc2ccc(C#Cc3cccc(C(=O)O)n3)cc21	GTCFCUSLARKKEK-UHFFFAOYSA-N		145965542.0	
CHEMBL513434	C=C(C)[C@@H]1CCC(C)=C(/C=C/C(C)=C\C=C\C(C)=C\C(=O)O)C1	LHPFAXFJCWKZQW-FXXSCDQUSA-N		44588284.0	
CHEMBL1235644	CC1=C(C=CC(C)=CC=CC(C)=CC(=O)O)C(C)(C)CCC1	SHGAZHPCJJPHSC-UHFFFAOYSA-N		5538.0	
CHEMBL97910	CCc1cc2c(cc1C(=O)c1ccc(C(=O)O)cc1)C(C)(C)CCC2(C)C	QILMPCDNRZKKIT-UHFFFAOYSA-N		9950957.0	
CHEMBL26129	CC1=C(/C=C/C(C)=C\c2ccc(C(=O)O)cc2)C(C)(C)CCC1	NNTWECUMTLRLCK-RQHVUCQOSA-N		44459626.0	
CHEMBL95949	CC1(C)CCC(C)(C)c2cc(C(=O)c3ccc(/C=C/C(=O)O)cc3)ccc21	PKXWKCWUBFDHSQ-KPKJPENVSA-N		10021552.0	
CHEMBL209145	CCC(CC)(c1ccc(OCC(=O)O)c(C)c1)c1ccc(OCc2c(-c3c(Cl)cccc3Cl)noc2C(C)C)c(C)c1	IMYFRSPHGWDSMW-UHFFFAOYSA-N		15604877.0	
CHEMBL36464	C/C(=C\c1ccc(C(=O)O)cc1)c1cc2c(cc1Cl)C(C)(C)CCC2(C)C	ZMSVHSPBTBNKJJ-NTCAYCPXSA-N		12112298.0	
CHEMBL96184	C=C(c1ccc(C(=O)O)cc1)c1ccc2c(c1)C(C)(C)CCC2(C)C	SPARUJQOIBYQHO-UHFFFAOYSA-N		9905729.0	
CHEMBL100986	CC1(C)CCC(C)(C)c2cc(C(=O)c3ccc(C(=O)O)cc3)c(O)cc21	UCJKVJLBKOFYNQ-UHFFFAOYSA-N		9819890.0	
CHEMBL4584238	C=C(CO)c1ccc([C@@H](O)[C@H](O)/C=C/C)c(C)c1	ZMISBBYHBQWQTB-DPOFCPOHSA-N		155565936.0	
CHEMBL86893	C/C(=C/c1ccc2c(c1)C(C)(C)CCC2(C)C)c1ccc(C(=O)O)cc1	NUSIBKZXKHKYDB-PEZBUJJGSA-N		14557465.0	
CHEMBL3319093	Cc1cc(=O)oc2c(/C=N/NC(=O)CSc3nc4ccccc4s3)c(O)ccc12	CWUYDFJEXQJSSB-ZVBGSRNCSA-N		135588490.0	
CHEMBL4207978	CC(C)(C)c1cc(-c2cc(-c3ccc(C(=O)O)cc3)ccc2OCCO)ccc1NCCCCO	XMIDMHMHZMEFOR-UHFFFAOYSA-N		145970742.0	
CHEMBL3289658	CC(=C/C=C/C(C)=C/C(=O)O)/C=C1\CCCc2cc(C)ccc21	KHXSEEGTXMJURJ-JUPRZYRNSA-N		59444434.0	
CHEMBL3774855	CC(=O)N1C[C@H](C(=O)Nc2ccc(C)cc2C)[C@@H](c2nnc([C@H]3C[C@@H](CC(C)C)C3)n2C2CC2)C1	NRAQMBSBKYAKMR-DVKRWUGUSA-N			
CHEMBL442636	CCCCCc1cc(OCOCCOC)c(C23CC4CC(CC(C4)C2)C3)cc1C(=O)/C=C/c1ccc(C(=O)O)cc1	RYYTWFODLVWWIT-FMIVXFBMSA-N		44561980.0	
CHEMBL12585	CC1(C)CCC(C)(C)c2cc(/C=C/c3ccc(C(=O)O)cc3)ccc21	KXJOGQVGIGUXDY-AATRIKPKSA-N		6439770.0	
CHEMBL1410398	C=C[C@@]1(C)C=C2CC[C@@H]3[C@](C)(CCC[C@@]3(C)C(=O)O)[C@H]2CC1	MHVJRKBZMUDEEV-APQLOABGSA-N	PIMARIC ACID	220338.0	
CHEMBL337393	C/C(=C/C=C/C(C)=C/C(=O)O)c1cc(-c2cc(F)cc(F)c2)cc(C(C)C)c1OCC(F)F	WPVHQRRTUJTHOM-HSQINHPTSA-N		44353441.0	
CHEMBL21518	C/C(=C\c1ccc(C(=O)O)cc1)c1ccc2c(c1)C(C)(C)CCO2	DFQLRIXABZAEHT-WYMLVPIESA-N		6366138.0	
CHEMBL146092	COc1ccc(-c2ccc3cc(C(=O)O)ccc3c2)cc1C(C)(C)C	APXNUGHTPSKBAO-UHFFFAOYSA-N		9797765.0	
CHEMBL290246	CCCCOc1c(-c2cccc3cc(/C(C)=C(\F)C(=O)O)oc23)cc(C(C)C)cc1C(C)C	AHLAAPXBKCKDHE-BWAHOGKJSA-N		44287715.0	
CHEMBL5935299	Cc1cc(C(=O)O)ccc1-c1nc(-c2cc3c(C)ccc(C)c3o2)no1	NQSINXNCLWZCGO-UHFFFAOYSA-N		121414277.0	
CHEMBL308170	CC(C)(C)c1cc(C2=Cc3ccc(C(=O)O)cc3OC2)cc(C(C)(C)C)c1O	IHDQGGJODTUKOF-UHFFFAOYSA-N		44313143.0	
CHEMBL289057	CCOc1c(-c2cccc3cc(/C(C)=C/C(=O)O)oc23)cc(C(C)C)cc1C(C)C	OUHBUMDSRWMXGE-GZTJUZNOSA-N		10294771.0	
CHEMBL441638	COc1c(C(=O)c2ccc3c(c2)C(C)(C)CCC3(C)C)ccc2cc(C(=O)O)ccc12	RWEQMXLZJQERPT-UHFFFAOYSA-N		44329145.0	
CHEMBL159168	CC(C)c1cc(-c2ccc(-c3ccc(C(=O)O)cc3)[nH]2)nn1C(C)(C)C	HEFXSNXDECKUGK-UHFFFAOYSA-N		135409525.0	
CHEMBL383634	COc1ccc2c(c1)C(=O)N(CCc1ccc(S(=O)(=O)NC(=O)NC3CCCCC3)cc1)C(=O)C2(C)C	LLJFMFZYVVLQKT-UHFFFAOYSA-N	GLIQUIDONE	91610.0	
CHEMBL705	CC1=C(/C=C/C(C)=C\C=C\C(C)=C\C(=O)O)C(C)(C)CCC1	SHGAZHPCJJPHSC-ZVCIMWCZSA-N	ALITRETINOIN	449171.0	
CHEMBL150583	CC1=C(/C=C/C#Cc2cccc(C(=O)O)c2)C(C)(C)CCC1	LIFPWEGANPHLQB-LFYBBSHMSA-N		6439768.0	
CHEMBL159167	CC(C)c1cc(-c2ccc(-c3ccc(C(=O)O)cc3)[nH]2)nn1C(C)C	FTVXUWLIHZWUME-UHFFFAOYSA-N		135525244.0	
CHEMBL2372524	C[C@H](NC(=O)[C@H](Cc1ccccc1)NP(=O)(O)O)C(=O)NCC(N)=O	BSFXXKHCUFPVSC-ONGXEEELSA-N		73350281.0	
CHEMBL155474	CCc1ccc(C2=CCC(C)(C)c3ccc(C#Cc4ccc(C(=O)O)cc4)cc32)cc1	PAPUNTBXECRLNI-UHFFFAOYSA-N		10319168.0	
CHEMBL156929	Cc1ccc(C)c2cc(-c3ccc(-c4ccc(C(=O)O)cc4)[nH]3)ccc12	NMDQLQUCDVIJQE-UHFFFAOYSA-N		10065907.0	
CHEMBL101609	C=C(c1ccc(C(=O)O)cc1)c1cc2c(cc1Cl)C(C)(C)CCC2(C)C	ARSPFAPDBRQSDD-UHFFFAOYSA-N		9799442.0	
CHEMBL5928608	O=C(O)c1ccc(-c2noc(-c3cc4c(Cl)ccc(Cl)c4o3)n2)c(Cl)c1	XZBUCZZVHSTIBH-UHFFFAOYSA-N		121414332.0	
CHEMBL324960	Cc1cc2c(cc1[S+]([O-])c1ccc(C(=O)O)cc1)C(C)(C)CCC2(C)C	OHQAFFBBAIJBPR-UHFFFAOYSA-N		3025934.0	
CHEMBL512879	CCOCCOc1nc(-c2ccc(C(=O)O)cc2)sc1C	BXLYSGAPEKJSCL-UHFFFAOYSA-N		25259266.0	
CHEMBL5862215	Cc1ccc(C)c2oc(-c3nnc(-c4ccc(C(=O)O)cc4Cl)o3)cc12	FRZGIDLPTLULST-UHFFFAOYSA-N		121414270.0	
CHEMBL96961	CC1(C)CCC(C)(C)c2cc(C(=O)c3ccc(C#CC(=O)O)cc3)ccc21	JLJMNIQBJJKZAN-UHFFFAOYSA-N		44329146.0	
CHEMBL2398367	O=C(Nc1ccc(C(=O)O)c(F)c1)c1cc2c3c(c1)CCCCC3CCCC2	SKWAFZSANAMTLP-UHFFFAOYSA-N		58420615.0	
CHEMBL1221641	CCN(c1ccc2c(c1)C(C)(C)CCC2(C)C)c1ccc(C(=O)O)cn1	RXCTZCYFGJAJCU-UHFFFAOYSA-N		46933689.0	
CHEMBL4210595	CC1(C)CCC(C)(C)c2cc(-c3cc(-c4ccc(C(=O)O)cc4)ccc3OCCCO)ccc21	CPUYTQLSRRIINE-UHFFFAOYSA-N		16661644.0	
CHEMBL5641884	CC1(C)CC=C(c2ccc(C(=O)N3CCOCC3)cc2)c2cc(NC(=O)c3ccc(C(=O)O)cc3)ccc21	IFVXDIGDQOEHCW-UHFFFAOYSA-N		177372383.0	
CHEMBL275311	C/C(=C\c1ccc(C(=O)O)cc1)c1ccc2c(c1)C(C)(C)CCC2(C)C	FOIVPCKZDPCJJY-JQIJEIRASA-N		5289501.0	
CHEMBL1272	CCOc1cc(CC(=O)N[C@@H](CC(C)C)c2ccccc2N2CCCCC2)ccc1C(=O)O	FAEKWTJYAYMJKF-QHCPKHFHSA-N	REPAGLINIDE	65981.0	
CHEMBL347437	CC(C)c1cc(-c2ccc(-c3ccc(C(=O)O)cc3)[nH]2)nn1CC(F)(F)F	JPEYGJJUFYDJEG-UHFFFAOYSA-N		135779229.0	
CHEMBL422607	CCOC(=O)c1ccc(OC(=O)c2ccc3c(c2)C(C)(C)CCN3C)cc1	UGHNUUSNQRGYRQ-UHFFFAOYSA-N		10384337.0	
CHEMBL5432412	O=C(O)Cc1cc(Cl)cc(OCCC2(N3CCCC3)CCN(c3nc4ccc(C(F)(F)F)nc4s3)CC2)c1	KAGLXEKIFXHEMB-UHFFFAOYSA-N		57966167.0	
CHEMBL4449668	Cc1ccc(C)c2oc(-c3nc(-c4ccc(C(=O)O)c(F)c4)no3)cc12	WGPGONBALWALNL-UHFFFAOYSA-N		121414313.0	
CHEMBL424269	CCCCOc1c(/C(C)=C\C=C\C(C)=C\C(=O)O)cc(C(F)(F)C(F)(F)F)cc1C(C)C	UXAOHICPAFHSTJ-HYFQCHPWSA-N		9847065.0	
CHEMBL97263	CC1(C)CCC(C)(C)c2cc(Nc3ccc4cc(C(=O)O)ccc4c3)ccc21	APVJFPPFKHOIOJ-UHFFFAOYSA-N		10133951.0	
CHEMBL79234	CC(/C=C/C1=C(c2ccc3c(c2)C(C)(C)CCC3(C)C)CCC1)=C\C(=O)O	VYBMNAKWMZVNRX-WDWAOICLSA-N		9929026.0	
CHEMBL4546094	C=C(CO)[C@@]12O[C@@H]1[C@@]1(C)C(=C[C@@H]2O)C=C[C@@H](O)[C@@H]1C	LLKUBNIUIWQJBY-IUCIJCHOSA-N		155553459.0	
CHEMBL583410	Cc1cc2c(cc1Cc1ccc(C(=O)O)c([N+](=O)[O-])c1)C(C)(C)CCC2(C)C	JIXBNHWCTLWSDM-UHFFFAOYSA-N		45483161.0	
CHEMBL1668773	CC(=O)CC/C=C(\C)C[C@@H]1C=C(CCC=C(C)C)C(=O)O1	HPYAKDUQYJHSJJ-LEHPZIBWSA-N	TUBERATOLIDE A	50993673.0	
CHEMBL4437844	C=C(CO)[C@H]1C[C@@]2(C)C(=C[C@@H]1O)C[C@H](O)C[C@@H]2C	TZSFZAIQJZMAAL-INMIOYRUSA-N		155513020.0	
CHEMBL5401472	C[C@H]1CCCN1c1cc(-c2ccccc2O)nnc1N	CMJYPZQQLQOFCI-JTQLQIEISA-N		172442279.0	
CHEMBL176252	O=C(O)/C=C/c1ccc(-c2ccc(O)c(C34CC5CC(CC(C5)C3)C4)c2)c(Cl)c1	ZUIMAMHUQKPCBR-QHHAFSJGSA-N		9866186.0	
CHEMBL309282	CC1(C)CCC(C)(C)c2cc(C(=O)c3ccc4cc(C(=O)O)ccc4c3)ccc21	RWYREGSYPCNZTL-UHFFFAOYSA-N		2605.0	
CHEMBL77961	CC1(C)CCC(C)(C)c2cc(/C(=N\O)c3ccc4cc(C(=O)O)ccc4c3)ccc21	RNZIUDLOJHVHLZ-VYIQYICTSA-N		9887303.0	
CHEMBL2398360	CC12CCCc3cc(C(=O)Nc4ccc(C(=O)O)c(O)c4)cc(c31)CCC2	AVPRBWASVWKWES-UHFFFAOYSA-N		58420570.0	
CHEMBL564037	Cc1cc(O)c(C23CC4CC(CC(C4)C2)C3)cc1-c1ccc(CC(=O)O)cc1Cl	JMVVJFXQWXMPFB-UHFFFAOYSA-N		44127259.0	
CHEMBL2398353	O=C(Nc1ccc(C(=O)O)s1)c1cc2c3c(c1)CCCC3CCC2	DRMAQGPOUBJNLI-UHFFFAOYSA-N		58420602.0	
CHEMBL5646471	CC1(C)CC=C(c2ccc(CN3CCOCC3)cc2)c2cc(C(=O)Nc3ccc(C(=O)O)cc3)ccc21	VTSHJCSZMTWEJL-UHFFFAOYSA-N		177372375.0	
CHEMBL42314	C/C(=C/C=C/C(C)=C/C(=O)O)c1cc(C(C)(C)C)cc(C(C)(C)C)c1OCC(F)F	BHIBZAZKKARFIM-XRYBSMBUSA-N		9845057.0	
CHEMBL92284	CC(/C=C/C1(c2cc3c(cc2C)C(C)(C)CCC3(C)C)CC1)=C\C(=O)O	QCUYSUZEBJQJPS-YWRSBGDESA-N		10308975.0	
CHEMBL97690	CC1(C)CCC(C)(C)c2cc(Oc3ccc4cc(C(=O)O)ccc4c3)ccc21	OABKFPKZLVSWCI-UHFFFAOYSA-N		9820940.0	
CHEMBL4215021	CC1(C)CCC(C)(C)c2cc(-c3cc(-c4ccc(C(=O)O)cc4)ccc3OCCCNC3CC3)ccc21	OGLIECHDQHKIDU-UHFFFAOYSA-N		11167904.0	
CHEMBL341704	CC1(C)CCOc2ccc(C(=O)Oc3ccc(/C=N/N=C(/N)S)cc3)cc21	SMLQDCCTDXVYIJ-WSDLNYQXSA-N		10643692.0	
CHEMBL1668775	CC(C)=CCCC1=C[C@@H](C/C(C)=C/CC[C@]2(C)C=Cc3cc(O)cc(C)c3O2)OC1=O	BNWXBVSPPVIYFO-URLCLMEBSA-N	2'-EPI-TUBERATOLIDE B	50993747.0	
CHEMBL120759	C/C(=C\c1ccc(C(=O)O)cc1)c1ccc2c(c1)C(C)(C)CO2	FJMDSJZMGVIAPD-JLHYYAGUSA-N		13833727.0	
CHEMBL156696	Cc1cccc2ccc(-c3ccc(-c4ccc(C(=O)O)cc4)[nH]3)cc12	SYDMYPUBSYYZJM-UHFFFAOYSA-N		15487484.0	
CHEMBL131826	CCCCOc1c(/C(C)=C(F)\C=C\C(C)=C\C(=O)O)cc(C(C)C)cc1C(C)C	ITYAECDCSRCTFW-VPQGWKRMSA-N		44353347.0	
CHEMBL75311	CC(C)(C)c1cc(C2=Cc3ccc(C(=O)O)cc3OC2)ccc1O	UQCXBXLOSYAUCJ-UHFFFAOYSA-N		44313513.0	
CHEMBL2398381	CC12CCCc3cc(C(=O)Nc4ccc(C(=O)O)cc4)cc(c31)CCC2	UBKYDSBMXVHNDZ-UHFFFAOYSA-N		58420569.0	
CHEMBL99073	C/C(=C\c1ccc(C(=O)c2ccc3c(c2)C(C)(C)CCC3(C)C)cc1)C(=O)O	AEJJDQBTYAMMEN-JQIJEIRASA-N		14126196.0	
CHEMBL150691	CC1=C(/C=C/C#Cc2ccc(C(=O)O)cn2)C(C)(C)CCC1	DSQMLDQMOIVLSY-WEVVVXLNSA-N		6366685.0	
CHEMBL80820	CC1(C)CCNc2ccc(C#Cc3ccc(C(=O)O)cc3)cc21	YGNKRZFJEMNOCO-UHFFFAOYSA-N		44316277.0	
CHEMBL5818566	Cc1ccc(Cl)c2cc(-c3nc(-c4ccc(C(=O)O)cc4)no3)oc12	SNVLKXSJTKPNNW-UHFFFAOYSA-N		121414302.0	
CHEMBL306999	CC1(C)CC(=O)Nc2cc(C#Cc3ccc(C(=O)O)cc3)ccc21	FRCJKSNXURVRRW-UHFFFAOYSA-N		44316094.0	
CHEMBL5931168	Cc1ccc(C)c2oc(-c3nc(-c4ccc(C(=O)O)c(F)c4)no3)nc12	LWQXMSDLUSAGTL-UHFFFAOYSA-N		121414308.0	
CHEMBL2398363	O=C(O)c1ccc(C(=O)Nc2cc3c4c(c2)CCCCC4CCCC3)cc1	AEPXWQPETSSUOU-UHFFFAOYSA-N		25189817.0	
CHEMBL3114291	CC(=O)NCCCOc1cc(/C=C/C(=O)O)ccc1-c1cc(C23CC4CC(CC(C4)C2)C3)c(O)cc1C	UXEZORVNOAWPKG-FNORWQNLSA-N		76314172.0	
CHEMBL277168	CC(C)c1cccc2ccc(-c3ccc(-c4ccc(C(=O)O)cc4)[nH]3)nc12	UNKSGEZQGQSAEO-UHFFFAOYSA-N		22985612.0	
CHEMBL5647256	CC1(C)CC=C(c2ccc(N3CCOCC3)cc2)c2cc(NC(=O)Nc3ccc(C(=O)O)cc3)ccc21	KSGXWZGQGXAWJM-UHFFFAOYSA-N		177372380.0	
CHEMBL408	Cc1c(C)c2c(c(C)c1O)CCC(C)(COc1ccc(CC3SC(=O)NC3=O)cc1)O2	GXPHKUHSUJUWKP-UHFFFAOYSA-N	TROGLITAZONE	5591.0	
CHEMBL425027	CCCCCCCCc1ccc(-c2ccc(C(=O)O)cc2)cc1	HXBKPYIEQLLNBK-UHFFFAOYSA-N		1714884.0	
CHEMBL280140	CC1(C)CCC(C)(C)c2cc(C(=C3CC3)c3ccc(C(=O)O)cc3)ccc21	IBMBPTSPCXVWFN-UHFFFAOYSA-N		44274836.0	
CHEMBL89241	CC(/C=C/C=C(\C)c1cc(C(C)(C)C)cc(C(C)(C)C)c1)=C\C(=O)O	JMPZTWDLOGTBPM-OUQSKUGOSA-N		5287705.0	
CHEMBL97049	CC1(C)CCC(C)(C)c2c1cc(O)c(C(=O)c1ccc3cc(C(=O)O)ccc3c1)c2F	FLAKAPZOPWMHOB-UHFFFAOYSA-N		44329188.0	
CHEMBL109539	CC(/C=C/C=C(\C)c1ccc2c(c1)CCCN2C(C)C)=C\C(=O)O	DWQUMLRPAPSXIM-OTLMWCFISA-N		10687534.0	
CHEMBL4463668	CCS(=O)(=O)c1ccc(C(NC(C)=O)C(=O)Nc2ccc(C(O)(C(F)(F)F)C(F)(F)F)cc2)cc1	HJJYGXDBXQAVQG-UHFFFAOYSA-N		155530220.0	
CHEMBL162393	Cc1ccc(C2=CCC(C)(C)c3cc4ccc(-c5ccc(C(=O)O)cc5)cc4cc32)cc1	IELZYFLWRMEIIC-UHFFFAOYSA-N		10127015.0	
CHEMBL157272	CC1(C)CC=C(c2ccc(F)cc2)c2cc(C#Cc3ccc(C(=O)O)cc3)ccc21	MZLZEMLQPLDQNL-UHFFFAOYSA-N		10453355.0	
CHEMBL115763	CC(c1ccc(C(=O)O)cc1)c1ccc2c(c1)C(C)(C)CCC2(C)C	SEPMSBSPXGWXQU-UHFFFAOYSA-N		10314977.0	
CHEMBL356326	COc1ccc(/C(C)=C/c2ccc(C(=O)O)cc2)cc1C1(C)CCCCC1	QANMIASYTMOQAE-BMRADRMJSA-N		10666483.0	
CHEMBL189191	C=C(c1ccc(C(=O)O)cc1)c1cc2c(cc1CCCC)C(C)(C)CCC2(C)C	ITKUDGQGNNFPPP-UHFFFAOYSA-N		11452118.0	
CHEMBL2385268	CC1(C)CC=C(c2ccccc2)c2cc(/C=C/c3ccc(C(=O)O)cc3)ccc21	VUODRPPTYLBGFM-CMDGGOBGSA-N		9875424.0	
CHEMBL1668774	CC(C)=CCCC1=C[C@@H](C/C(C)=C/CC[C@@]2(C)C=Cc3cc(O)cc(C)c3O2)OC1=O	BNWXBVSPPVIYFO-LSJFATALSA-N	TUBERATOLIDE B	50993746.0	
CHEMBL277626	Cc1cc2c(cc1C(=C1CC1)c1ccc(C(=O)O)cc1)C(C)(C)CCC2(C)C	BZJCZXWWMFFDGB-UHFFFAOYSA-N		44274894.0	
CHEMBL5830474	Cc1cc(-c2noc(-c3cc4c(Cl)ccc(Cl)c4o3)n2)ccc1C(=O)O	FSNUIUAYHUNGQM-UHFFFAOYSA-N		121414304.0	
CHEMBL75814	CC(/C=C/[C@]1(C)CCC[C@@H]1c1ccc2c(c1)C(C)(C)CCC2(C)C)=C\C(=O)O	FJIBZFRLRGXSSC-HYMPPABESA-N		44316544.0	
CHEMBL86663	C/C(=C/c1ccc(C(=O)O)cc1)c1ccc2c(c1)C(C)(C)CCC2(C)C	FOIVPCKZDPCJJY-PEZBUJJGSA-N		5354022.0	
CHEMBL130317	C/C(=C/C=C/C(C)=C/C(=O)O)c1cc(-c2ccco2)cc(C(C)C)c1OCC(F)F	IIGXFBSZCFYBHM-JCBBLABWSA-N		44353335.0	
CHEMBL25337	Cc1cc2c(cc1C1=NOC(c3ccc(C(=O)O)cc3)C1)C(C)(C)CCC2(C)C	BYGCKDZWHHOZMY-UHFFFAOYSA-N		44275156.0	
CHEMBL25038	Cc1cc2c(cc1-c1ncc(-c3ccc(C(=O)O)cc3)s1)C(C)(C)CCC2(C)C	JTKODMXEKWGWCL-UHFFFAOYSA-N		44275469.0	
CHEMBL4855847	O=C(O)CCc1nc(-c2ccccc2)c(-c2cc(C(F)(F)F)cc(C(F)(F)F)c2)o1	KMMWBOHSOIDNLP-UHFFFAOYSA-N		155491000.0	
CHEMBL3114297	Cc1cc(O)c(C23CC4CC(CC(C4)C2)C3)cc1-c1ncc(-c2ccc(C(=O)O)cc2)s1	QGFUCEYQCFIDDU-UHFFFAOYSA-N		136249387.0	
CHEMBL155325	Cc1cc(C)cc(C2=CCC(C)(C)c3ccc(C#Cc4ccc(C(=O)O)cc4)cc32)c1	KKVUNMOPDLOPLN-UHFFFAOYSA-N		12017641.0	
CHEMBL4217953	COCCOCOc1ccc(-c2ccc(C(=O)O)cc2)cc1-c1ccc2c(c1)C(C)(C)CCC2(C)C	ONCNXZYLXTZCOJ-UHFFFAOYSA-N		69588033.0	
CHEMBL95646	CC1(C)CCC(C)(C)c2cc(C(O)c3ccc4cc(C(=O)O)ccc4c3)c(O)cc21	GNLCQYSHXWTHJB-UHFFFAOYSA-N		44329085.0	
CHEMBL318479	CC1(C)CCC(C)(C)c2cc(S(=O)(=O)c3ccc4cc(C(=O)O)ccc4c3)ccc21	NZLDNVFAPCGICF-UHFFFAOYSA-N		44329105.0	
CHEMBL82716	C=C(c1ccc2c(c1)C(C)(C)CCC2(C)C)c1ccc2cc(C(=O)O)ccc2c1	RPYMHWFQSVJQFW-UHFFFAOYSA-N		10249448.0	
CHEMBL5188201	COC(=O)/C=C/c1cccc(N(Cc2ccc(-c3ccc(N(C)C)cc3)c(C#N)c2)C(=O)C2CCCCC2)c1	GKUOGOCWAZEYDB-CPNJWEJPSA-N		126717136.0	
CHEMBL62537	CC1(C)CCC(C)(C)c2cc(C3CCCc4sc(/C=C/C(=O)O)cc43)ccc21	IQLISKYOLFJFEL-PKNBQFBNSA-N		10135277.0	
CHEMBL308883	CC(/C=C/C1CC1(C)c1cc2c(cc1C)C(C)(C)CCC2(C)C)=C\C(=O)O	HMDVFKHLXNHBGR-LFZNACJFSA-N		9799320.0	
CHEMBL114880	Cc1cc2c(cc1C(=O)c1ccc(C(=O)O)s1)C(C)(C)CCC2(C)C	OHXNOKHFSUNDSU-UHFFFAOYSA-N		10089642.0	
CHEMBL219801					
CHEMBL5084377	Cc1cc(Cn2ncn(-c3ccc(OC(F)(F)F)cc3)c2=O)cc(C)c1OC(C)(C)C(=O)O	IUEFKAHLCBNPMM-UHFFFAOYSA-N		162423128.0	
CHEMBL4205733	CC1(C)CCC(C)(C)c2cc(-c3cc(-c4ccc(C(=O)O)cc4)ccc3OCCCCO)ccc21	RGKOTQUMRCWTMY-UHFFFAOYSA-N		16661643.0	
CHEMBL5890168	Cc1ccc(C)c2oc(-c3nc(-c4ccc(C(=O)O)cc4)ns3)cc12	XLMIPQLVXAVEFH-UHFFFAOYSA-N		121414259.0	
CHEMBL130232	C/C(=C/C=C/C(C)=C/C(=O)O)c1cc(-c2cccc(F)c2)cc(C(C)C)c1OCC(F)F	PSKQZFWERLNHPW-WBDHESBHSA-N		44353422.0	
CHEMBL5532117	Cc1cc(CN2CCN(c3ccc(C(F)(F)F)cn3)CC2)cc(C)c1OC(C)(C)C(=O)O	FXGXOZWIJDJMRK-UHFFFAOYSA-N		171364419.0	
CHEMBL69091	CC(/C=C/C1CC1(C)c1ccc2c(c1)C(C)(C)CCC2(C)C)=C\C(=O)O	BOOOLEGQBVUTKC-YWRSBGDESA-N		9863342.0	
CHEMBL98263	Cc1cccc2cc(-c3ccc(-c4ccc(C(=O)O)cc4)[nH]3)oc12	QDVVWBBNBIGFHJ-UHFFFAOYSA-N		10567482.0	
CHEMBL98142	CCCc1cc2c(cc1C(=O)c1ccc(C(=O)O)cc1)C(C)(C)CCC2(C)C	YOYWDYIPQNDPMQ-UHFFFAOYSA-N		10022568.0	
CHEMBL1668776	CC(C)=CCCC1=C[C@@H](C/C(C)=C/CC/C(C)=C/CC2=CC(=O)C=C(C)C2=O)OC1=O	PRJQMQHHBMRRQA-LDIVQETISA-N	YEZOQUINOLIDE	51003543.0	
CHEMBL1221640	CCN(c1ccc2c(c1)C(C)(C)CCC2(C)C)c1ccc(-c2nnn[nH]2)cn1	LAVVEKRPDLBLLX-UHFFFAOYSA-N		46933534.0	
CHEMBL3787323	CC1(C)CCC(C)(C)c2cc(C3(c4ccc(CCC(=O)O)cc4)SCCS3)ccc21	HOUMKQOYHWVXDO-UHFFFAOYSA-N		121472067.0	
CHEMBL156356	Cc1c(C)c(C)c2cc(-c3ccc(-c4ccc(C(=O)O)cc4)[nH]3)ccc2c1C	PRFRWUZYMAIYEJ-UHFFFAOYSA-N		15487481.0	
CHEMBL4466322	C/C=C/C=C/C(O)=C1/C(=O)[C@@]2(C)[C@H]3/C(=C(O)\C=C\C=C\C)C(=O)[C@@]4(C)[C@@H]1[C@]1(C)O[C@@]4(O)[C@@]3(C)O[C@@]12O	OFOUJHGWJJEVMF-SZJYFORJSA-N		21778326.0	
CHEMBL5861416	Cc1ccc(C)c2oc(-c3nc(-c4ccc(C(=O)O)cc4Cl)ns3)cc12	IINKSGIQOQJPOR-UHFFFAOYSA-N		121414328.0	
CHEMBL3114302	COCCOCOc1ccc(-c2ncc(/C=C/C(=O)O)nc2OC)cc1C12CC3CC(CC(C3)C1)C2	FTYHIXRFUKJTPE-GQCTYLIASA-N		76317734.0	
CHEMBL4454057	C[C@H]1CC(=O)C=C2C=CC(=C(CO)CO)[C@H](O)[C@@]21C	LBLNVMDVXJLEOE-ULKVUYOBSA-N		132556715.0	
CHEMBL75133	CC(/C=C/[C@@H]1C[C@]1(C)c1ccc2c(c1)C(C)(C)CCC2(C)C)=C\C(=O)O	BOOOLEGQBVUTKC-NVQSDHBMSA-N	IRX-4204	9863341.0	
CHEMBL109847	CCOc1cc2c(cc1/C(C)=C\C=C\C(C)=C\C(=O)O)C(C)(C)CCC2(C)C	FBMOYGVRPZARPX-SFTNPHNRSA-N		10619935.0	
CHEMBL2398382	O=C(O)c1ccc(NC(=O)c2cc3c4c(c2)CCCC4CCC3)nc1	DFSQKSRIXKJHFP-UHFFFAOYSA-N		58420605.0	
CHEMBL2153725	CC1=C(/C=C/C(C)=C/C=C/C(C)=C/C(=O)NCCCc2ccc(N(CCCl)CCCl)cc2)C(C)(C)CCC1	MDUYXZPSYVGWTG-WKIYQPNQSA-N		71458506.0	
CHEMBL1668777	CC(C)=CCC/C(=C/CC/C(C)=C/CC[C@]1(C)C=Cc2cc(O)cc(C)c2O1)C(=O)O	QKXAGRZCXAYBQX-HKRZBUDOSA-N	(R)-SARGACHROMENOL	51003424.0	
CHEMBL350485	Cc1ccc(C2=CCC(C)(C)C=C2/C=C/C#Cc2ccc(C(=O)O)cc2)cc1	UACAJGJFJAQPLY-FNORWQNLSA-N		10384413.0	
CHEMBL432261	CC1(C)CCC(C)(C)c2cc(-c3cccc4cc(C(=O)O)ccc34)ccc21	LVGJDYIUOCHZQN-UHFFFAOYSA-N		44275087.0	
CHEMBL508378	CC(=C/C=C/C(C)=C/C(=O)O)/C=C/C1=C[C@H](C)CC[C@H]1C(C)C	FDKJJFZTALFHMZ-PGCPYWQFSA-N		25147656.0	
CHEMBL2396673	CC12CCCc3cc(NC(=O)c4ccc(C(=O)O)s4)cc(c31)CCC2	AQFPDSQQKKJYJG-UHFFFAOYSA-N		25189929.0	
CHEMBL34292	CC(/C=C/C=C(\C)c1ccc2c(c1)C(C)(C)CCS2)=C\C(=O)O	GAFLQIREHJATJD-ZFWGQPRBSA-N		6447986.0	
CHEMBL113864	CC1(C)CCC(C)(C)c2cc(C3(c4ccc(C(=O)O)cc4)SCCCS3)ccc21	CXCXPZCHVMTIJF-UHFFFAOYSA-N		9802575.0	
CHEMBL3114295	COCCOCOc1cc(C)c(-c2ncc(/C=C/C(=O)O)s2)cc1C12CC3CC(CC(C3)C1)C2	NVROMBJUWHYGOW-ONEGZZNKSA-N		76321441.0	
CHEMBL423654	CC1(C)CCC(C)(C)c2cc(-c3cccc(-c4ccc(C(=O)O)cc4)n3)ccc21	WVHLPGUOXHALCP-UHFFFAOYSA-N		44275449.0	
CHEMBL247920	CCc1c(-c2ccccc2)c(-c2ccccc2)nn1-c1ccccc1-c1cccc(OCC(=O)O)c1	SJRVJRYZAQYCEE-UHFFFAOYSA-N		16122583.0	
CHEMBL24966	CC(C)=C(c1ccc(C(=O)O)cc1)c1ccc2c(c1)C(C)(C)CCC2(C)C	XYIWGTYPSQVWKX-UHFFFAOYSA-N		3035780.0	
CHEMBL2398368	O=C(Nc1ccc(C(=O)O)c(Cl)c1)c1cc2c3c(c1)CCCCC3CCCC2	QILVNEKZHACJNM-UHFFFAOYSA-N		58420607.0	
CHEMBL4783205	CC(C)C(=O)N1CCC(C[C@@H](c2nc3ccc(F)cc3n2C2CC2)N2C(=O)CN(c3ccc(Oc4ccc(F)cc4)cc3)C2=O)CC1	WSJZBXXQVPZXIT-YTTGMZPUSA-N		162664583.0	
CHEMBL147545	O=C(O)c1ccc2cc(-c3ccc(OCC(O)CO)c(C45CC6CC(CC(C6)C4)C5)c3)ccc2c1	HCGLZXMFTPFYBB-UHFFFAOYSA-N		10227224.0	
CHEMBL1657	CCOC(=O)c1ccc(C#Cc2ccc3c(c2)C(C)(C)CCS3)nc1	OGQICQVSFDPSEI-UHFFFAOYSA-N	TAZAROTENE	5381.0	
CHEMBL197194	COc1cccc(-c2ccc(NC(=O)C3=C(C(=O)O)CCC3)c(F)c2)c1	XPRDUGXOWVXZLL-UHFFFAOYSA-N	VIDOFLUDIMUS	9820008.0	
CHEMBL305115	CC1(C)CCC(C)(C)c2cc(C3CCCc4oc(/C=C5/SC(=O)NC5=O)cc43)ccc21	KKABGOOTLHQIHG-HYARGMPZSA-N		44304045.0	
CHEMBL3786581	CC1(C)CCC(C)(C)c2cc(C3(c4ccc(/C=C/C(=O)O)cc4)OCCO3)ccc21	DFTYJVMZQNRUIU-KPKJPENVSA-N		121472072.0	
CHEMBL335242	CC(/C=C/C(F)=C(/C)c1cc(C(C)(C)C)cc(C(C)(C)C)c1OCC(F)(F)F)=C\C(=O)O	RMHYEVXCHZYYBT-WEMQTCASSA-N		9868664.0	
CHEMBL116859	CC1(C)CCC(C)(C)c2cc(Oc3ccc(C(=O)O)cc3)ccc21	VVSWRFRXKFKGRJ-UHFFFAOYSA-N		9818688.0	
CHEMBL328481	C/C(=C\c1ncc(C(=O)O)s1)c1cc2c(cc1C)C(C)(C)CCC2(C)C	WGOHVXKUHRUIRK-GXDHUFHOSA-N		9799477.0	
CHEMBL133725	CC1(C)CCC(C)(C)c2nc(-c3ccc(-c4ccc(C(=O)O)cc4)[nH]3)cnc21	RREMNJZTZUKGKQ-UHFFFAOYSA-N		9907650.0	
CHEMBL447382	COCCOCOc1cc(C/C=C/c2ccccc2)c(C(=O)/C=C/c2ccc(C(=O)O)cc2)cc1C12CC3CC(CC(C3)C1)C2	PKYPNRDSEBSSGD-GPALGXLMSA-N		44562045.0	
CHEMBL3098771	CC(=C/C=C/C(C)=C/C(=O)O)/C=C1\CCCc2ccccc21	PPGNMFUMZSAZCW-VOYUZAMQSA-N	UAB-30	9904203.0	
CHEMBL373364	O=C(O)c1ccc(NC(=O)c2cc(OCc3ccccc3F)cc(OCc3ccccc3F)c2)nc1	CHDHWRIOEXFMNA-UHFFFAOYSA-N		44401302.0	
CHEMBL98218	Cc1ccc2cc(-c3ccc(-c4ccc(C(=O)O)cc4)[nH]3)oc2c1C	GLMIQMATBVZCGP-UHFFFAOYSA-N		10782723.0	
CHEMBL421773	C/C(=C\c1ccc(C(=O)O)cc1)c1ccc(O)c(C23CC4CC(CC(C4)C2)C3)c1	FMXQRDBLCLYHLF-LZYBPNLTSA-N		10385620.0	
CHEMBL424190	CC1(C)CCCC(c2ccc(C(C)(C)C)cc2)=C1/C=C/C#Cc1ccc(C(=O)O)cc1	IQKSCFUBGQSAHR-YRNVUSSQSA-N		10251128.0	
CHEMBL583996	Cc1cc2c(cc1Cc1ccc(C(=O)O)c(F)c1)C(C)(C)CCC2(C)C	HLSZUZQZXROBMJ-UHFFFAOYSA-N		45483163.0	
CHEMBL3314592	CC(C)=CCc1cc([C@@H]2CC(=O)c3ccc(O)c(CC=C(C)C)c3O2)cc2c1OC(C(C)(C)O)C2	GUOZFKYIHZVTRA-QBHOUYDASA-N		73296637.0	
CHEMBL5946099	Cc1ccc(C)c2c(C)c(-c3nc(-c4ccc(C(=O)O)cc4)no3)oc12	CVPSDVSNXRDGQS-UHFFFAOYSA-N		121414292.0	
CHEMBL4552760	COc1ccc(Oc2ccc(N3CC(=O)N([C@@H](CC4CCN(C(=O)C(C)C)CC4)c4nc5ccc(C)cc5n4C)C3=O)cc2)cc1	OEZIIXATUHPTKX-YTTGMZPUSA-N		155556426.0	
CHEMBL5901116	Cc1cc(-c2noc(-c3nc4c(C)ccc(C)c4o3)n2)ccc1C(=O)O	MTTSYZXFIDUWLV-UHFFFAOYSA-N		121432511.0	
CHEMBL5077503	CC[C@H](Cc1ccc(C(=O)NCc2ccc(OC)cc2C(F)(F)F)cc1)C(=O)O	VPAHYLNIDWFBPW-CQSZACIVSA-N		129520967.0	
CHEMBL414233	CC(C)=C(/C=C/C(C)=C/C(=O)O)c1ccc2c(c1)C(C)(C)CCC2(C)C	HRGDLLOOEVWNOE-XVVAVEOZSA-N		9998151.0	
CHEMBL5418573	O=C(O)Cc1cccc(COc2cccc3c2CCC3)c1	BWSTZMSLVHXBQM-UHFFFAOYSA-N		172458785.0	
CHEMBL5905886	Cc1ccc(C)c2oc(-c3nnc(-c4ccc(C(=O)O)cc4)o3)cc12	BIXCTMSYYKYTDD-UHFFFAOYSA-N		121414312.0	
CHEMBL63048	CC1(C)CCC(C)(C)c2cc(Cc3coc(/C=C/C(=O)O)c3)ccc21	GPLSMLHEZAREAH-SOFGYWHQSA-N		11416475.0	
CHEMBL5837674	Cc1ccc(C)c2oc(-c3nnc(-c4ccc(C(=O)O)c(F)c4)o3)cc12	QKMWVKKCQMIPRV-UHFFFAOYSA-N		121414254.0	
CHEMBL75848	CC1(C)CCC(C)(C)c2cc(C3=Cc4ccc(C(=O)O)cc4OC3)ccc21	NOHAYALABUMJRK-UHFFFAOYSA-N		10044201.0	
CHEMBL5820942	Cc1cc(-c2nc(-c3cc4c(C)ccc(C)c4o3)ns2)ccc1C(=O)O	CLIQILUTHAIRCH-UHFFFAOYSA-N		121432602.0	
CHEMBL472476	CCCCOCCOc1ccc(-c2ccc(C(=O)O)cc2)cc1	YKIDBVZOFXTIBY-UHFFFAOYSA-N		15951925.0	
CHEMBL1082	CC1(C)S[C@@H]2[C@H](NC(=O)[C@H](N)c3ccc(O)cc3)C(=O)N2[C@H]1C(=O)O	LSQZJLSUYDQPKJ-NJBDSQKTSA-N	AMOXICILLIN	33613.0	
CHEMBL157333	CC1=C(/C=C/c2ccccc2/C=C/C(C)=C/C(=O)O)C(C)(C)CCC1	ZCPDAPYQPPOYPN-SSQQRFAJSA-N		9884208.0	
CHEMBL131925	CC1(C)CCC(C)(C)c2nc(-c3cc(-c4ccc(C(=O)O)cc4)co3)cnc21	QSMDIKOFXUXFOR-UHFFFAOYSA-N		10547547.0	
CHEMBL423465	CO/N=C(\c1ccc(C(=O)O)cc1)c1cc2c(cc1C)C(C)(C)CCC2(C)C	NAQPJCDULHJGLW-NJNXFGOHSA-N		9886137.0	
CHEMBL448905	COCCOCOc1cc(Cc2ccccc2)c(C(=O)/C=C/c2ccc(C(=O)O)cc2)cc1C12CC3CC(CC(C3)C1)C2	SYSFPTNXYBHJDL-FMIVXFBMSA-N		44562044.0	
CHEMBL112715	CC1(C)CCC(C)(C)c2cc(C3(c4ccc(C(=O)O)cc4)OCCO3)ccc21	ZZUKALQMHNSWTK-UHFFFAOYSA-N		127019.0	
CHEMBL148327	CC1(C)CC=C(c2cccs2)c2cc(C(=O)Oc3ccc(C(=O)O)cc3)ccc21	HXFFKWLFGLGDNU-UHFFFAOYSA-N		9953061.0	
CHEMBL3114299	COCCOCOc1cc(C)c(-c2ncc(-c3ccc(C(=O)O)cc3)s2)cc1C12CC3CC(CC(C3)C1)C2	IAJBGLWFKBOYOR-UHFFFAOYSA-N		76325038.0	
CHEMBL182565	C=C(/C=C/C1=C(C)CCCC1(C)C)C/C=C/C=C\C(=O)O	SPYJZGDWDKYUDO-BNBWJAQASA-N		44393163.0	
CHEMBL3931870	CCN(CC)c1ccc(-c2cc(-c3ccc(C(=O)O)cc3)ccc2CCCO)cc1C(C)(C)C	AGMIORZEZJMCCG-UHFFFAOYSA-N		11525429.0	
CHEMBL2332887	Cc1cc2c(cc1-n1c(C(F)(F)F)nc3cc(C(=O)O)ccc31)C(C)(C)CCC2(C)C	GBMUQLAGEWYKTJ-UHFFFAOYSA-N		71584655.0	
CHEMBL56367	CS(=O)(=O)Nc1ccc([N+](=O)[O-])cc1Oc1ccccc1	HYWYRSMBCFDLJT-UHFFFAOYSA-N	NIMESULIDE	4495.0	
CHEMBL290761	C/C(=C\C(=O)O)c1cc2c(-c3cc(C(C)(C)C)cc(C(C)(C)C)c3OCC(F)F)cccc2s1	HDGYNNANHOVHIN-LFIBNONCSA-N		10206438.0	
CHEMBL53449	CC1=C(/C=C/C(C)=C/C=C/C(C)=C/C(=O)O)C(C)(C)CCC1n1cnnc1	MRJVMRQEDQFTGR-JAUKNPJPSA-N		10292425.0	
CHEMBL208819	CCC(Oc1ccc(C(CC)(CC)c2ccc(OC(CC)C(=O)O)c(C)c2)cc1C)C(=O)O	RCQNUVPNGYCDJU-UHFFFAOYSA-N		44411926.0	
CHEMBL3114292	O=C(O)/C=C/c1cnc(-c2ccc(O)c(C34CC5CC(CC(C5)C3)C4)c2)s1	HHGDFJUQOFZBRR-DUXPYHPUSA-N		136241645.0	
CHEMBL4439399	O=C(O)c1ccc(-c2noc(-c3cc4c(C(F)(F)F)ccc(F)c4o3)n2)cc1	FXUBADJBEQLXCF-UHFFFAOYSA-N		121414318.0	
CHEMBL3954703	CCN(C(C)=O)c1ccc(-c2cc(-c3ccc(C(=O)O)cc3)ccc2CCCNC2CC2)cc1C(C)(C)C	FPOHPLBFFPXIPO-UHFFFAOYSA-N		11663505.0	
CHEMBL3936922	CCN(CC)c1ccc(-c2cc(-c3ccc(C(=O)O)cc3)ccc2OCCO)cc1C(C)(C)C	OOTHJAQLAQMOBN-UHFFFAOYSA-N		11547131.0	
CHEMBL457775	CC(C)(C)c1ccc(C#Cc2ccc(C(=O)O)cc2)cc1	ODGSTXCQFQIDED-UHFFFAOYSA-N		44581289.0	
CHEMBL2398369	O=C(Nc1ccc(C(=O)O)c(O)c1)c1cc2c3c(c1)CCCCC3CCCC2	KUFCFGLBJSLQCH-UHFFFAOYSA-N		58420609.0	
CHEMBL115050	C/C=C(/c1ccc(C(=O)O)cc1)c1ccc2c(c1)C(C)(C)CCC2(C)C	ADPKGIMONMWKST-SWNXQHNESA-N		10043365.0	
CHEMBL80992	CC1(C)CCC(C)(C)c2cc([C@H](O)c3ccc4cc(C(=O)O)ccc4c3)ccc21	AYAJZQYENGWICE-HSZRJFAPSA-N		10834157.0	
CHEMBL417769	CC1=C(/C=C/C(C)=C/C=C/C(C)=C/C(=O)O)C(C)(C)CCC1n1cncn1	DKCNCYZDFCXFMT-JAUKNPJPSA-N		9885573.0	
CHEMBL2398376	CC12CCCc3cc(NC(=O)c4ccc(C(=O)O)cn4)cc(c31)CCC2	VTUMXQWPWVSZBF-UHFFFAOYSA-N		25189985.0	
CHEMBL4476449	Cc1cc(-c2cc(C(F)(F)F)cc(C(F)(F)F)c2)ccc1CC(=O)O	FLQDGVQEVOWTIT-UHFFFAOYSA-N		155538138.0	
CHEMBL95773	CC1(C)CCC(C)(C)c2cc([S+]([O-])/C=C/c3ccc(C(=O)O)cc3)ccc21	FHCYCTLLRUZQBT-SDNWHVSQSA-N		44329178.0	
CHEMBL2113736	CN1Cc2oc(/C=C/C(=O)O)cc2C(c2ccc3c(c2)C(C)(C)CCC3(C)C)C1	VVYXHHKLSQVSJD-VQHVLOKHSA-N		11349910.0	
CHEMBL430677	O=C(O)c1ccc(-c2ccc(-c3cc4c(C(F)(F)F)ccc(F)c4o3)[nH]2)cc1	PTZJPBKONHRZDD-UHFFFAOYSA-N		9886636.0	
CHEMBL290399	C/C(=C\C(=O)O)c1cc2cccc(-c3cc(C(C)C)cc(C(C)C)c3OCCCF)c2o1	SPSOFQGNXAPYIS-LDADJPATSA-N		10225147.0	
CHEMBL5957972	Cc1ccc(Cl)c2oc(-c3nc(-c4ccc(C(=O)O)cc4Cl)no3)cc12	ZIEYNFVYBNPVAU-UHFFFAOYSA-N		121414316.0	
CHEMBL3217922	COC[C@H](C)Oc1cc(Oc2ccc(S(C)(=O)=O)cc2)cc(C(=O)Nc2nccs2)c1	DCUCWQYSNMLTSW-AWEZNQCLSA-N		11282651.0	
CHEMBL334428	CC1c2ccccc2N=C(c2ccc(C(=O)O)cc2)c2cc3c(cc21)C(C)(C)CCC3(C)C	XFVDWMDSPPMLIZ-UHFFFAOYSA-N		10526963.0	
CHEMBL404108	Cc1ccc(Nc2c(F)cccc2Cl)c(CC(=O)O)c1	KHPKQFYUPIUARC-UHFFFAOYSA-N	LUMIRACOXIB	151166.0	
CHEMBL317873	CC1(C)CCC(C)(C)c2c1cc(C(=O)Nc1ccc(C(=O)O)c(F)c1)c(O)c2Br	DSUOXYMLVNTNHY-UHFFFAOYSA-N		5311118.0	
CHEMBL155421	CC(C)c1ccc(C2=CCC(C)(C)c3ccc(C#Cc4ccc(C(=O)O)cc4)cc32)cc1	PJLLBNARZVLBBP-UHFFFAOYSA-N		12017642.0	
CHEMBL517514	CC1Oc2cc3oc4c(O)c5c(cc4c(=O)c3c(O)c2C1(C)C)C=CC(C)(C)O5	YNHZDINWEJCMRF-UHFFFAOYSA-N	GERONTOXANTHONE A	11948658.0	
CHEMBL3926084	CCN(CC)c1ccc(-c2cc(-c3ccc(C(=O)O)cc3)ccc2CC(O)CO)cc1C(C)(C)C	JRPPASMXPSXRKV-UHFFFAOYSA-N		11561969.0	
CHEMBL5425250	C[C@@H]1CCCN1c1cc(-c2ccccc2O)nnc1N	CMJYPZQQLQOFCI-SNVBAGLBSA-N		172458732.0	
CHEMBL5405485	CC(C)(C)c1ccc(COc2cccc(C(=O)O)c2)cc1	MJXOQKCMOQCDCH-UHFFFAOYSA-N		18544100.0	
CHEMBL87147	C/C(=C/c1ccc2c(c1)C(C)(C)CCS2)c1ccc(C(=O)O)cc1	IXFGZAXVTMBUTB-OWBHPGMISA-N		44321951.0	
CHEMBL344122	Cc1cc2c(cc1-c1cc(C(=O)O)no1)C(C)(C)CCC2(C)C	SOHWQOITYAGDRG-UHFFFAOYSA-N		10543210.0	
CHEMBL387639	CC1=C(/C=C/C(C)=C/C=C/C(C)=C\C(=O)O)C(C)(C)CCC1n1ccnc1	MRFBVQCSZMKBFY-ARSQLPCUSA-N		11349121.0	
CHEMBL3105681	CCS(=O)(=O)c1ccc(CC(=O)Nc2nc(-c3cccc(Cl)c3)c(C(=O)c3ccccc3Cl)s2)cc1	GRWNPFJXINLSNF-UHFFFAOYSA-N		56837193.0	
CHEMBL2113737	C/C(=C\C(=O)O)c1cc2c(o1)CCCC2c1ccc2c(c1)C(C)(C)CCC2(C)C	DOSXLPGCGUQSGK-DTQAZKPQSA-N		11749701.0	
CHEMBL418570	CC1(C)CCC(C)(C)c2cc(-c3cccc(-c4ccc(C(=O)O)cc4)c3)ccc21	RDZLKLMLMNESPG-UHFFFAOYSA-N		10091429.0	
CHEMBL75527	CC1(C)CCC(C)(C)c2cc(C3COc4cc(C(=O)O)ccc4C3)ccc21	IHDJKLZRJCYNNI-UHFFFAOYSA-N		9820462.0	
CHEMBL99074	CC1(C)CCC(C)(C)c2c(F)cc(C(=O)c3ccc4cc(C(=O)O)ccc4c3)cc21	BPDHQGRHEXJWEN-UHFFFAOYSA-N		44329023.0	
CHEMBL40007	C/C(=C\c1ccc(C(=O)O)cc1)c1ccc2c(c1)C1CCC2C1	DROVYJMNJGWKQD-JLHYYAGUSA-N		44285104.0	
CHEMBL101212	C=C(c1ccc(C(=O)O)cc1)c1cc2c(cc1OC)C(C)(C)CCC2(C)C	QJQLTVVRXSWODR-UHFFFAOYSA-N		9998870.0	
CHEMBL80236	CC(/C=C/[C@H]1CCC[C@@H]1c1ccc2c(c1)C(C)(C)CCC2(C)C)=C\C(=O)O	HOAYGRVRYIUNNV-HOMFKRFTSA-N		44316796.0	
CHEMBL2398356	CC12CCCc3cc(C(=O)Nc4ccc(C(=O)O)c(F)c4)cc(c31)CCC2	PXCCPUPTKXBTBI-UHFFFAOYSA-N		25189989.0	
CHEMBL96829	C/C(=C\c1ccc(C(=O)O)o1)c1cc2c(cc1C)C(C)(C)CCC2(C)C	CCORXZBJYDJXFA-SDNWHVSQSA-N		6366727.0	
CHEMBL93848	CC(/C=C/C1(c2ccc3c(c2)C(C)(C)CCC3(C)C)CCCC1)=C\C(=O)O	YDJABWPMZKPOCN-JODANDAUSA-N		44325759.0	
CHEMBL349935	CCc1ccc(C2=C(/C=C/C#Cc3ccc(C(=O)O)cc3)C(C)(C)CCC2)cc1	BIPSRDWDLVRJIU-UXBLZVDNSA-N		9864886.0	
CHEMBL326911	CC1(C)CCC(C)(C)c2cc(C(=O)Nc3ccc(C(=O)O)c(F)c3)ccc21	TUTOEKVFOVDKCV-UHFFFAOYSA-N		10044591.0	
CHEMBL348310	Cc1ccc(C)c(-n2nc(-c3ccc(-c4ccc(C(=O)O)cc4)[nH]3)cc2C(C)C)c1	KLQHZZUFXJTFOZ-UHFFFAOYSA-N		135779224.0	
CHEMBL2398379	O=C(O)c1ccc(C(=O)Nc2cc3c4c(c2)CCCC4CCC3)s1	HMPOICZXKISJQH-UHFFFAOYSA-N		67391047.0	
CHEMBL470464	CC1=C(/C=C/C(C)=C\C=C\C(C)=C\C(=O)O[C@@H]2O[C@H](CO)[C@@H](O)[C@H](O)[C@H]2O)C(C)(C)CCC1	KIJSHPGTCADRKQ-RLWWEDLESA-N		10344311.0	
CHEMBL111911	CC(/C=C/C1(c2cc3c(cc2C)C(C)(C)CCC3(C)C)OCCO1)=C\C(=O)O	HAFGXEJYVGRDJJ-YWRSBGDESA-N		10362613.0	
CHEMBL298373	CN1c2cc3c(cc2N=C(c2ccc(C(=O)O)cc2)c2ccc4ccccc4c21)C(C)(C)CCC3(C)C	WJVKVKNDLOYKSA-UHFFFAOYSA-N		10458226.0	
CHEMBL92394	CC(/C=C/C1(c2cc3c(cc2C)C(C)(C)CCC3(C)C)CCCC1)=C\C(=O)O	NSUMJVKYPHTODI-FPIZNTTDSA-N		44325767.0	
CHEMBL336147	Cn1c(-c2ccc(C(=O)O)cc2)ccc1-c1cnc2c(n1)C(C)(C)CCC2(C)C	WPRIXHYOVFWQLO-UHFFFAOYSA-N		10596501.0	
CHEMBL5641574	Cc1ccc(C2=CCC(C)(C)c3ccc(NC(=O)Nc4ccc(C(=O)O)cc4)cc32)cc1	DSNRBTFPXLRTFZ-UHFFFAOYSA-N		177372378.0	
CHEMBL5799955	Cc1ccc(C)c2oc(-c3noc(-c4ccc(C(=O)O)cc4F)n3)cc12	GMDGNVLUPHTFNM-UHFFFAOYSA-N		121414287.0	
CHEMBL442016	O=C(O)/C=C/c1ccc(-c2ccc(O)c(C34CC5CC(CC(C5)C3)C4)c2)cc1	QAWBIEIZDDIEMW-FPYGCLRLSA-N	ADAROTENE	9864378.0	
CHEMBL82089	CC1(C)CCC(C)(C)c2cc(C(O)c3ccc4cc(C(=O)O)ccc4c3)ccc21	AYAJZQYENGWICE-UHFFFAOYSA-N		4469124.0	
CHEMBL131122	CCCOc1c(/C(C)=C\C=C\C(C)=C\C(=O)O)cc(C(C)C)cc1C(F)(F)C(F)(F)F	QZNALCLAYUARIR-ZHOIUTETSA-N		44353456.0	
CHEMBL32505	C/C(=C\c1ccc(C(=O)O)cc1)c1cc2c(cc1C)C(C)(C)CCC2(C)C	AJYSMFOKGBZPCF-DTQAZKPQSA-N		6441985.0	
CHEMBL80934	CC1(C)CC(=O)Nc2ccc(C#Cc3ccc(C(=O)O)cc3)cc21	MHPMVINNZFKVDI-UHFFFAOYSA-N		19963739.0	
CHEMBL130374	C/C(=C/C=C/C(C)=C/C(=O)O)c1cc(-c2cccs2)cc(C(C)C)c1OCC(F)F	DVYKPLHNGRWMAH-JCBBLABWSA-N		44353336.0	
CHEMBL2398378	CC12CCCc3cc(NC(=O)c4ccc(C(=O)O)nc4)cc(c31)CCC2	BCLVLWCSJJEVKO-UHFFFAOYSA-N		25189932.0	
CHEMBL147335	CC1=C(/C=C/C#Cc2ccccc2C(=O)O)C(C)(C)CCC1	XJDWNAKSTIPXAY-NTUHNPAUSA-N		44366042.0	
CHEMBL5561101	CCN(CC)c1ccc(CN(CC2CC2)C(=O)NC(C)(C)C)c(OS(=O)(=O)c2ccc(NC(C)=O)cc2)c1	ARHQGFNNEONRES-UHFFFAOYSA-N		83279418.0	
CHEMBL160622	CC(C)c1cccc2ccc(-c3ccc(-c4ccc(C(=O)O)cc4)[nH]3)cc12	XKGIXZNDGKZJBI-UHFFFAOYSA-N		15487486.0	
CHEMBL288436	Cc1cc2c(cc1C1(c3ccc(C(=O)O)cn3)CC1)C(C)(C)CCC2(C)C	SLXTWXQUEZSSTJ-UHFFFAOYSA-N		3922.0	
CHEMBL336365	CC1(C)CCC(C)(C)c2nc(-c3c[nH]c(-c4ccc(C(=O)O)cc4)n3)cnc21	XLINMCFBFMGRPC-UHFFFAOYSA-N		10619549.0	
CHEMBL3934863	O=C(O)c1ccc(-c2ccc(OCCCCO)c(-c3ccc(N4CCCC4)c(C(F)(F)F)c3)c2)cc1	FCKTUZDSGYGGDB-UHFFFAOYSA-N		11569584.0	
CHEMBL1381178	O=C(O)c1ccc(COc2ccc3c(c2)CCC3)cc1	YIJFUZLNVSGATG-UHFFFAOYSA-N		843045.0	
CHEMBL5641823	Cc1ccc(C2=CC(C)(C)Oc3ccc(S(=O)(=O)Nc4ccc(C(=O)O)cc4)cc32)cc1	QEKZAHOOBZTAQJ-UHFFFAOYSA-N		177372388.0	
CHEMBL3960035	CCN(CC)c1ccc(-c2cc(-c3ccc(C(=O)O)cc3)ccc2OCCCCO)cc1C(C)(C)C	MFJSSFBKCJUROC-UHFFFAOYSA-N		11554936.0	
CHEMBL4577891	CCC/C(=C\c1cc(OCc2ccc3nc(C(F)(F)F)cc(OC)c3c2)ccc1OCC1CCN(C)CC1)C(=O)O	QQBUOAQHLBBDFR-PXLXIMEGSA-N		155564609.0	
CHEMBL2103772	CC(=O)SCC(Cc1ccccc1)C(=O)NCC(=O)OCc1ccccc1	ODUOJXZPIYUATO-UHFFFAOYSA-N	RACECADOTRIL	107751.0	
CHEMBL2376840	Cc1ccc(C2=CC(C)(C)Oc3c(Br)cc(C(=O)Nc4ccc(C(=O)O)cc4)cc32)cc1	CTGGWXUSKDFFRW-UHFFFAOYSA-N		72196903.0	
CHEMBL81273	CC1(C)CCC(C)(C)c2cc([C@@H](O)c3ccc4cc(C(=O)O)ccc4c3)ccc21	AYAJZQYENGWICE-QHCPKHFHSA-N		445575.0	
CHEMBL3114305	COCCOCOc1ccc(-c2ncc(-c3ccc(C(=O)O)cc3)nc2OC)cc1C12CC3CC(CC(C3)C1)C2	XCHBUJDLKUDORR-UHFFFAOYSA-N		76332293.0	
CHEMBL97421	CC1(C)CCC(C)(C)c2cc([S+]([O-])c3ccc4cc(C(=O)O)ccc4c3)ccc21	QVOLSQOQDVPIBG-UHFFFAOYSA-N		44329125.0	
CHEMBL1316	CC(C(=O)O)c1ccc2c(c1)[nH]c1ccc(Cl)cc12	PUXBGTOOZJQSKH-UHFFFAOYSA-N	CARPROFEN	2581.0	
CHEMBL715	Cc1cc2c(s1)Nc1ccccc1N=C2N1CCN(C)CC1	KVWDHTXUZHCGIO-UHFFFAOYSA-N	OLANZAPINE	135398745.0	
CHEMBL3098773	CC(=C/C=C/C(C)=C/C(=O)O)/C=C1\CC[C@@H](C)c2ccccc21	IUAWGSHMQSZQSY-ARGJGUSHSA-N		73054430.0	
CHEMBL160	C/C=C/C[C@@H](C)[C@@H](O)[C@H]1C(=O)N[C@@H](CC)C(=O)N(C)CC(=O)N(C)[C@@H](CC(C)C)C(=O)N[C@@H](C(C)C)C(=O)N(C)[C@@H](CC(C)C)C(=O)N[C@@H](C)C(=O)N[C@H](C)C(=O)N(C)[C@@H](CC(C)C)C(=O)N(C)[C@@H](CC(C)C)C(=O)N(C)[C@@H](C(C)C)C(=O)N1C	PMATZTZNYRCHOR-CGLBZJNRSA-N	CYCLOSPORINE	5284373.0	
CHEMBL331642	CCOC(=O)c1ccc(OC(=O)c2cc3c(cc2C)N(C)CCC3(C)C)cc1	NHPSIGTUSHGWRX-UHFFFAOYSA-N		10045395.0	
CHEMBL1668778	CC(C)=CCC/C(=C/CC/C(C)=C/CC[C@@]1(C)C=Cc2cc(O)cc(C)c2O1)C(=O)O	QKXAGRZCXAYBQX-UATDQJHISA-N	(S)-SARGACHROMENOL	51003425.0	
CHEMBL1221639	CCN(c1ccc2c(c1)C(C)(C)CCC2(C)C)c1ccc(P(=O)(O)O)cn1	UKDQEYCWLCYRAP-UHFFFAOYSA-N		49864382.0	
CHEMBL81978	Cc1ccc(C2=CC(C)(C)Oc3c(Br)cc(C(=O)Nc4ccc(C(=O)O)c(F)c4)cc32)cc1	RUDIZHZFFRLITR-UHFFFAOYSA-N		9806356.0	
CHEMBL3787627	CC1(C)CCC(C)(C)c2cc(C3(c4ccc(CCC(=O)O)cc4)OCCO3)ccc21	LOBZKCODPZKVDD-UHFFFAOYSA-N		121472075.0	
CHEMBL5641562	CC1(C)CC=C(c2ccc(CN3CCOCC3)cc2)c2cc(NC(=O)c3ccc(C(=O)O)cc3)ccc21	WZKJTCFGNWFXJN-UHFFFAOYSA-N		177372382.0	
CHEMBL101302	C=C(c1ccc(C(=O)O)cc1)c1cc2c(cc1CCC)C(C)(C)CCC2(C)C	LUWIOOCFGZAPTC-UHFFFAOYSA-N		9999621.0	
CHEMBL422088	C/C(=C/C=C/C(C)=C/C(=O)O)c1cc(-c2ccccc2F)cc(C(C)C)c1OCC(F)F	PHZXUKHBCDQECD-PVINZEOUSA-N		10003577.0	
CHEMBL97689	CC1(C)CCC(C)(C)c2cc(C(O)c3cccc(/C=C/C(=O)O)c3)ccc21	PUGLQZHDZGVGSG-DHZHZOJOSA-N		44329198.0	
CHEMBL3314593	CC(C)=CCc1cc([C@@H]2CC(=O)c3ccc(O)c(CC=C(C)C)c3O2)cc2c1OC(C)(C)C(O)C2	NUOVQYNGOFQMCJ-QBHOUYDASA-N		101905252.0	
CHEMBL1324	Cc1ccc(C(=O)c2cc(O)c(O)c([N+](=O)[O-])c2)cc1	MIQPIUSUKVNLNT-UHFFFAOYSA-N	TOLCAPONE	4659569.0	
CHEMBL4549060	CCS(=O)(=O)c1ccc(CC(=O)Nc2ccc(C(O)(C(F)(F)F)C(F)(F)F)cc2)cc1	TYOXUGIRRHOAMB-UHFFFAOYSA-N		118395885.0	
CHEMBL4555929	C=C(CO)[C@]12O[C@H]1[C@]1(C)C(=C[C@H]2OC(C)=O)CCC[C@H]1C	JEYIQUJYAGZFQI-GKWWCQFESA-N		155557338.0	
CHEMBL4792252	CC1(C)C(=O)C(C)(C)c2cc(C(=O)Nc3ccc(C(=O)O)cc3)ccc21	KFBPBWUZXBYJDG-UHFFFAOYSA-N		9884820.0	
CHEMBL6966	COc1ccc(CCN(C)CCCC(C#N)(c2ccc(OC)c(OC)c2)C(C)C)cc1OC	SGTNSNPWRIOYBX-UHFFFAOYSA-N	VERAPAMIL	2520.0	
CHEMBL337003	CC1(C)CCC(C)(C)c2nc(-c3cc(-c4ccc(C(=O)O)cc4)c[nH]3)cnc21	YIUOVGDHMPPSLU-UHFFFAOYSA-N		10643199.0	
CHEMBL3400678	CC(C)=CCc1c(O)ccc2oc3c4c(cc(O)c3c(=O)c12)OC(C)(C)C=C4	WAFMSVUQOALWDN-UHFFFAOYSA-N		86276176.0	
CHEMBL284167	C/C(=C\c1ccc(C(=O)O)cc1)c1cc2c(cc1Br)C(C)(C)CCC2(C)C	UPWZKKIZKAEBKM-NTCAYCPXSA-N		12112296.0	
CHEMBL459680	COCCOCOc1cc(O)c(C(=O)/C=C/c2ccc(C(=O)O)cc2)cc1C12CC3CC(CC(C3)C1)C2	DXBMIGPGLOZSAP-QPJJXVBHSA-N		25053606.0	
CHEMBL432592	CC1(C)CCC(C)(C)c2nc(C(=O)Nc3ccc(C(=O)O)cc3)cnc21	LOQCWYZQTILXOB-UHFFFAOYSA-N		10405813.0	
CHEMBL4077016	COc1ccc(CNc2c(-c3cc(Cl)ccn3)nc3ccc(Cl)cn23)cc1	IXOMNSUDKDUKFB-UHFFFAOYSA-N		137650941.0	
CHEMBL358145	Cc1ccc(C2=CCC(C)(C)c3ccc(C#Cc4ccc(C(=O)O)cc4)cc32)cc1	NCEQLLNVRRTCKJ-UHFFFAOYSA-N		177238.0	
CHEMBL1961796	CCOC(=O)N1CCC(CN(Cc2ccc(Cl)cc2)Cc2ccc([N+](=O)[O-])s2)C1	MMJJNHOIVCGAAP-UHFFFAOYSA-N	SR9009	57394020.0	
CHEMBL78535	CCO/N=C(\c1ccc(Br)cc1)C1CCN(C2(C)CCN(C(=O)c3c(C)cc[n+]([O-])c3C)CC2)CC1	ZGDKVKUWTCGYOA-URGPHPNLSA-N	ANCRIVIROC	9574343.0	
CHEMBL4459695	C=C(CO)[C@H]1CC=C2CC[C@@H](O)[C@H](C)[C@@]2(C)C1	VDLDBDDHAKELKL-DDHJSBNISA-N		155527301.0	
CHEMBL1476397	CC1=C(/C=C/C(=C/C=C/C(C)=C/C(=O)O)c2ccc(C)cc2)C(C)(C)CCC1	RQANARBNMTXCDM-DKOHIBGUSA-N		9976842.0	
CHEMBL25244	CC(C)=C(c1ccc(C(=O)O)cc1)c1cc2c(cc1C)C(C)(C)CCC2(C)C	QDSXVZMDVWIEJZ-UHFFFAOYSA-N		9864474.0	
CHEMBL5647354	Cc1ccc(C2=CC(C)(C)Oc3c(Br)cc(S(=O)(=O)Nc4ccc(C(=O)O)cc4)cc32)cc1	OKAHMMJBDHAWJQ-UHFFFAOYSA-N		177372389.0	
CHEMBL560351	COCCOCOc1cc(C)c(-c2ccc(CC(=O)O)cc2Cl)cc1C12CC3CC(CC(C3)C1)C2	HDBFHIYGUZDEQB-UHFFFAOYSA-N		44127258.0	
CHEMBL4224900	Cc1sc(-c2ccc(C(=O)O)cc2)nc1-c1ccc2c(c1)C(C)(C)CCC2(C)C	YRZNHBLQJUPPIB-UHFFFAOYSA-N		71571262.0	
CHEMBL422490	O=C(O)c1ccc2cc(-c3ccc(CO)c(C45CC6CC(CC(C6)C4)C5)c3)ccc2c1	FICUSZQKSIPECZ-UHFFFAOYSA-N		9844563.0	
CHEMBL463996	C=C1C[C@@]23CC[C@H]4[C@@](C)(CCC[C@@]4(C)C(=O)O)[C@@H]2CC[C@]1(O)C3	QFVOYBUQQBFCRH-VQSWZGCSSA-N	STEVIOL	452967.0	
CHEMBL118268	Cc1cc2c(cc1Sc1ncc(C(=O)O)s1)C(C)(C)CCC2(C)C	MFXZCSFIVCAYBX-UHFFFAOYSA-N		3025936.0	
CHEMBL4216904	CC1(C)CCC(C)(C)c2cc(C(O)C(=O)Nc3ccc(C(=O)O)cc3F)ccc21	AANFHDFOMFRLLR-UHFFFAOYSA-N		2418.0	
CHEMBL4633499	CC(C)c1onc(-c2c(Cl)cccc2Cl)c1COc1ccc(CNc2ccc(CC(=O)O)cc2)c(Cl)c1	SPZFHDGEKBUECT-UHFFFAOYSA-N		154699446.0	
CHEMBL1221642	CCN(c1ccc2c(c1)C(C)(C)CCC2(C)C)c1ccc(C(=O)NO)cn1	CILQIUGLRXYMHJ-UHFFFAOYSA-N		46933690.0	
CHEMBL481273	C#CCc1cc(OCOCCOC)c(C23CC4CC(CC(C4)C2)C3)cc1C(=O)/C=C/c1ccc(C(=O)O)cc1	BWVMQDGAEFZKDA-JXMROGBWSA-N		44562043.0	
CHEMBL5941968	Cc1c(Cl)cc(C)c2oc(-c3nc(-c4ccc(C(=O)O)cc4)no3)cc12	HDWQTTFZIOYIEM-UHFFFAOYSA-N		121414257.0	
CHEMBL344973	CC1(C)CC=C(c2cccs2)c2cc(C(=O)Nc3ccc(C(=O)O)cc3)ccc21	RDUFCVJASUIVOF-UHFFFAOYSA-N		9887430.0	
CHEMBL3289659	CC(=C/C=C/C(C)=C/C(=O)O)/C=C1\CCCc2ccc(C)cc21	TZMKYYXLMOFFMM-NDMWHMLYSA-N		90644073.0	
CHEMBL76313	CC(C)N1C(=O)CC(C)(C)c2cc(C#Cc3ccc(C(=O)O)cc3)ccc21	ITBZJOLQGJHZTG-UHFFFAOYSA-N		44316292.0	
CHEMBL563488	C/C(=C/c1ccc(C(=O)O)cc1)c1ccc(O)c(C23CC4CC(CC(C4)C2)C3)c1	FMXQRDBLCLYHLF-PXNMLYILSA-N		23442848.0	
CHEMBL5833730	Cc1ccc(C)c2sc(-c3nc(-c4ccc(C(=O)O)cc4Cl)no3)cc12	FLTNMKQAQYJVPB-UHFFFAOYSA-N		121432506.0	
CHEMBL90674	CC(/C=C/CC1(c2ccc3c(c2)C(C)(C)CCC3(C)C)CCCC1)=C\C(=O)O	MVHCRCMICHWUMR-JUMSSORRSA-N		9907909.0	
CHEMBL3907274	CCNc1ccc(-c2cc(-c3ccc(C(=O)O)cc3)ccc2OCCCO)cc1C(C)(C)C	DPLVJXMWFYWKAU-UHFFFAOYSA-N		11539622.0	
CHEMBL284937	CCc1cc2c(cc1/C(C)=C/c1ccc(C(=O)O)cc1)C(C)(C)CCC2(C)C	JVJDJWBKWUKBOF-SAPNQHFASA-N		10022432.0	
CHEMBL60090	CC1(C)CCC(C)(C)c2cc(C3CCCc4sc(CCC(=O)O)cc43)ccc21	DZGIOQCOHRMFAU-UHFFFAOYSA-N		11234875.0	
CHEMBL19894	Cc1cc(-c2ccc(-c3ccc(C(=O)O)cc3)[nH]2)nc2c(C(C)C)cccc12	QYQPQCDVYXLSSA-UHFFFAOYSA-N		22985614.0	
CHEMBL419166	CC1(C)CCC(C)(C)c2cc(C(=O)c3ccc(C(=O)O)cc3)c(F)cc21	WWPNKNDRIFQGQU-UHFFFAOYSA-N		10450790.0	
CHEMBL2398384	O=C(Nc1ccc(C(=O)O)nc1)c1cc2c3c(c1)CCCC3CCC2	JDZFVFXEVBSKAV-UHFFFAOYSA-N		58420584.0	
CHEMBL285179	C/C(=C\c1ccc2c(c1)C(C)(C)CCC2(C)C)c1ccc(C(=O)O)cc1	NUSIBKZXKHKYDB-JQIJEIRASA-N		6440346.0	
CHEMBL522936	O=C(O)[C@@H](Cc1ccccc1)Oc1ccc(-c2ccccc2)cc1	TZTPJJNNACUQQR-HXUWFJFHSA-N		25113156.0	
CHEMBL5798215	Cc1ccc(C)c2oc(-c3nc(-c4ccc(C(=O)O)cc4Cl)no3)nc12	HKQUZZMRDTYYJA-UHFFFAOYSA-N		121432510.0	
CHEMBL156299	Cc1cc(C)c2ccc(-c3ccc(-c4ccc(C(=O)O)cc4)[nH]3)cc2c1	FNPPTVNBMCXNAG-UHFFFAOYSA-N		15487480.0	
CHEMBL165629	Cc1ccc(C2=CC(C)(C)Sc3cc4ccc(-c5ccc(C(=O)O)cc5)cc4cc32)cc1	OLUSLTRDXUCJBO-UHFFFAOYSA-N		10478196.0	
CHEMBL188638	CCCCc1cc2c(cc1C(=C1CC1)c1ccc(C(=O)O)cc1)C(C)(C)CCC2(C)C	QCWNVPMGGVCEIT-UHFFFAOYSA-N		11258568.0	
CHEMBL144058	CC1(C)CCC(C)(C)c2cc(-c3cc(C(=O)O)no3)ccc21	NHCDZDYMLCAHIV-UHFFFAOYSA-N		10709275.0	
CHEMBL312395	CC(/C=C/[C@@]1(C)CCC[C@@H]1c1ccc2c(c1)C(C)(C)CCC2(C)C)=C\C(=O)O	FJIBZFRLRGXSSC-HOBAOKGYSA-N		44316543.0	
CHEMBL4211827	O=C(O)c1ccc(NC(=O)c2cc(Cl)c(OC3CCCC3)c(Cl)c2)cc1	QKRBHDLDRUSVHH-UHFFFAOYSA-N		67041695.0	
CHEMBL165417	Cc1ccc(C2=CCC(C)(C)c3cc4ccc(-c5ccc(C(=O)O)cc5)cc4cc32)s1	VGAAIQMKJKFJSO-UHFFFAOYSA-N		10194688.0	
CHEMBL132033	CC1(C)CCC(C)(C)c2nc(-c3ccc(-c4ccc(C(=O)O)cc4)o3)cnc21	SVBKIYBFKGTMJL-UHFFFAOYSA-N		10619546.0	
CHEMBL158065	Cc1ccc(C)c2c1C=C(c1ccc(-c3ccc(C(=O)O)cc3)[nH]1)CO2	VTRQSTBKZZHWQX-UHFFFAOYSA-N		9950063.0	
CHEMBL5940856	Cc1ccc(C)c2oc(-c3nc(-c4ccc(C(=O)O)cc4Br)no3)cc12	WHLJYGPLQBZWJL-UHFFFAOYSA-N		121414289.0	
CHEMBL146449	COc1ccc(/C(C)=C/c2ccc(C(=O)O)cc2)cc1C12CC3CC(CC(C3)C1)C2	DRNWVPYRADPSNR-RQZCQDPDSA-N		10763649.0	
CHEMBL4438880	Cc1ccc(C)c2sc(-c3nc(-c4ccc(C(=O)O)cc4)no3)cc12	XFZDQLMCBCSXIC-UHFFFAOYSA-N		121432509.0	
CHEMBL133915	C/C(=C/C=C/C(C)=C/C(=O)O)c1cc(-c2ccc(F)cc2)cc(C(C)C)c1OCC(F)F	JMSNTCCDXKQCFG-QIBCAMHUSA-N		9911319.0	
CHEMBL3892845	CCN(C(C)=O)c1ccc(-c2cc(-c3ccc(C(=O)O)cc3)ccc2CCCO)cc1C(C)(C)C	QCFOVHMQNHZSFD-UHFFFAOYSA-N		11569084.0	
CHEMBL64222	CC1(C)CCC(C)(C)c2cc(C3CCCc4oc(/C=C/C(=O)O)nc43)ccc21	FGQBLCYSBHFGFH-ZHACJKMWSA-N		10156587.0	
CHEMBL71893	CC(C)C1=CC2=CC[C@@H]3[C@](C)(CCC[C@@]3(C)C(=O)O)[C@H]2CC1	RSWGJHLUYNHPMX-ONCXSQPRSA-N	ABIETIC ACID	10569.0	
CHEMBL44420	C/C(=C\C(=O)O)c1cc2c(-c3cc(C(C)(C)C)cc(C(C)(C)C)c3C)cccc2s1	INBOQKPWAJGLHM-FOWTUZBSSA-N		44287875.0	
CHEMBL374478	CO[C@H]1/C=C/O[C@@]2(C)Oc3c(C)c(O)c4c(O)c(c(/C=N/N5CCN(C)CC5)c(O)c4c3C2=O)NC(=O)/C(C)=C\C=C\[C@H](C)[C@H](O)[C@@H](C)[C@@H](O)[C@@H](C)[C@H](OC(C)=O)[C@@H]1C	JQXXHWHPUNPDRT-WLSIYKJHSA-N	RIFAMPIN	135398735.0	
CHEMBL4562084	Cc1ccc(C)c2oc(-c3nc(-c4ccc(C(=O)O)cc4)no3)nc12	VKSMQHIHCUMOQU-UHFFFAOYSA-N		121432507.0	
CHEMBL2398365	O=C(O)c1ccc(NC(=O)c2cc3c4c(c2)CCCCC4CCCC3)cc1	PZLCDGJPNSTUST-UHFFFAOYSA-N		25189815.0	
CHEMBL5405956	CN(C)CCOc1ccc(Cl)cc1Nc1ccnc2cc(Cl)ccc12	SBRFKGNOALKLFA-UHFFFAOYSA-N		169450093.0	
CHEMBL121	CN(CCOc1ccc(CC2SC(=O)NC2=O)cc1)c1ccccn1	YASAKCUCGLMORW-UHFFFAOYSA-N	ROSIGLITAZONE	77999.0	
CHEMBL2398372	O=C(O)c1ccc(NC(=O)c2cc3cc(c2)CCCCCCCCCC3)cc1	ILMOPWRUYKDZRS-UHFFFAOYSA-N		71724461.0	
CHEMBL82943	Cc1ccc(C2=CCC(C)(C)c3ccc(C(=O)Nc4ccc(C(=O)O)c(F)c4)cc32)cc1	ITECTFOHDPZGJZ-UHFFFAOYSA-N		10836335.0	
CHEMBL423954	CC(C)(C)c1ccc(C2=CCC(C)(C)c3ccc(C#Cc4ccc(C(=O)O)cc4)cc32)cc1	WIZHKNTXIRSNRK-UHFFFAOYSA-N		15870724.0	
CHEMBL481272	C=CCc1cc(OCOCCOC)c(C23CC4CC(CC(C4)C2)C3)cc1C(=O)/C=C/c1ccc(C(=O)O)cc1	STDQCGWDUQXYNR-JXMROGBWSA-N		44562042.0	
CHEMBL95844	CC1(C)CCC(C)(C)c2cc(S/C=C/c3ccc(C(=O)O)cc3)ccc21	HPQNKAOSONMSSV-SDNWHVSQSA-N		10090337.0	
CHEMBL5840509	Cc1ccc(Cl)c2oc(-c3nc(-c4ccc(C(=O)O)cc4)no3)cc12	ZJCFGSZWKAYVGE-UHFFFAOYSA-N		121414327.0	
CHEMBL88216	CC(/C=C/CC1(c2cc(C(C)(C)C)cc3c2CCC3(C)C)CC1)=C\C(=O)O	WFMNSSJQXRDLTP-ZFKNLEDPSA-N		9820546.0	
CHEMBL417520	CCOc1c(-c2cccc3cc(/C(C)=C/C(=O)O)sc23)cc(C(C)C)cc1C(C)C	ROMUEEKDVNXHBX-GZTJUZNOSA-N		10273806.0	
CHEMBL106527	CC1(C)CCC(C)(C)c2cc(C(=O)Nc3cc(F)c(C(=O)O)c(F)c3)ccc21	WTKJHVPWANEVRO-UHFFFAOYSA-N		9977495.0	
CHEMBL3939687	CCN(CC)c1ccc(-c2cc(-c3ccc(C(=O)O)cc3)ccc2OCCCO)cc1C(C)(C)C	LFCLXIGIFPQKGO-UHFFFAOYSA-N		11518525.0	
CHEMBL111217	CC(/C=C/C(F)=C(/C)c1cc(C(C)(C)C)cc(C(C)(C)C)c1OCC(F)F)=C\C(=O)O	WDIPTEIUSFFSDV-WEMQTCASSA-N		9889347.0	
CHEMBL98580	Cc1cc(C)c2sc(-c3ccc(-c4ccc(C(=O)O)cc4)[nH]3)cc2c1	OCSHUAVFUCIKQR-UHFFFAOYSA-N		10521602.0	
CHEMBL2398359	O=C(Nc1ccc(C(=O)O)c(O)c1)c1cc2c3c(c1)CCCC3CCC2	HIXFBRIPYDWGOD-UHFFFAOYSA-N		58420620.0	
CHEMBL419713	CC1(C)CCC(C)(C)c2cc(C(=O)c3ccc(/C=C\C(=O)O)cc3)ccc21	PKXWKCWUBFDHSQ-GHXNOFRVSA-N		44329181.0	
CHEMBL130231	CCC(C)(C)c1cc(/C(C)=C(F)\C=C\C(C)=C\C(=O)O)c(OCC(F)F)c(C(C)(C)CC)c1	DVQNTOYQYUJEBD-OCNXMBTNSA-N		9869157.0	
CHEMBL467748	CC1(C)CCC(C)(C)c2cc(C#Cc3cccc(-c4noc(=O)[nH]4)c3)ccc21	JAXNFXXLIWESFR-UHFFFAOYSA-N		44581331.0	
CHEMBL2111535	CC(=C/C(=O)O)/C=C/C1CC1(C)c1ccc2c(c1)C(C)(C)CCC2(C)C	BOOOLEGQBVUTKC-VGPMEXOWSA-N		22226112.0	
CHEMBL336311	CC1(C)CCC(C)(C)c2nc(-c3csc(-c4ccc(C(=O)O)cc4)n3)cnc21	RLBKELXRLMNRJB-UHFFFAOYSA-N		10172878.0	
CHEMBL74218	CC(C)(C)c1cc(-c2ccc3cc(C(=O)O)ccc3c2)ccc1O	PCXMWFJVQUFTBA-UHFFFAOYSA-N		10663499.0	
CHEMBL349018	Cc1ccc(C2=C(/C=C/C#Cc3ccc(C(=O)O)cc3)C(C)(C)CCC2)cc1	RBNMMKYVQJOBKR-WEVVVXLNSA-N		9799532.0	
CHEMBL97045	CC1(C)CCC(C)(C)c2cc(C(=O)c3ccc4cc(C(=O)O)ccc4c3O)ccc21	VKNSYWMNAQABJV-UHFFFAOYSA-N		44329084.0	
CHEMBL957	COc1ccccc1Oc1c(NS(=O)(=O)c2ccc(C(C)(C)C)cc2)nc(-c2ncccn2)nc1OCCO	GJPICJJJRGTNOD-UHFFFAOYSA-N	BOSENTAN	104865.0	
CHEMBL3400677	CC1(C)C=Cc2c(cc(O)c3c(=O)c4c5c(ccc4oc23)OC(C(C)(C)O)C5)O1	IPZLYHHWMKIEGP-UHFFFAOYSA-N		101616167.0	
CHEMBL342051	CC1(C)CCOc2ccc(-c3ccc4cc(C(=O)O)ccc4c3)cc21	OYWXZUTUIPXTRD-UHFFFAOYSA-N		44364348.0	
CHEMBL100261	CC1(C)CCC(C)(C)c2cc(C(=O)c3ccc4cc(C(=O)O)ccc4c3)c(F)cc21	CQSBJVYUEJFCQP-UHFFFAOYSA-N		44329022.0	
CHEMBL3951072	CCN(CC)c1ccc(-c2cc(-c3ccc(C(=O)O)cc3)ccc2OCCCO)cc1C	XZPVYZADPWKCEY-UHFFFAOYSA-N		11618907.0	
CHEMBL468608	CC1(C)CCC(C)(C)c2cc(C#Cc3ccc(-c4noc(=O)[nH]4)cc3)ccc21	XLEZJKPLVACZAN-UHFFFAOYSA-N		25211982.0	
CHEMBL4466509	C=C(CO)[C@@]12O[C@@H]1[C@@]1(C)C(=CC2=O)C[C@H](O)C[C@@H]1C	GRZLOZWTNWKPSJ-SXHPEXCUSA-N		155531633.0	
CHEMBL5940771	Cc1ccc(C)c2oc(-c3nsc(-c4ccc(C(=O)O)cc4)n3)cc12	UXEHJQIIJAYBAQ-UHFFFAOYSA-N		121414321.0	
CHEMBL41742	CCCOc1c(-c2cccc3sc(/C(C)=C/C(=O)O)cc23)cc(C(C)C)cc1C(C)C	QLLJNZNWZIPIAL-LDADJPATSA-N		10137940.0	
CHEMBL5947674	Cc1ccc(C(C)C)c2cc(-c3nc(-c4ccc(C(=O)O)cc4)no3)oc12	RJNSHMCRVBGUPH-UHFFFAOYSA-N		121414325.0	
CHEMBL433178	C/C(=C\c1ncc(C(=O)O)n1S(=O)(=O)N(C)C)c1cc2c(cc1C)C(C)(C)CCC2(C)C	BLALMZNPJBBFCN-FOWTUZBSSA-N		44325132.0	
CHEMBL5639386	CC1(C)CC=C(c2ccc(N3CCOCC3)cc2)c2cc(NC(=O)c3ccc(C(=O)O)cc3)ccc21	MPPLZMDKEVGBGV-UHFFFAOYSA-N		177372381.0	
CHEMBL1292	CC(C)/N=c1\cc2n(-c3ccc(Cl)cc3)c3ccccc3nc-2cc1Nc1ccc(Cl)cc1	WDQPAMHFFCXSNU-BGABXYSRSA-N	CLOFAZIMINE		
CHEMBL151672	CC1=C(C#Cc2ccc3cc(C(=O)O)ccc3c2)C(C)(C)CCC1	CLVSDTWUASDNAN-UHFFFAOYSA-N		9948900.0	
CHEMBL39206	C/C(=C\C(=O)O)c1cc2cccc(-c3cc(C(C)C)cc(C(C)C)c3OCC(F)(F)F)c2o1	ONPFJJWQNMOTPL-CXUHLZMHSA-N		10226478.0	
CHEMBL5406315	CC[C@H]1CCCN1c1cc(-c2ccccc2O)nnc1N	AFMDWCUFHCSFCR-NSHDSACASA-N		172447661.0	
CHEMBL428708	Cc1cc2c(cc1-c1cccc(-c3ccc(C(=O)O)cc3)n1)C(C)(C)CCC2(C)C	ACSZYKRTELLCHB-UHFFFAOYSA-N		44275188.0	
CHEMBL3114293	Cc1cc(O)c(C23CC4CC(CC(C4)C2)C3)cc1-c1ncc(/C=C/C(=O)O)s1	OZYVQONNRBGDGI-NSCUHMNNSA-N		136245091.0	
CHEMBL5565773	CC1(C)CCN(c2cc(Cl)nc(OCCC(=O)O)n2)c2ccccc21	YHIRVAZNBUWSQH-UHFFFAOYSA-N		176489951.0	
CHEMBL2021516	C=C(C)[C@@H]1CC[C@@H](C)C(/C=C/C(C)=C\C=C\C(C)=C\C(=O)O)C1	ICHOXYDNXCNWBS-FRRZSWROSA-N		70683410.0	
CHEMBL101712	CC1(C)CCC(C)(C)c2cc(C(=O)c3ccc(C(=O)O)cc3)c(Br)cc21	OEYIMBQHYPIFJN-UHFFFAOYSA-N		9801929.0	
CHEMBL80424	C=C1C[C@@H](/C=C/C(C)=C/C(=O)O)[C@@H](c2ccc3c(c2)C(C)(C)CCC3(C)C)C1	QBAULHNXDNFOSH-ZUAYEZCDSA-N		44316525.0	
CHEMBL347411	CC1=C(/C=C/c2occc2/C=C/C(C)=C/C(=O)O)C(C)(C)CCC1	GEEFKEZJFGRKJY-RFJZBCCMSA-N		11723916.0	
CHEMBL89058	CC(/C=C/CC1(c2cc3c(cc2C)C(C)(C)CCC3(C)C)CC1)=C\C(=O)O	QCNVQJSKAXKQEF-ZFKNLEDPSA-N		9820545.0	
CHEMBL294346	COc1cc2c(cc1C1CCCc3oc(/C=C/C(=O)O)cc31)C(C)(C)CCC2(C)C	RJQKKTLAFODUMP-MDZDMXLPSA-N		10272875.0	
CHEMBL458326	CCCc1cc(OCOCCOC)c(C23CC4CC(CC(C4)C2)C3)cc1C(=O)/C=C/c1ccc(C(=O)O)cc1	DVBMKBJJLNHAKK-JXMROGBWSA-N		44561978.0	
CHEMBL4226854	CCOC(=O)c1ccc(-c2nc(-c3ccc4c(c3)C(C)(C)CCC4(C)C)c(C)s2)cc1	ODEHUXTWZOLVMD-UHFFFAOYSA-N		71568952.0	
CHEMBL152740	CC1(C)CC=C(c2ccc(O)cc2)c2cc(C#Cc3ccc(C(=O)O)cc3)ccc21	AEEKZFJCGVJYIA-UHFFFAOYSA-N		12017644.0	
CHEMBL139536	COC(=O)c1ccc(C(=O)Nc2ccc3c(c2)C(C)(C)CC(C)(C)S3)cc1	JZHWLPKXASYCHY-UHFFFAOYSA-N		11740691.0	
CHEMBL156997	CC1(C)CC=C(c2ccc(C(F)(F)F)cc2)c2cc(C#Cc3ccc(C(=O)O)cc3)ccc21	IJTAKWJCOFQAIB-UHFFFAOYSA-N		9911419.0	
CHEMBL3289657	CC(=C/C=C/C(C)=C/C(=O)O)/C=C1\CCCc2c(C)cccc21	PUNLLTFBKSEJRJ-MLZXBFFUSA-N		59444433.0	
CHEMBL60089	CC1(C)CCC(C)(C)c2cc(C3CCCc4oc(C(=O)O)cc43)ccc21	ORVWRLJXZZBPEJ-UHFFFAOYSA-N		9946524.0	
CHEMBL157160	CC1(C)CC=C(c2ccc(Cl)cc2)c2cc(C#Cc3ccc(C(=O)O)cc3)ccc21	KVOZBEGIILRVTE-UHFFFAOYSA-N		9931522.0	
CHEMBL1735595	C=C[C@]1(C)C=C2CC[C@H]3[C@@](C)(CCC[C@@]3(C)C(=O)O)[C@@H]2CC1	MHVJRKBZMUDEEV-XIHRTOKZSA-N		10086296.0	
CHEMBL4202830	CC1(C)CCC(C)(C)c2cc(-c3cc(-c4ccc(C(=O)O)cc4)ccc3CCO)ccc21	GXRMBYAHGICRID-UHFFFAOYSA-N		145976745.0	
CHEMBL20066	CC(C)c1cccc2c(-c3ccccc3)cc(-c3ccc(-c4ccc(C(=O)O)cc4)[nH]3)nc12	LSGNKLDHMQVTEK-UHFFFAOYSA-N		10094345.0	
CHEMBL2398366	O=C(O)c1ccc(NC(=O)c2cc3c4c(c2)CCCCC4CCCC3)nc1	JVETWSVVLDTOQC-UHFFFAOYSA-N		25189752.0	
CHEMBL3098858	CC(=C/C=C/C(C)=C/C(=O)O)/C=C1\CC[C@H](C)c2ccccc21	IUAWGSHMQSZQSY-KWACTLEVSA-N		73054431.0	
CHEMBL348635	O=C(O)c1ccc(-c2ccc(-c3ccc4cccc(-c5ccccc5)c4c3)[nH]2)cc1	XDVXUUZPLARAPP-UHFFFAOYSA-N		15491152.0	
CHEMBL3596632	[2H]C([2H])([2H])N(C(=O)c1c(F)cccc1Cl)c1ccc(-c2cc(C(N)=O)ccc2Cl)cc1OCC(F)(F)F	NVMQCZDBIJGVBJ-FIBGUPNXSA-N		72721387.0	
CHEMBL131850	CC1(C)CCC(C)(C)c2nc(-c3cc(-c4ccc(C(=O)O)cc4)cs3)cnc21	PIFBVNOZZDELKU-UHFFFAOYSA-N		10524574.0	
CHEMBL4226012	CCOC(=O)c1ccc(-c2nc(-c3ccccc3)c(C)s2)cc1	GXKUABMTGNPJTO-UHFFFAOYSA-N		71568951.0	
CHEMBL191275	O=C(O)[C@H](Cc1ccccc1)Oc1ccc(-c2ccccc2)cc1	TZTPJJNNACUQQR-FQEVSTJZSA-N		11483970.0	
CHEMBL109993	CCC/C(=C(F)\C=C\C(C)=C\C(=O)O)c1ccc2c(c1)CCCN2C(C)C	XBYXPZOEILHORN-DLBKUULESA-N		44339328.0	
CHEMBL37708	CN1c2cc3c(cc2N=C(c2ccc(C(=O)O)cc2)c2ccccc21)C(C)(C)CCC3(C)C	YZZAIQOVMHVWBS-UHFFFAOYSA-N		10410894.0	
CHEMBL326766	C/C=C(\c1ccc(C(=O)O)cc1)c1ccc2c(c1)C(C)(C)CCC2(C)C	ADPKGIMONMWKST-KPSZGOFPSA-N		9997909.0	
CHEMBL521955	CCCCCOc1cc2c(cc1-c1cc(/C=C/C(=O)O)ccc1O)C(C)(C)CCC2(C)C	APJSHECCIRQQDV-ZRDIBKRKSA-N		44566108.0	
CHEMBL4435919	C=C(CO)[C@@]12O[C@@H]1[C@@]1(C)C(=C[C@@H]2O)[C@H](O)CC[C@@H]1C	UBKJAGMVTRDUPA-CBEPKRKSSA-N		155511445.0	
CHEMBL5417085	C#CCOc1cccc(-c2ccc(NC(=O)C3=C(C(=O)O)CCC3)c(F)c2)c1	BUJWDBSVEVFQDP-UHFFFAOYSA-N		168433291.0	
CHEMBL119781	CC1(C)CCC(C)(C)c2cc(Sc3ccc(C(=O)O)cc3)ccc21	VQSWHITYDQDEMN-UHFFFAOYSA-N		3025917.0	
CHEMBL1569487	CN1C(C(=O)Nc2ccccn2)=C(O)c2sc(Cl)cc2S1(=O)=O	WLHQHAUOOXYABV-UHFFFAOYSA-N	LORNOXICAM	54690031.0	
CHEMBL5919236	Cc1cc(-c2nsc(-c3cc4c(C)ccc(C)c4o3)n2)ccc1C(=O)O	OYDSYCSHGXYKNJ-UHFFFAOYSA-N		121414273.0	
CHEMBL89331	CC(/C=C/CC1(c2ccc3c(c2)C(C)(C)CCC3(C)C)CC1)=C\C(=O)O	PBTJHWPJNWIKLF-QCBIDBMXSA-N		9906514.0	
CHEMBL2021515	CC(=C/C=C/C(C)=C/C(=O)O)/C=C/C1=C[C@@H]2CC[C@]1(C)C2(C)C	OLTHLBHNRAIYMD-HBMGFIGGSA-N		70693908.0	
CHEMBL3814815	CN1CCN(C(=O)c2ccc(-n3nc(-c4ccc(C(=O)O)cc4)cc3-c3cc(C(C)(C)C)cc(C(C)(C)C)c3)cc2)CC1	YVXYHNKIOFSFMZ-UHFFFAOYSA-N		71552369.0	
CHEMBL111	Cc1c(C(=O)NN2CCCCC2)nn(-c2ccc(Cl)cc2Cl)c1-c1ccc(Cl)cc1	JZCPYUJPEARBJL-UHFFFAOYSA-N	RIMONABANT	104850.0	
CHEMBL134834	CC1(C)CCC(C)(C)c2cc3c(cc21)Cc1ccccc1N=C3c1ccc(C(=O)O)cc1	HCPMHAXDEBOVBE-UHFFFAOYSA-N		10320109.0	
CHEMBL309469	CC1(C)CCC(C)(C)c2cc(/C(=N/NS(C)(=O)=O)c3ccc4cc(C(=O)O)ccc4c3)ccc21	AFXUXZQUPCCJSH-ZZIIXHQDSA-N		10672321.0	
CHEMBL421	O=C(O)c1cc(/N=N/c2ccc(S(=O)(=O)Nc3ccccn3)cc2)ccc1O	NCEXYHBECQHGNR-QZQOTICOSA-N	SULFASALAZINE		
CHEMBL110002	CC/C(=C(F)\C=C\C(C)=C\C(=O)O)c1ccc2c(c1)CCCN2C(C)C	JKDCFKHUINGQAP-JJMJITPISA-N		44339329.0	
CHEMBL1209170	CN(Cc1cccc(C(=O)O)c1)c1ccc(OCc2c(-c3c(Cl)cccc3Cl)noc2C2CC2)nc1C(F)(F)F	ZXYUQEKGVUJPEO-UHFFFAOYSA-N		49862248.0	
CHEMBL139	O=C(O)Cc1ccccc1Nc1c(Cl)cccc1Cl	DCOPUUMXTXDBNB-UHFFFAOYSA-N	DICLOFENAC	3033.0	
CHEMBL37672	COC(=O)c1ccc(/C=C(\C)c2ccc3c(c2)C(C)(C)CO3)cc1	VHXWBUMFZDHHAP-SDNWHVSQSA-N		13833726.0	
CHEMBL5396467	O=C(O)C1(c2cccc(-c3ccc(OCc4c(-c5c(Cl)cccc5Cl)noc4C4CC4)cc3)c2)CC1	GFQRXOXNBQDNBC-UHFFFAOYSA-N		168355560.0	
CHEMBL95238	Cc1cc2c(cc1C(=O)c1ccc3cc(C(=O)O)ccc3c1)C(C)(C)CCC2(C)C	GHILJWZPZVGCGX-UHFFFAOYSA-N		44328969.0	
CHEMBL81176	Cc1ccc(C2=CCC(C)(C)c3ccc(C(=O)Nc4ccc(C(=O)O)cc4)cc32)cc1	WSQCBOJFDSJLNS-UHFFFAOYSA-N		10835443.0	
CHEMBL73973	CC(=C/C(=O)O)/C=C/C1CC1/C=C/C1=CC(C)(C)CCC1(C)C	GEYVGEVTMFGWIC-WHJOVFPESA-N		44314320.0	
CHEMBL337859	CC1(C)CCC(C)(C)c2cc3c(cc21)Sc1ccccc1N=C3c1ccc(C(=O)O)cc1	PFGCWQPTOKPRRK-UHFFFAOYSA-N		9889522.0	
CHEMBL5646569	CC1(C)CC=C(c2ccc(N3CCOCC3)cc2)c2cc(C(=O)Nc3ccc(C(=O)O)cc3)ccc21	KGKNZAFDQDSTMO-UHFFFAOYSA-N		177372374.0	
CHEMBL107039	C=C(c1ccc(C(=O)O)cc1)c1cc2c(cc1C)CCCC2(C)C	CMBRTFQBQGEDHH-UHFFFAOYSA-N		10087372.0	
CHEMBL93538	C/C(=C\c1ccc(C(=O)O)s1)c1ccc2c(c1)C(C)(C)CCC2(C)C	DDMSNOUDIPYYBN-WYMLVPIESA-N		10066739.0	
CHEMBL147937	CC1(C)CC=C(c2cccs2)c2cc(C#Cc3ccc(C(=O)O)cc3)ccc21	CSXNWQRUNINKML-UHFFFAOYSA-N		9843061.0	
CHEMBL5290209	CC(C)(C)c1ccc(-n2cnc3c(NC(=O)Cc4ccc(C(=O)O)cc4)cccc32)cc1	VEHCUCLQBZOABJ-UHFFFAOYSA-N		171358562.0	
CHEMBL5941402	O=C(O)c1ccc(-c2noc(-c3cc4c(C(F)(F)F)ccc(F)c4o3)n2)c(Cl)c1	HSGBFBIYVJAWNJ-UHFFFAOYSA-N		121414334.0	
CHEMBL311269	CC(C)N1CCC(C)(C)c2cc(C#Cc3ccc(C(=O)O)cc3)ccc21	OCMSZODRCJAGHL-UHFFFAOYSA-N		22971725.0	
CHEMBL62047	CC1(C)CCC(C)(C)c2cc(-c3ccc(/C=C/C(=O)O)o3)ccc21	FXIYONDVRKHBDT-JXMROGBWSA-N		11221031.0	
CHEMBL4560899	C=C(CO)[C@@H]1CC=C2C[C@@H](O)[C@H](O)[C@@H](C)[C@]2(C)C1	GCZCMFLJHYEXBX-BBIZWXPBSA-N		155558509.0	
CHEMBL5888315	Cc1cc(-c2nc(-c3cc4c(C)ccc(C)c4o3)no2)ccc1C(=O)O	RUOGKIYXECWZGS-UHFFFAOYSA-N		121414272.0	
CHEMBL97668	Cc1cc(C(=O)c2ccc3c(c2)C(C)(C)CCC3(C)C)ccc1/C=C/C(=O)O	OBKHFYXYYSPOHD-PKNBQFBNSA-N		44329228.0	
CHEMBL5417169	Cc1cc(CN2C(=O)CN(c3ccc(C(F)(F)F)cc3)C2=O)cc(C)c1OC(C)(C)C(=O)O	BIIFAYFKMQRXPQ-UHFFFAOYSA-N		168477242.0	
CHEMBL6032942	Cc1ccc(C)c2oc(-c3noc(-c4ccc(C(=O)O)cc4)n3)cc12	MYOWSAKWTTVWTP-UHFFFAOYSA-N		121414255.0	
CHEMBL2398371	O=C(O)c1ccc(C(=O)Nc2cc3cc(c2)CCCCCCCCCC3)cc1	OXFXKFPBFUMIHB-UHFFFAOYSA-N		71724460.0	
CHEMBL495	CCCCC[C@H](O)/C=C/[C@H]1[C@H](O)CC(=O)[C@@H]1CCCCCCC(=O)O	GMVPRGQOIOIIMI-DWKJAMRDSA-N	ALPROSTADIL	5280723.0	
CHEMBL165843	CC1(C)CCC(C)(C)c2cc(C/C=C/c3ccc(C(=O)O)cc3)ccc21	PGOLJNQIMGAPBE-AATRIKPKSA-N		44377822.0	
CHEMBL100439	Cc1ccc(C)c2sc(-c3ccc(-c4ccc(C(=O)O)cc4)[nH]3)cc12	OOLCOBBOASRAGL-UHFFFAOYSA-N		9819666.0	
CHEMBL5877402	Cc1ccc(C)c2oc(-c3nsc(-c4ccc(C(=O)O)c(F)c4)n3)cc12	BBSGLOXGWJXZPN-UHFFFAOYSA-N		121414258.0	
CHEMBL120210	CCOC(=O)c1ccc(OC(=O)c2ccc3c(c2)C(C)(C)CCN3C(C)C)cc1	FGJIKCQWQSSVPD-UHFFFAOYSA-N		10069273.0	
CHEMBL97080	CC1(C)CCC(C)(C)c2cc(C(O)/C=C/c3ccc(C(=O)O)cc3)ccc21	QCSYBKHFYYISTQ-KPKJPENVSA-N		10090192.0	
CHEMBL97692	CC1(C)CCC(C)(C)c2c1ccc(C(O)c1ccc3cc(C(=O)O)ccc3c1)c2F	KEUQZMJUCPEICZ-UHFFFAOYSA-N		44329143.0	
CHEMBL326855	CC1(C)CCC(C)(C)c2cc(C3(c4ccc(C(=O)O)cc4)CC3)ccc21	LKUHOPIEBQOBPT-UHFFFAOYSA-N		11725332.0	
CHEMBL153974	Cc1cccc(C2=CCC(C)(C)c3ccc(C#Cc4ccc(C(=O)O)cc4)cc32)c1	JOGOTUBKFULAEK-UHFFFAOYSA-N		12017640.0	
CHEMBL516652	CCc1cc(OCOCCOC)c(C23CC4CC(CC(C4)C2)C3)cc1C(=O)/C=C/c1ccc(C(=O)O)cc1	AGTMKPBSLIOQIX-RMKNXTFCSA-N		44561977.0	
CHEMBL524687	CCCCCCCCc1ccc(-c2ccc(C(=O)O)c(F)c2)cc1	FFRHSGSLZDXURB-UHFFFAOYSA-N		25259041.0	
CHEMBL513760	CCCCOCCOc1ccc(-c2ccc(C(=O)O)c(F)c2)cc1	JXQRCYPIISFGII-UHFFFAOYSA-N		25259265.0	
CHEMBL5415488	Cc1cc(COc2ccc(C)c3c2CCC3)ccc1CCC(=O)O	SHZHZRUZFVLFPV-UHFFFAOYSA-N		172449441.0	
CHEMBL3910072	CC(C)(C)c1cc(-c2cc(-c3ccc(C(=O)O)cc3)ccc2OCCO)ccc1N1CCCC1=O	KJXUVPHGZBSVDB-UHFFFAOYSA-N		11634244.0	
CHEMBL98249	COc1ccc(C)c2oc(-c3ccc(-c4ccc(C(=O)O)cc4)[nH]3)cc12	JZVBIJQWQCXGGZ-UHFFFAOYSA-N		10617633.0	
CHEMBL6005408	O=C(O)c1ccc(-c2noc(-c3cc4c(Cl)ccc(Cl)c4o3)n2)cc1	BHJTWEVVAVQXJM-UHFFFAOYSA-N		121414275.0	
CHEMBL46229	O=C(O)c1ccc(-c2ccc(-c3cc4c(Cl)ccc(Cl)c4o3)[nH]2)cc1	WEETWSJXNUQHMT-UHFFFAOYSA-N		9951340.0	
CHEMBL308377	CC(/C=C/[C@H]1C[C@@]1(C)c1ccc2c(c1)C(C)(C)CCC2(C)C)=C\C(=O)O	BOOOLEGQBVUTKC-DHPCXDHDSA-N		10926235.0	
CHEMBL550796	CC(=C\c1coc2cc3c(cc2c1=O)C(C)(C)CCC3(C)C)/C=C(\C)C(=O)O	IPUYNPMRTDZOIS-WEIBIQTGSA-N		45270032.0	
CHEMBL82609	CC1(C)CCC(C)(C)c2cc(/C(=N/N)c3ccc4cc(C(=O)O)ccc4c3)ccc21	BZKPZJRFQBJMJF-WEMUOSSPSA-N		10763529.0	
CHEMBL36768	CC1(C)CCC(C)(C)c2cc3cc(-c4ccc(C(=O)O)cc4)ccc3cc21	KBUHKLGVLUHYJL-UHFFFAOYSA-N		119342.0	
CHEMBL439780	CC1(C)CCC(C)(C)c2c1cc(C(=O)Nc1cc(F)c(C(=O)O)c(F)c1)c(O)c2Br	RMGWEAQQLIKPLW-UHFFFAOYSA-N		9956886.0	
CHEMBL4467778	C=C(CO)c1ccc2c(c1C)[C@@H](C)C[C@H](O)C2=O	AGYXMBGDBLOSSN-SDBXPKJASA-N		155532608.0	
CHEMBL75048	O=C(O)c1ccc2c(c1)OCC(c1ccc(O)c(C34C[C@H]5C[C@@H](C3)C[C@@H](C4)C5)c1)=C2	HOSPAGARPOGDKT-RWGYUTSKSA-N			
CHEMBL1946170	CNC(=O)c1cc(Oc2ccc(NC(=O)Nc3ccc(Cl)c(C(F)(F)F)c3)c(F)c2)ccn1	FNHKPVJBJVTLMP-UHFFFAOYSA-N	REGORAFENIB	11167602.0	
CHEMBL316336	C/C(=C\c1csc(C(=O)O)c1)c1cc2c(cc1C)C(C)(C)CCC2(C)C	CKCBFSYZMMHVKT-NTEUORMPSA-N		6366733.0	
CHEMBL4066332	CC(C)(C)c1ccc(C(=O)NCc2ccc(NS(C)(=O)=O)cc2Cl)cc1	IMPXBWVTYSVBEU-UHFFFAOYSA-N		137631891.0	
CHEMBL428	N[C@@H]1[C@H]2CN(c3nc4c(cc3F)c(=O)c(C(=O)O)cn4-c3ccc(F)cc3F)C[C@@H]12	WVPSKSLAZQPAKQ-CDMJZVDBSA-N	TROVAFLOXACIN		
CHEMBL1209173	CN(Cc1ccc(C(=O)O)cc1)c1ccc(OCc2c(-c3c(Cl)cccc3Cl)noc2C2CC2)nc1C(F)(F)F	KNWXWQGSCZVUGX-UHFFFAOYSA-N		44476535.0	
CHEMBL108402	C=C(c1ccc(C(=O)O)cc1)c1cc2c(cc1C)C(C)(C)CCC2	XNAPXGWQBFMCAZ-UHFFFAOYSA-N		9973307.0	
CHEMBL4206237	COc1ccc(-c2ccc(C(=O)O)cc2)cc1-c1ccc2c(c1)C(C)(C)CCC2(C)C	HBNBYJCDYSPKDL-UHFFFAOYSA-N		18768139.0	
CHEMBL19727	CC(C)c1cccc2c(Cl)cc(-c3ccc(-c4ccc(C(=O)O)cc4)[nH]3)nc12	NPGURXKXFWGERL-UHFFFAOYSA-N		22985569.0	
CHEMBL205627	COC[C@H](C)Oc1cc(O[C@@H](C)Cc2ccccc2)cc(C(=O)Nc2ccc(C(=O)O)cn2)c1	OCBMECSFDVUYQN-ROUUACIJSA-N		11340230.0	
CHEMBL1481	CCC1=C(C)CN(C(=O)NCCc2ccc(S(=O)(=O)NC(=O)N[C@H]3CC[C@H](C)CC3)cc2)C1=O	WIGIZIANZCJQQY-RUCARUNLSA-N	GLIMEPIRIDE		
CHEMBL146646	O=C(O)c1ccc(/C=C/c2ccc(O)c(C34CC5CC(CC(C5)C3)C4)c2)cc1	RSLQVUINGFHONZ-OWOJBTEDSA-N		10523459.0	
CHEMBL74826	COc1ccc(/C(C)=C/c2ccc(C(=O)O)cc2)cc1C(C)(C)C	BLEJDTRDMNNODF-WYMLVPIESA-N		10543981.0	
CHEMBL430616	CC(C)N1C(=O)CC(C)(C)c2ccc(C#Cc3ccc(C(=O)O)cc3)cc21	VGLHTUDDTCWTJC-UHFFFAOYSA-N		44316354.0	
CHEMBL74331	CC(/C=C/C1CC1/C=C/C1=CC(C)(C)CCC1(C)C)=C\C(=O)O	GEYVGEVTMFGWIC-UTLHNGROSA-N		44314319.0	
CHEMBL125587	COC(=O)c1ccc(/C=C(\C)c2ccc3c(c2)C(C)(C)CCS3)cc1	HAPXDMSFBDESOL-FYWRMAATSA-N		10545954.0	
CHEMBL5967033	Cc1ccc(C)c2oc(-c3nc(-c4ccc(C(=O)O)c(F)c4)ns3)cc12	FZVHWAYAYYCFIN-UHFFFAOYSA-N		121414268.0	
CHEMBL101308	CC1(C)CCC(C)(C)c2cc(C(=O)c3ccc(C(=O)O)cc3)ccc21	PBXZHEOVJMPKDY-UHFFFAOYSA-N		9949645.0	
CHEMBL2398355	O=C(Nc1ccc(C(=O)O)c(F)c1)c1cc2c3c(c1)CCCC3CCC2	JZCCJRGWYBHELL-UHFFFAOYSA-N		25164155.0	
CHEMBL92096	C/C(=C/c1cc(C(=O)O)no1)c1ccc2c(c1)C(C)(C)CCC2(C)C	QEPKCGNDCFSACX-RAXLEYEMSA-N		11724776.0	
CHEMBL4476213	CCN(c1ccc(C(=O)O)c(F)c1)c1cc2c(cc1C)C(C)(C)CCC2(C)C	ZGUSMRPEYZYOEW-UHFFFAOYSA-N		118343106.0	
CHEMBL151870	CC1=C(/C=C/C#Cc2ccc(C(=O)O)cc2)C(C)(C)CCC1	BNVDMMYUHOFRII-WEVVVXLNSA-N		6441236.0	
CHEMBL95261	CC1(C)CCC(C)(C)c2cc(S(=O)(=O)/C=C/c3ccc(C(=O)O)cc3)ccc21	SRKFJCIUNISJHM-SDNWHVSQSA-N		44329177.0	
CHEMBL468623	CC1(C)CCC(C)(C)c2cc(C(=O)Nc3ccc(-c4noc(=O)[nH]4)cc3)ccc21	CYYUVCTYGGLIIB-UHFFFAOYSA-N		44581332.0	
CHEMBL3414623	Cc1cn(CCN2CCN(c3ccccc3-c3cc(C#N)cc(C(=O)NCCCN4CCCC4)c3)CC2)c2ccccc12	PNYRDVBFYVDJJI-UHFFFAOYSA-N		91623361.0	
CHEMBL210372	CCC(Oc1ccc(C2(c3ccc(OC(CC)C(=O)O)c(C)c3)CCCCC2)cc1C)C(=O)O	JYKLOADJOATWHQ-UHFFFAOYSA-N		15604876.0	
CHEMBL3114294	COCCOCOc1ccc(-c2ncc(/C=C/C(=O)O)s2)cc1C12CC3CC(CC(C3)C1)C2	JHEVYCAZVDHQHF-HWKANZROSA-N		76314173.0	
CHEMBL41146	C/C(=C\C(=O)O)c1cc2c(-c3cc(C(C)(C)C)cc(C(C)(C)C)c3OCCCF)cccc2s1	MFAMOXYOFZHOGZ-NBVRZTHBSA-N		10073992.0	
CHEMBL5415710	CN(C)CCOc1ccc(Cl)cc1NC(=O)c1cc2[nH]ccc2cc1Cl	LWEDOMJYGSQEGS-UHFFFAOYSA-N		169450092.0	
CHEMBL312233	C=C1C[C@H](c2ccc3c(c2)C(C)(C)CCC3(C)C)[C@@H](/C=C/C(C)=C/C(=O)O)C1	QBAULHNXDNFOSH-UATHDLFFSA-N		44316811.0	
CHEMBL424639	C/C(=C/C=C/C(C)=C/C(=O)O)c1cc(C(C)C)cc(-c2ccccc2)c1OCC(F)F	BAIGWCRSVOZJCQ-SPIHLYAOSA-N		44353466.0	
CHEMBL99325	C=C(c1ccc(C(=O)O)cc1)c1cc2c(cc1C(C)C)C(C)(C)CCC2(C)C	GFHBKJYHFOVYOH-UHFFFAOYSA-N		9799841.0	
CHEMBL2398362	COc1cc(NC(=O)c2cc3c4c(c2)CCCC4(C)CCC3)ccc1C(=O)O	OLQZNXAMNDLMLA-UHFFFAOYSA-N		58420567.0	
CHEMBL162334	Cc1cc2c(cc1/C(=N/O)c1ccc(C(=O)O)cc1)C(C)(C)CCC2(C)C	ZDSBRLPUWAHPHO-HIXSDJFHSA-N		9863934.0	
CHEMBL329955	CC1(C)CCC(C)(C)c2c(F)cc(C(O)c3ccc4cc(C(=O)O)ccc4c3)cc21	SEEUJUNLPYMQES-UHFFFAOYSA-N		44329116.0	
CHEMBL134375	CC1(C)CCC(C)(C)c2cc(-c3ccc(-c4ccc(C(=O)O)cc4)[nH]3)ccc21	HQIJOUHEHNIFNR-UHFFFAOYSA-N		14726558.0	
CHEMBL357917	O=C(O)c1ccc2cc(-c3ccc(CCCO)c(C45CC6CC(CC(C6)C4)C5)c3)ccc2c1	XQQSBBFHMOBJIE-UHFFFAOYSA-N		10789247.0	
CHEMBL5640026	CC1(C)CC=C(c2ccc(N3CCOCC3)cc2)c2cc(NC(=O)c3ccc(C(=O)O)c([N+](=O)[O-])c3)ccc21	LAJSUXXRTPBFIK-UHFFFAOYSA-N		177372384.0	
CHEMBL111983	C=C(c1ccc(C(=O)O)s1)c1cc2c(cc1C)C(C)(C)CCC2(C)C	RXVCVOBCGBBMCP-UHFFFAOYSA-N		10043729.0	
CHEMBL109283	CCCC/C(=C(F)\C=C\C(C)=C\C(=O)O)c1ccc2c(c1)CCCN2C(C)C	MOCOJZRGRWDBBQ-IJMANBTFSA-N		44339519.0	
CHEMBL3580916	COc1ccc2[nH]cc(CCc3nnc(C)o3)c2c1	ZGFUHVGCOVQFNB-UHFFFAOYSA-N		81689735.0	
CHEMBL1265	COc1ccc(-c2ccc3cc(C(=O)O)ccc3c2)cc1C12CC3CC(CC(C3)C1)C2	LZCDAPDGXCYOEH-UHFFFAOYSA-N	ADAPALENE	60164.0	
CHEMBL163223	Cc1ccc(C2=CC(C)(C)Sc3cc4ccc(-c5ccc(C(=O)O)cc5)cc4cc32)s1	CXYNRDWVVCAQRD-UHFFFAOYSA-N		15887286.0	
CHEMBL554740	Cc1cc(O)c(C23CC4CC(CC(C4)C2)C3)cc1-c1ccc(/C=C/C(=O)O)cc1Cl	HZSNUNIQSKOBFH-HWKANZROSA-N		44127469.0	
CHEMBL381434	CC(C)COc1cc(OC(C)C)cc(C(=O)Nc2ccc(C(=O)O)cn2)c1	RTMFZNZPHCZAFG-UHFFFAOYSA-N		10044792.0	
CHEMBL73321	C/C(=C\c1ccc2c(c1)C(C)(C)CCS2)c1ccc(C(=O)O)cc1	IXFGZAXVTMBUTB-WYMLVPIESA-N		6450532.0	
CHEMBL514057	CC(C)=CCc1c(O)cc(O)c2c(=O)c3c(CC=C(C)C)c(O)ccc3oc12	VGCAJFOJSSFOSL-UHFFFAOYSA-N	GERONTOXANTHONE H	11211194.0	
CHEMBL4583953	Cc1cc(-c2ccc(C(=O)O)cc2)cc(C(C)(C)C)c1	LZNBXNBFNXAUIN-UHFFFAOYSA-N		155566024.0	
CHEMBL102039	CC1(C)CCC(C)(C)c2cc(C(=O)c3ccc(C(=O)O)cc3)c(Cl)cc21	ILTGZDGUCGJVPV-UHFFFAOYSA-N		9907433.0	
CHEMBL36718	CC1=C(CC/C(C)=C/c2ccc(C(=O)O)cc2)C(C)(C)CCC1	BTFYSNDGWSYEGA-CCEZHUSRSA-N		44285287.0	
CHEMBL118307	Cc1cc2c(cc1S(=O)(=O)c1ccc(C(=O)O)cc1)C(C)(C)CCC2(C)C	KQMSXVAVLCYBDG-UHFFFAOYSA-N		3025935.0	
CHEMBL330998	CC(/C=C/C=C(\C)c1ccc2c(c1)C(C)(C)CS2)=C\C(=O)O	LWOPJLGICWVJGG-SEBRYRKESA-N		10358286.0	
CHEMBL432140	Cc1cc2c(cc1C1CCCc3oc(/C=C/C(=O)O)cc31)C(C)(C)CCC2(C)C	IOYHUMXQADXBLL-MDZDMXLPSA-N		10135144.0	
CHEMBL5641860	Cc1ccc(C2=CCC(C)(C)c3ccc(C(=O)N4CCc5cc(C(=O)O)ccc5C4)cc32)cc1	CILMANZPCMJNIH-UHFFFAOYSA-N		177372385.0	
CHEMBL468607	CC(C)(C)c1ccc(C#Cc2cccc(-c3noc(=O)[nH]3)c2)cc1	AADHLRRKRYIBSN-UHFFFAOYSA-N		44581291.0	
CHEMBL2398383	CC12CCCc3cc(C(=O)Nc4ccc(C(=O)O)cn4)cc(c31)CCC2	HMBVSKXJOJYFLK-UHFFFAOYSA-N		25189983.0	
CHEMBL115558	CC1(C)CCC(C)(C)c2cc(C(O)c3ccc(C(=O)O)cc3)ccc21	OEAKCSZJSNLAER-UHFFFAOYSA-N		10449810.0	
CHEMBL113865	CC1(C)CCC(C)(C)c2cc(C3(c4ccc(C(=O)O)cc4)OCCCO3)ccc21	HHKUEURFZCEKHR-UHFFFAOYSA-N		9952534.0	
CHEMBL334534	CC1(C)CCC(C)(C)c2cc3c(cc21)Oc1ccccc1N=C3c1ccc(C(=O)O)cc1	VHWRWWJQWCDHLB-UHFFFAOYSA-N		10093918.0	
CHEMBL346202	COc1ccc(C2=CCC(C)(C)c3ccc(C#Cc4ccc(C(=O)O)cc4)cc32)cc1	QBIIEQJCBVZFCR-UHFFFAOYSA-N		15870949.0	
CHEMBL41890	CCOc1c(-c2cccc3sc(/C(C)=C/C(=O)O)cc23)cc(C(C)C)cc1C(C)C	JCUMFUZJXNRHHE-GZTJUZNOSA-N		10273807.0	
CHEMBL329802	C/C(=C\c1nc(C(=O)O)c[nH]1)c1cc2c(cc1C)C(C)(C)CCC2(C)C	DYDVTRMDNGTYGL-GXDHUFHOSA-N		19002087.0	
CHEMBL565088	Cc1cc(O)c(C23CC4CC(CC(C4)C2)C3)cc1-c1ccc2cc(C(=O)O)ccc2c1Cl	SYUOCBXUKIKKCJ-UHFFFAOYSA-N		44127366.0	
CHEMBL2398377	O=C(Nc1cc2c3c(c1)CCCC3CCC2)c1ccc(C(=O)O)nc1	OAOPNICFAVZYDG-UHFFFAOYSA-N		67390560.0	
CHEMBL114390	CC1(C)CCC(C)(C)c2cc(Cc3ccc(C(=O)O)cc3)ccc21	CJHQIMWHRHFDEV-UHFFFAOYSA-N		10314077.0	
CHEMBL98564	CC1(C)CCC(C)(C)c2cc(C(O)c3ccc(/C=C/C(=O)O)cc3)ccc21	WTGHSZIXBWHTPK-KPKJPENVSA-N		14126207.0	
CHEMBL92926	C/C(=C\c1ccc(C(=O)O)cn1)c1cc2c(cc1C)C(C)(C)CCC2(C)C	GAZWXMUOJOGOHH-RVDMUPIBSA-N		6366734.0	
CHEMBL146636	O=C(O)c1ccc2cc(-c3ccc(CC(O)CO)c(C45CC6CC(CC(C6)C4)C5)c3)ccc2c1	XOGICLJNEFNTER-UHFFFAOYSA-N		10389354.0	
CHEMBL507489	CCCCCCc1cc(OCOCCOC)c(C23CC4CC(CC(C4)C2)C3)cc1C(=O)/C=C/c1ccc(C(=O)O)cc1	XMCRKXFQIUBNGI-JLHYYAGUSA-N		44561981.0	
CHEMBL3901588	CCc1cc(-c2cc(-c3ccc(C(=O)O)cc3)ccc2OCCO)ccc1N(CC)CC	MNICNAPNYMWMBN-UHFFFAOYSA-N		11546547.0	
CHEMBL2398375	O=C(O)c1ccc(C(=O)Nc2cc3c4c(c2)CCCC4CCC3)nc1	VGIHJJVOCLDCGX-UHFFFAOYSA-N		67391539.0	
CHEMBL145911	O=C(O)c1ccc2cc(-c3ccc(C(=O)O)c(C45CC6CC(CC(C6)C4)C5)c3)ccc2c1	LGNIFPJJXFUZER-UHFFFAOYSA-N		10788561.0	
CHEMBL25088	Cc1ccc(-c2ccc(C(=O)O)cc2)cc1-c1cc2c(cc1C)C(C)(C)CCC2(C)C	CCGXUTGFPUFBMA-UHFFFAOYSA-N		44275375.0	
CHEMBL317063	Cc1cc2c(cc1C(O)c1ccc3cc(C(=O)O)ccc3c1)C(C)(C)CCC2(C)C	BIFNVRDSMOEDHI-UHFFFAOYSA-N		44329199.0	
CHEMBL345022	C/C(=C\c1ccc(C(=O)O)cc1)c1ccc(O)c(C2(C)CCCCC2)c1	BRIDULNVONKRHN-JQIJEIRASA-N		10641611.0	
CHEMBL93628	C/C(=C\c1cc(C(=O)O)cs1)c1cc2c(cc1C)C(C)(C)CCC2(C)C	ZEDKEKWGCXBKCJ-NTEUORMPSA-N		6438168.0	
CHEMBL5862926	Cc1ccc(C)c2c(C)c(-c3nc(-c4ccc(C(=O)O)cc4Cl)no3)oc12	BVHBKTPQSMHBIQ-UHFFFAOYSA-N		121414294.0	
CHEMBL35136	CC(/C=C/C=C(\C)c1ccc2c(c1)C(C)(C)CCO2)=C\C(=O)O	NNROJUAWMZCOPE-ZFWGQPRBSA-N		6447987.0	
CHEMBL357603	O=C(O)c1ccc2cc(-c3ccc(C(O)CO)c(C45CC6CC(CC(C6)C4)C5)c3)ccc2c1	XPXYGHABMROCKS-UHFFFAOYSA-N		10203771.0	
CHEMBL148231	CC1(c2cc(-c3ccc4cc(C(=O)O)ccc4c3)ccc2O)CCCCC1	YTIUQMMDBNOKFS-UHFFFAOYSA-N		10760998.0	
CHEMBL457645	C=C(C)[C@H]1CCC(C)=C(/C=C/C(C)=C\C=C\C(C)=C\C(=O)O)C1	LHPFAXFJCWKZQW-PEQMNPEFSA-N		44588285.0	
CHEMBL3114300	COc1nc(/C=C/C(=O)O)cnc1-c1ccc(O)c(C23CC4CC(CC(C4)C2)C3)c1	UTMPBPFIOZSWJK-HWKANZROSA-N		136264455.0	
CHEMBL472238	CCCCCCNC(=O)COc1nc(-c2ccc(C(=O)O)cc2)sc1C	BUVAUYANRKGVEO-UHFFFAOYSA-N		15951923.0	
CHEMBL564563	COCCOCOc1cc(C)c(-c2ccc(/C=C/C(=O)O)cc2Cl)cc1C12CC3CC(CC(C3)C1)C2	FVDNFTXROHQVTA-GQCTYLIASA-N		44127468.0	
CHEMBL109581	CCCOc1cc2c(cc1/C(C)=C\C=C\C(C)=C\C(=O)O)C(C)(C)CCC2(C)C	HNODNXQAYXJFMQ-LQUSFLDPSA-N		6442223.0	
CHEMBL330403	CC1(C)CCC(C)(C)c2cc(C(=O)c3cccc(/C=C/C(=O)O)c3)ccc21	KUGSQBMMMFDZHA-DHZHZOJOSA-N		9885318.0	
CHEMBL312737	CC(/C=C/C1=C(c2cc3c(cc2C)C(C)(C)CCC3(C)C)CCC1)=C\C(=O)O	GMUNIMQISYVYQW-PKAMWHFSSA-N		15434197.0	
CHEMBL5420532	O=C(O)Cc1ccc(-c2ccc(OCc3c(-c4c(Cl)cccc4Cl)noc3C3CC3)cc2)cc1	AJXYOQYFSSSTMZ-UHFFFAOYSA-N		170551899.0	
CHEMBL4170032	Cc1ccc2nc([C@H](CC3CCN(C(=O)C(C)C)CC3)N3C(=O)CN(c4ccc(Oc5ccccc5)cc4)C3=O)n(C)c2c1	VZAVDSHZLZPBFD-HKBQPEDESA-N		145954891.0	
CHEMBL89581	CC(/C=C/CC1(c2cc(C(C)(C)C)cc(C(C)(C)C)c2)CC1)=C\C(=O)O	BGVPDBYBQCFFGN-KSWQMODOSA-N		9884959.0	
CHEMBL158064	CC(/C=C/C=C(\C)c1ccc2c(C)ccc(C)c2c1)=C\C(=O)O	JHSUYHIFCYBWQA-ZFWGQPRBSA-N		44371691.0	
CHEMBL5899376	O=C(O)c1ccc(-c2noc(-c3cc4c(Cl)ccc(Cl)c4o3)n2)cc1F	PKIOAANQQGQFHH-UHFFFAOYSA-N		121414333.0	
CHEMBL4202767	CCOc1c(Cl)cc(C(=O)Nc2ccc(C(=O)O)c(C)c2)cc1OC(C)C	ZWBXDTPGJLLDCM-UHFFFAOYSA-N		67042254.0	
CHEMBL180440	C=C(/C=C/c1ccccc1)C/C=C/C(C)=C\C(=O)O	OBWPJDHZKVGDSN-WSQOCSGDSA-N		44393164.0	
CHEMBL4469143	Cc1cc(-c2noc(-c3cc4c(C)ccc(C)c4o3)n2)ccc1C(=O)O	RCABFNHCHCUXEP-UHFFFAOYSA-N		121414303.0	
CHEMBL118754	C/C(=C\c1ccc(C(=O)O)cc1)c1ccc2c(c1)C(C)(C)CS2	JPFUTCKBWPEHMJ-JLHYYAGUSA-N		14776682.0	
CHEMBL291034	CCCCCCCOc1c(-c2cccc3sc(/C(C)=C/C(=O)O)cc23)cc(C(C)(C)C)cc1C(C)(C)C	WRGWXGCPDRRZSK-RELWKKBWSA-N		44287651.0	
CHEMBL2398364	O=C(O)c1ccc(C(=O)Nc2cc3c4c(c2)CCCCC4CCCC3)nc1	PUQKXEZPGZCJCS-UHFFFAOYSA-N		25189753.0	
CHEMBL95953	CC1(C)CCC(C)(C)c2cc(C(=O)c3ccc4cc(C(=O)O)ccc4c3)c(O)cc21	QEFSQURYNBYFMM-UHFFFAOYSA-N		44329047.0	
CHEMBL98172	Cc1cc2c(cc1C(=O)c1ccc(C(=O)O)cc1)C(C)(C)CCC2(C)C	QADGBOQVBUXZKO-UHFFFAOYSA-N		9810431.0	
CHEMBL2398361	COc1cc(NC(=O)c2cc3c4c(c2)CCCC4CCC3)ccc1C(=O)O	WXHIYAUFOUJFAL-UHFFFAOYSA-N		58420618.0	
CHEMBL149366	CCCCCCOc1ccc(-c2ccc3cc(C(=O)O)ccc3c2)cc1C12CC3CC(CC(C3)C1)C2	BCLMUIMQCLRLNV-UHFFFAOYSA-N		11799011.0	
CHEMBL3114298	COCCOCOc1ccc(-c2ncc(-c3ccc(C(=O)O)cc3)s2)cc1C12CC3CC(CC(C3)C1)C2	JTLFYCPEOALNOG-UHFFFAOYSA-N		76321443.0	
CHEMBL424636	C/C(=C\c1ccc(C(=O)O)cc1)c1cc2c(cc1C(C)C)C(C)(C)CCC2(C)C	ZISXJFRVMXBXDD-NBVRZTHBSA-N		10362997.0	
CHEMBL78835	COC(c1ccc2c(c1)C(C)(C)CCC2(C)C)c1ccc2cc(C(=O)O)ccc2c1	HPPASAIRMDHNEE-UHFFFAOYSA-N		10716115.0	
CHEMBL56337	CC(/C=C1\SC(=S)N(CC(=O)O)C1=O)=C\c1ccccc1	CHNUOJQWGUIOLD-NFZZJPOKSA-N	EPALRESTAT	1549120.0	
CHEMBL4540025	C=C(CO)[C@@]12O[C@@H]1[C@@]1(C)C(=C[C@@H]2OC(C)=O)C=C[C@@H](O)[C@@H]1C	UNYRPNAJDZDQFG-CHXCLDMJSA-N		132556713.0	
CHEMBL93577	C/C(=C\c1ncc(C(=O)O)s1)c1ccc2c(c1)C(C)(C)CCC2(C)C	NXPNPFPVJPLLLG-JLHYYAGUSA-N		9820039.0	
CHEMBL5284921	O=C(O)CCCCCCCCCCC(=O)Nc1ccc(O)cc1	DFVSLRSWVJSPSD-UHFFFAOYSA-N		86229636.0	
CHEMBL156940	Cc1ccccc1C1=CCC(C)(C)c2ccc(C#Cc3ccc(C(=O)O)cc3)cc21	VHMFYEZAGYYIKJ-UHFFFAOYSA-N		12017639.0	
CHEMBL115164	CC(C)=C(/C=C/C(C)=C/C(=O)O)c1cc2c(cc1C)C(C)(C)CCC2(C)C	KFJQUPNADUACOF-QDNZWQKDSA-N		10474101.0	
CHEMBL160376	CC(/C=C/C=C(\C)c1ccc2c(c1)C(C)(C)CCC2(C)C)=C\C(=O)O	HGGVUZHIUHCATB-OOUGZNGESA-N		5289250.0	
CHEMBL2021517	C=C(C)[C@H]1CC[C@H](C)C(/C=C/C(C)=C\C=C\C(C)=C\C(=O)O)C1	ICHOXYDNXCNWBS-ZYSLBKKYSA-N		70681311.0	
CHEMBL478938	C=CC(C)(C)c1c(O)cc2oc3c(O)c4c(cc3c(=O)c2c1O)C=CC(C)(C)O4	LGFMLQQVQWNWFN-UHFFFAOYSA-N	GERONTOXANTHONE B	14259057.0	
CHEMBL4217784	O=C1c2c(Cl)c(Cl)c(Cl)c(Cl)c2C(=O)N1c1ccccc1/C=C/c1cccs1	CSRGGIVFZAJPIC-BQYQJAHWSA-N		145974975.0	
CHEMBL5287875	COCCOCOc1cc2c(cc1C13CC4CC(CC(C4)C1)C3)C(=O)/C(=C/c1ccc(C(=O)O)cc1)O2	OXEQXIOGHJWWJA-BCHBDCPOSA-N		71733040.0	
CHEMBL318916	COc1cc2c(cc1C(=O)c1ccc(C(=O)O)cc1)C(C)(C)CCC2(C)C	DDJVSSMSKVUAQT-UHFFFAOYSA-N		10316839.0	
CHEMBL64391	CCC(C)n1ncn(-c2ccc(N3CCN(c4ccc(OCC5COC(Cn6cncn6)(c6ccc(Cl)cc6Cl)O5)cc4)CC3)cc2)c1=O	VHVPQPYKVGDNFY-UHFFFAOYSA-N	ITRACONAZOLE	3793.0	
CHEMBL3217923	COC[C@H](C)Oc1cc(Oc2ccc(S(C)(=O)=O)cc2)cc(C(=O)Nc2nc(C)ns2)c1	NXWJQVBBXSGVOG-ZDUSSCGKSA-N		11612643.0	
CHEMBL25202	CC1(C)CCC(C)(C)c2cc(NC(=O)c3ccc(C(=O)O)cc3)ccc21	MUTNCGKQJGXKEM-UHFFFAOYSA-N	TAMIBAROTENE	108143.0	
CHEMBL4849999	O=C(O)CCc1cc(-c2cc(Cl)cc(Cl)c2)n(-c2ccc(Cl)cc2)n1	ODEYNERJHNRFHT-UHFFFAOYSA-N		164618359.0	
CHEMBL471422	CCCCOCCOc1nc(-c2ccc(C(=O)O)cc2)sc1C	SSPMOLOIDUBZFG-UHFFFAOYSA-N		15952013.0	
CHEMBL5801049	Cc1ccc(C)c2sc(-c3nc(-c4ccc(C(=O)O)cc4)no3)nc12	PABWINGOYLQZGR-UHFFFAOYSA-N		121432539.0	
CHEMBL441231	Cc1cc2c(cc1/C=C/c1ccc(C(=O)O)cc1)C(C)(C)CCC2(C)C	VQEXOOIXMOCCAE-DHZHZOJOSA-N		20243100.0	
CHEMBL95828	CC1(C)CCC(C)(C)c2cc(Sc3ccc4cc(C(=O)O)ccc4c3)ccc21	FEVNWQAAXQREEL-UHFFFAOYSA-N		10178504.0	
CHEMBL3957342	CCN(C(C)=O)c1ccc(-c2cc(-c3ccc(C(=O)O)cc3)ccc2OCCCCO)cc1C(C)(C)C	LRWOHFGXGXXCBZ-UHFFFAOYSA-N		11634780.0	
CHEMBL346703	CC1(C)CC=C(c2ccc(C#N)cc2)c2cc(C#Cc3ccc(C(=O)O)cc3)ccc21	MBSFTWQYXVUVSD-UHFFFAOYSA-N		12017645.0	
CHEMBL116886	Cc1cc2c(cc1Sc1ccc(C(=O)O)cn1)C(C)(C)CCC2(C)C	PMHYUNDXKUCCIA-UHFFFAOYSA-N		3025919.0	
CHEMBL535	CCN(CC)CCNC(=O)c1c(C)[nH]c(/C=C2\C(=O)Nc3ccc(F)cc32)c1C	WINHZLLDWRZWRT-ATVHPVEESA-N	SUNITINIB	5329102.0	
CHEMBL5831550	Cc1cc(C(=O)O)ccc1-c1nnc(-c2cc3c(C)ccc(C)c3o2)o1	CVIMETVANMMGHS-UHFFFAOYSA-N		121414296.0	
CHEMBL95700	CC1(C)CCC(C)(C)c2cc(C(=O)/C=C/c3ccc(C(=O)O)cc3)ccc21	ZXQHMEUGMCXKLO-KPKJPENVSA-N		445576.0	
CHEMBL3916016	CC(C)(C)c1cc(-c2cc(-c3ccc(C(=O)O)cc3)ccc2OCCCO)ccc1N1CCCC1	TZKPDARBQWSPHX-UHFFFAOYSA-N		11627002.0	
CHEMBL603	COc1cc(C(=O)NS(=O)(=O)c2ccccc2C)ccc1Cc1cn(C)c2ccc(NC(=O)OC3CCCC3)cc12	YEEZWCHGZNKEEK-UHFFFAOYSA-N	ZAFIRLUKAST	5717.0	
CHEMBL4210099	CC1(C)CCC(C)(C)c2cc(-c3cc(-c4ccc(C(=O)O)cc4)ccc3CO)ccc21	DWYDAJOSTCLMPR-UHFFFAOYSA-N		145967331.0	
CHEMBL2398385	CC12CCCc3cc(C(=O)Nc4ccc(C(=O)O)nc4)cc(c31)CCC2	BKEMURKAOWLWQC-UHFFFAOYSA-N		25189930.0	
CHEMBL1671971	COc1cc(/C=C2\SC(=O)NC2=O)ccc1Oc1ccc(C#N)cc1C(F)(F)F	OBBIOCQFTMNSJI-PXNMLYILSA-N		46916268.0	
CHEMBL75741	CC1(C)CCNc2cc(C#Cc3ccc(C(=O)O)cc3)ccc21	SIQAHEVWLUDACF-UHFFFAOYSA-N		44316095.0	
CHEMBL100623	C=C(c1ccc(C(=O)O)cc1)c1cc2c(cc1CC)C(C)(C)CCC2(C)C	RJKMEUBHGGZRDO-UHFFFAOYSA-N		9820393.0	
CHEMBL97769	COc1cc2c(cc1C(=O)c1ccc3cc(C(=O)O)ccc3c1)C(C)(C)CCC2(C)C	HAILJWHAXKJRFP-UHFFFAOYSA-N		44329160.0	
CHEMBL5831421	Cc1ccc(C)c2oc(-c3nc(-c4ccc(C(=O)O)cc4N)no3)cc12	VYNIAJAXQZQNPS-UHFFFAOYSA-N		121414285.0	
CHEMBL100327	CC1(C)CCC(C)(C)c2cc(C(O)c3ccc4cc(C(=O)O)ccc4c3)c(F)cc21	QRUAEQXUOGHZIH-UHFFFAOYSA-N		44329134.0	
CHEMBL4638567	CCC(CC)n1c(-c2ccc(OCc3c(-c4c(Cl)cccc4Cl)noc3C(C)C)cc2)nc2ccc(C(=O)O)cc21	RVGJBHRUVHMVES-UHFFFAOYSA-N		156011737.0	
CHEMBL93518	CC(/C=C/C1(c2ccc3c(c2)C(C)(C)CCC3(C)C)CC1)=C\C(=O)O	QDSJNVKXCJRDGA-AXZFEOQBSA-N		10065757.0	
CHEMBL2111534	CC(=C/C(=O)O)/C=C/C1CC1(C)c1cc2c(cc1C)C(C)(C)CCC2(C)C	HMDVFKHLXNHBGR-YCBPJFTGSA-N		9885521.0	
CHEMBL284264	CC1=C(/C=C/C(C)=C/c2ccc(C(=O)O)cc2)C(C)(C)CCC1	NNTWECUMTLRLCK-SEGNDCOSSA-N		15160092.0	
CHEMBL345298	COc1ccc(-c2ccc3cc(C(=O)O)ccc3c2)cc1C1(C)CCCCC1	SWIWERVMTLKNLQ-UHFFFAOYSA-N		164456.0	
CHEMBL323626	CC1(C)CCC(C)(C)c2cc(C3(c4ccc(C(=O)O)cc4)SCCS3)ccc21	NWFLPURWUQNLIV-UHFFFAOYSA-N		132775.0	
CHEMBL312198	Cc1ccc(C2=CC(C)(C)Oc3c(Br)cc(C(=O)Nc4cc(F)c(C(=O)O)c(F)c4)cc32)cc1	WUAPWPUJPJRJLX-UHFFFAOYSA-N		11756697.0	
CHEMBL1064	CCC(C)(C)C(=O)O[C@H]1C[C@@H](C)C=C2C=C[C@H](C)[C@H](CC[C@@H]3C[C@@H](O)CC(=O)O3)[C@H]21	RYMZZMVNJRMUDD-HGQWONQESA-N	SIMVASTATIN	54454.0	
CHEMBL107054	CC1(C)CCC(C)(C)c2cc(C(=O)Nc3cc(F)c(C(=O)O)c(F)c3)c(O)cc21	BCKLKOYFMACAMZ-UHFFFAOYSA-N		9865875.0	
CHEMBL78587	CC1(C)CCC(C)(C)c2cc(C(=C(F)F)c3ccc4cc(C(=O)O)ccc4c3)ccc21	YAOCMPZJJFLOJV-UHFFFAOYSA-N		10574148.0	
CHEMBL80271	CC(C)N1CCC(C)(C)c2ccc(C#Cc3ccc(C(=O)O)cc3)cc21	PELTVBAJLHDYJZ-UHFFFAOYSA-N		10315687.0	
CHEMBL44478	CC1=C(/C=C\C(C)=C\C=C\C(C)=C\C(=O)O)C(C)(C)CCC1	SHGAZHPCJJPHSC-WBBXYVSWSA-N		12358678.0	
CHEMBL511855	CC(C)(C)c1ccc(C#Cc2ccc(-c3noc(=O)[nH]3)cc2)cc1	GPGOTYXSTNCOBN-UHFFFAOYSA-N		44581290.0	
CHEMBL563805	COCCOCOc1cc(C)c(-c2ccc3cc(C(=O)O)ccc3c2Cl)cc1C12CC3CC(CC(C3)C1)C2	GTQRCNNQKSSSCI-UHFFFAOYSA-N		44127365.0	
CHEMBL5647148	Cc1ccc(C2=CC(C)(C)Oc3c(Br)cc(S(=O)(=O)Nc4cc(F)c(C(=O)O)c(F)c4)cc32)cc1	RNTFQERHKJQTTL-UHFFFAOYSA-N		177372391.0	
CHEMBL3114296	O=C(O)c1ccc(-c2cnc(-c3ccc(O)c(C45CC6CC(CC(C6)C4)C5)c3)s2)cc1	FJOQYMZGRJDHMB-UHFFFAOYSA-N		136264284.0	
CHEMBL157101	CC(=O)N1CCN(c2ccc(OCC3COC(Cn4ccnc4)(c4ccc(Cl)cc4Cl)O3)cc2)CC1	XMAYWYJOQHXEEK-UHFFFAOYSA-N	KETOCONAZOLE	3823.0	
CHEMBL5835788	Cc1ccc(C)c2oc(-c3noc(-c4ccc(C(=O)O)cc4Cl)n3)cc12	GKTRVMUFCKWRJO-UHFFFAOYSA-N		121414717.0	
CHEMBL107430	CC1(C)CCC(C)(C)c2c1cc(C(=O)Nc1cc(F)c(C(=O)O)c(F)c1)c(O)c2Cl	PNAWUIKCVQSLFG-UHFFFAOYSA-N	NRX195183	9867758.0	
CHEMBL5640022	CC1(C)CC=C(c2ccccc2)c2cc(C(=O)Nc3ccc(C(=O)O)cc3)ccc21	AZQWAFBHDUNJHM-UHFFFAOYSA-N		10453421.0	
CHEMBL2385269	CC1(C)CC=C(c2cnc3ccccc3c2)c2cc(C(=O)Nc3ccc(C(=O)O)cc3)ccc21	WGLMBRZXZDAQHP-UHFFFAOYSA-N		445091.0	
CHEMBL27226	Cc1ccc(-c2ccc(C(=O)O)cc2)cc1-c1ccc2c(c1)C(C)(C)CCC2(C)C	CLRWWCPGUDJRNE-UHFFFAOYSA-N		10023813.0	
CHEMBL451039	CC1=C(/C=C/C(C)=C/C=C/C(C)=C/COC(=O)/C=C(C)/C=C/C=C(C)/C=C/C2=C(C)CCCC2(C)C)C(C)(C)CCC1	QNCTWCFXYGJGKU-CHOOPKNISA-N	RETINYLRETINOATE	10303376.0	
CHEMBL3114303	COCCOCOc1cc(C)c(-c2ncc(/C=C/C(=O)O)nc2OC)cc1C12CC3CC(CC(C3)C1)C2	SHDUUVSJCVGBHW-SNAWJCMRSA-N		76314174.0	
CHEMBL156903	CC1(C)CC=C(c2ccccc2)c2cc(C#Cc3ccc(C(=O)O)cc3)ccc21	LTHJFFPLLKIZTC-UHFFFAOYSA-N		10339622.0	
CHEMBL111589	COc1cc2c(cc1/C(C)=C\C=C\C(C)=C\C(=O)O)C(C)(C)CCC2(C)C	UPVFFMLTSPBEBW-TWHHPHDDSA-N		11793407.0	
CHEMBL118693	Cc1cc2c(cc1Sc1ccc(C(=O)O)cc1)C(C)(C)CCC2(C)C	MJSSDXRYTKYCRW-UHFFFAOYSA-N		3025918.0	
CHEMBL5646931	Cc1ccc(C2=CCC(C)(C)c3ccc(N4CCc5cc(C(=O)O)ccc5C4)cc32)cc1	ZRQWFCKXWSRFQP-UHFFFAOYSA-N		177372386.0	
CHEMBL48353	Cc1ccc(C)c2oc(-c3ccc(-c4ccc(C(=O)O)cc4)[nH]3)cc12	LSZNZLWBRQAWNH-UHFFFAOYSA-N		9884006.0	
CHEMBL1180	O=C(O)c1ccc2cc(-c3ccc(O)c(C45CC6CC(CC(C6)C4)C5)c3)ccc2c1	LDGIHZJOIQSHPB-UHFFFAOYSA-N	O-DEMETHYLATED ADAPALENE	135411.0	
CHEMBL3289660	CC(=C/C=C/C(C)=C/C(=O)O)/C=C1\CCCc2cccc(C)c21	BNDWDYJEHFQYFR-GYMMWQCESA-N		59444436.0	
CHEMBL2398358	CC12CCCc3cc(C(=O)Nc4ccc(C(=O)O)c(Cl)c4)cc(c31)CCC2	XLCUXMMRYHIDPR-UHFFFAOYSA-N		58420610.0	
CHEMBL41422	C/C(=C(/F)C(=O)O)c1cc2cccc(-c3cc(C(C)C)cc(C(C)C)c3OCC(F)F)c2o1	XBEQADTVYAUNQN-HAHDFKILSA-N		10204841.0	
CHEMBL4515368	Cc1cc(-c2cc(C(C)(C)C)cc(C(C)(C)C)c2)ccc1C(=O)O	UFFAMEAQZYEMDG-UHFFFAOYSA-N		155539921.0	
CHEMBL182393	C=C(/C=C/C1=C(C)CCCC1(C)C)C/C=C/C(C)=C\C(=O)O	NBQHBJHKVAZKSS-UIOMQVHXSA-N		21590819.0	
CHEMBL41675	CCCOc1c(-c2cccc3cc(/C(C)=C/C(=O)O)oc23)cc(C(C)C)cc1C(C)C	DPZKZYSYZRNUER-LDADJPATSA-N		10202323.0	
CHEMBL25361	CC1(C)CCC(C)(C)c2cc(-c3ccc4cc(C(=O)O)ccc4c3)ccc21	UHFICAKXFHFOCN-UHFFFAOYSA-N		135754.0	
CHEMBL2398374	CC12CCCc3cc(NC(=O)c4ccc(C(=O)O)cc4)cc(c31)CCC2	NDVDVWHRYNYIFL-UHFFFAOYSA-N		68176540.0	
CHEMBL2398354	CC12CCCc3cc(C(=O)Nc4ccc(C(=O)O)s4)cc(c31)CCC2	YVNRDJQXCMYKCX-UHFFFAOYSA-N		25189877.0	
CHEMBL93985	C/C(=C\c1cccc(C(=O)O)c1)c1cc2c(cc1C)C(C)(C)CCC2(C)C	VZEFZNZNVIXOCT-FOWTUZBSSA-N		6366732.0	
CHEMBL1209109	CC(C)c1onc(-c2c(Cl)cccc2Cl)c1COc1ccc(N(C)Cc2ccc(C(=O)O)cc2)c(C(F)(F)F)n1	LLIRGSLYYCOZDJ-UHFFFAOYSA-N		24748569.0	
CHEMBL101661	C=C(c1ccc(C(=O)O)cc1)c1cc2c(cc1Br)C(C)(C)CCC2(C)C	JRRBUWNHWCKPBW-UHFFFAOYSA-N		9887949.0	
CHEMBL19834	CCc1cc(-c2ccc(-c3ccc(C(=O)O)cc3)[nH]2)nc2c(C(C)C)cccc12	MJEHAIGDHOIAJW-UHFFFAOYSA-N		22985571.0	
CHEMBL4549663	C=C(CO)c1ccc([C@@H](C)C[C@@H](O)CO)c(C)c1	IARPBESLVVNUNI-SMDDNHRTSA-N		155543500.0	
CHEMBL4459692	Cc1ccc(C)c2oc(-c3nc(-c4ccc(C(=O)O)cc4)no3)cc12	AVCXUODHLRZJJP-UHFFFAOYSA-N		121414283.0	
CHEMBL310790	Cc1ccc(C2=CCC(C)(C)c3ccc(C(=O)Nc4cc(F)c(C(=O)O)c(F)c4)cc32)cc1	MCFSZZMHXZSCHD-UHFFFAOYSA-N		9889810.0	
CHEMBL4210286	CCN(CC)c1ccc(-c2cc(-c3ccc(C(=O)O)cc3)ccc2OCCCO)cc1	OXTQOESTHFNSTI-UHFFFAOYSA-N		11718697.0	
CHEMBL308967	CCCCCCCN1CCC(C)(C)c2cc(C#Cc3ccc(C(=O)O)cc3)ccc21	OGWVDDMVJFIRKE-UHFFFAOYSA-N		44316155.0	
CHEMBL469281	CC(C)CCCCOc1ccc(-c2ccc(C(=O)O)cc2)cc1	KAMPGBXWQOLHJJ-UHFFFAOYSA-N		15951927.0	
CHEMBL348449	C/C(=C\c1ccc(C(=O)O)cc1)c1ccc(O)c(C(C)(C)C)c1	QTSPAYWZFDRSJK-ACCUITESSA-N		10519016.0	
CHEMBL64771	CCCOc1cc2c(cc1C1CCCc3oc(/C=C/C(=O)O)cc31)C(C)(C)CCC2(C)C	CWCPUIFVSMQHCH-ZHACJKMWSA-N		10274731.0	
CHEMBL491294	Cc1cc2c(cc1-c1cc(/C=C/C(=O)O)ccc1O)C(C)(C)CCC2(C)C	DYLLZSVPAUUSSB-VQHVLOKHSA-N		44566110.0	
CHEMBL5647040	Cc1ccc(C2=CC(C)(C)Oc3ccc(S(=O)(=O)Nc4cc(F)c(C(=O)O)c(F)c4)cc32)cc1	XNMLARXOAPYIFQ-UHFFFAOYSA-N		177372390.0	
CHEMBL311113	CC(/C=C/[C@@H]1CCC[C@@H]1c1ccc2c(c1)C(C)(C)CCC2(C)C)=C\C(=O)O	HOAYGRVRYIUNNV-KNPWSOMWSA-N		44316756.0	
CHEMBL5647594	Cc1ccc(C2=CC(C)(C)Oc3ccc(NS(=O)(=O)c4ccc(C(=O)O)cc4)cc32)cc1	HJGHWKJMGWNFPU-UHFFFAOYSA-N		177372392.0	
CHEMBL3114304	COc1nc(-c2ccc(C(=O)O)cc2)cnc1-c1ccc(O)c(C23CC4CC(CC(C4)C2)C3)c1	VZNGJYZENKDKJD-UHFFFAOYSA-N		136224215.0	
CHEMBL330593	C=C(c1ccc(C(=O)O)cc1)c1cc2c(cc1F)C(C)(C)CCC2(C)C	JZDOYAVNMGSJNE-UHFFFAOYSA-N		10383375.0	
CHEMBL26295	CC(C)/C=C(/c1ccc(C(=O)O)cc1)c1ccc2c(c1)C(C)(C)CCC2(C)C	RHPPBDAFUHKZQF-QNGOZBTKSA-N		44274875.0	
CHEMBL514274	CCCCc1cc(OCOCCOC)c(C23CC4CC(CC(C4)C2)C3)cc1C(=O)/C=C/c1ccc(C(=O)O)cc1	NCTGZGUFAAPODW-DHZHZOJOSA-N		44561979.0	
CHEMBL388283	CC1=C(/C=C/C(C)=C/C=C/C(C)=C/C(=O)n2cncn2)C(C)(C)CCC1	RZKOGSKZEKBEDG-DZBDEXCTSA-N		11279584.0	
CHEMBL374910					
CHEMBL163530	Cc1ccc(C2=CC(C)(C)Oc3cc4ccc(-c5ccc(C(=O)O)cc5)cc4cc32)s1	HFYASNDAIXLFTJ-UHFFFAOYSA-N		9845382.0	
CHEMBL112	CC(=O)Nc1ccc(O)cc1	RZVAJINKPMORJF-UHFFFAOYSA-N	ACETAMINOPHEN	1983.0	
CHEMBL4467078	CCC/C(=C\c1cc(OCc2ccc3nc(C(F)(F)F)cc(OC)c3c2)ccc1OCCN1CCN(C)CC1)C(=O)O	LDPMEAUNDPPERB-OQKWZONESA-N		155531976.0	
CHEMBL310047	CC(/C=C/[C@]12CCC[C@@]1(c1ccc3c(c1)C(C)(C)CCC3(C)C)C2)=C\C(=O)O	WYLRCUSVWGFVQB-FCYKCFNLSA-N		10429766.0	
CHEMBL132568	CCCOc1c(/C(C)=C\C=C\C(C)=C\C(=O)O)cc(C(F)(F)C(F)(F)F)cc1C(C)C	CBZASUFZCYJPCI-ZHOIUTETSA-N		44353480.0	
CHEMBL89253	CC1(C)CCC(C)(C)c2cc(-c3ccccc3-c3ccc(C(=O)O)cc3)ccc21	KAGVSHRIUMYRQG-UHFFFAOYSA-N		44321880.0	
CHEMBL1545045	CC1=C2[C@H](/C=C(\C)C(=O)O)CC[C@@H](C)[C@H]2CC1	FEBNTWHYQKGEIQ-SUKRRCERSA-N	VALERENIC ACID	6440940.0	
CHEMBL1961797	CCCCCNC(=O)N1CCC(CN(Cc2ccc(Cl)cc2)Cc2ccc([N+](=O)[O-])s2)C1	PPUYOYQTTWJTIU-UHFFFAOYSA-N	SR9011	57394021.0	
CHEMBL4211171	CC(C)(C)c1cc(-c2cc(-c3ccc(C(=O)O)cc3)ccc2OCC(=O)O)ccc1N1CCCC1	RGGNOUISHNFNHZ-UHFFFAOYSA-N		145966900.0	
CHEMBL346429	CC1(C)CC=C(c2cccc(O)c2)c2cc(C#Cc3ccc(C(=O)O)cc3)ccc21	GRBBADRHKWHVML-UHFFFAOYSA-N		12017643.0	
CHEMBL2398380	O=C(O)c1ccc(NC(=O)c2cc3c4c(c2)CCCC4CCC3)cc1	LXUFINWHDHGLMU-UHFFFAOYSA-N		58420608.0	
CHEMBL2398370	COc1cc(NC(=O)c2cc3c4c(c2)CCCCC4CCCC3)ccc1C(=O)O	DMOBPRLRFAMTDE-UHFFFAOYSA-N		58420597.0	
CHEMBL5639172	CC1(C)CC=C(c2ccccc2)c2cc(C(=O)NCc3ccc(C(=O)O)cc3)ccc21	UVHXIROGFVWRCW-UHFFFAOYSA-N		177372377.0	
CHEMBL5913925	Cc1ccc(C)c2oc(-c3nc(-c4ccc(C(=O)O)cc4Cl)no3)cc12	SALQHVVZIUMKNT-UHFFFAOYSA-N		121414298.0	
CHEMBL3707313	CC(C)(C)c1cc(-c2cc(-c3ccc(C(=O)O)cc3)ccc2OCCO)ccc1N1CCCC1	MFBCDACCJCDGBA-UHFFFAOYSA-N	TRIFAROTENE	11518241.0	
CHEMBL833	Clc1ccccc1CN1CCc2sccc2C1	PHWBOXQYWZNQIN-UHFFFAOYSA-N	TICLOPIDINE	5472.0	
CHEMBL41260	C/C(=C\C(=O)O)c1cc2c(-c3cc(C(C)(C)C)cc(C(C)(C)C)c3OCC(F)(F)F)cccc2s1	XNZQZHPNELIADG-LFIBNONCSA-N		10207439.0	
CHEMBL470588	CCCCCCCOc1ccc(-c2ccc(C(=O)O)cc2)cc1	BDDYPNQQJHNKSC-UHFFFAOYSA-N		4433908.0	
CHEMBL3945228	CCN(CC)c1ccc(-c2cc(-c3ccc(C(=O)O)cc3)ccc2CCCO)cc1C(C)(C)C.Cl	XPDSFZHGFFIXFG-UHFFFAOYSA-N		11598466.0	
CHEMBL39344	C/C(=C\c1ccc(C(=O)O)cc1)c1ccc2c(c1)C(C)(C)CCS2	IHZBEOZNOCNBRM-WYMLVPIESA-N		6440217.0	
CHEMBL357015	C/C(=C\c1cc(C(=O)O)no1)c1ccc2c(c1)C(C)(C)CCC2(C)C	QEPKCGNDCFSACX-JLHYYAGUSA-N		9974457.0	
CHEMBL5640017	CC1(C)CC=C(c2ccccc2)c2cc(NC(=O)Nc3ccc(C(=O)O)cc3)ccc21	VVHNZDFHHDMKRJ-UHFFFAOYSA-N		177372379.0	
CHEMBL313742	CC1=C(CC/C(C)=C\c2ccc(C(=O)O)cc2)C(C)(C)CCC1	BTFYSNDGWSYEGA-PFONDFGASA-N		44321881.0	
CHEMBL34464	COC(=O)c1ccc(/C=C(\C)c2ccc3c(c2)C(C)(C)CCO3)cc1	YAZZXCKTXNNNGA-FYWRMAATSA-N		13833722.0	
CHEMBL164176	CC1(C)C=C(/C=C/C#Cc2ccc(C(=O)O)cc2)C(c2ccc(C(C)(C)C)cc2)=CC1	JVBZGDKQEREYMT-VQHVLOKHSA-N		10341527.0	
CHEMBL388064	CC1=C(/C=C/C(C)=C/C=C/C(C)=C/C(=O)n2ccnc2)C(C)(C)CCC1	FOWCGRQAXBVBOF-BDABQLGYSA-N		11382535.0	
CHEMBL1487	CC(C)c1c(C(=O)Nc2ccccc2)c(-c2ccccc2)c(-c2ccc(F)cc2)n1CC[C@@H](O)C[C@@H](O)CC(=O)O	XUKUURHRXDUEBC-KAYWLYCHSA-N	ATORVASTATIN	60823.0	
CHEMBL2114394	C/C(=C/c1ccc(C(=O)O)cc1)c1cc2c(cc1C)C(C)(C)CCC2(C)C	AJYSMFOKGBZPCF-SSZFMOIBSA-N		13187576.0	
CHEMBL4862605	O=C(O)CCCc1cc(-c2cc(Cl)cc(Cl)c2)n(-c2ccccc2)n1	KAAUESYUFSCCBA-UHFFFAOYSA-N		164623116.0	
CHEMBL57765	CC1=C(/C=C/C(C)=C/C=C/C(C)=C/C(=O)O)C(C)(C)CCC1n1ccnc1	MRFBVQCSZMKBFY-UBFIAYEVSA-N		9951075.0	
CHEMBL3289363	COC(=O)[C@H](C)NC(=O)[C@]1(C)CCC[C@]2(C)c3ccc(C(C)C)cc3CC[C@@H]12	SOGZRMRETSXHFX-WMTHZFDFSA-N		90681715.0	
CHEMBL4637834	CCCC(CCC)n1c(-c2ccc(OCc3c(-c4c(Cl)cccc4Cl)noc3C(C)C)cc2)nc2ccc(C(=O)O)cc21	PIBDDGSPCWTTPC-UHFFFAOYSA-N		156012458.0	
CHEMBL1778373	COC[C@H](C)Oc1cc(Oc2cc(F)cc(F)c2)cc(C(=O)Nc2ccc(C(=O)O)cn2)c1	ONHAZCJPHPIFHW-ZDUSSCGKSA-N		11751490.0	
CHEMBL521	CC(C)Cc1ccc(C(C)C(=O)O)cc1	HEFNNWSXXWATRW-UHFFFAOYSA-N	IBUPROFEN	3672.0	
CHEMBL319127	COc1c(C(=O)c2ccc3cc(C(=O)O)ccc3c2)ccc2c1C(C)(C)CCC2(C)C	LDPRHACGRZKJIM-UHFFFAOYSA-N		44329207.0	
CHEMBL2048501	CN[C@@H](C)C(=O)N[C@H](C(=O)N1CCC[C@H]1C(=O)N[C@H](C(=O)NCCOCCOCCNC(=O)CO/N=C1\CCC(C)(C)C(/C=C/C(C)=C/C=C/C(C)=C/C(=O)O)=C1C)C(c1ccccc1)c1ccccc1)C1CCCCC1	JKPIDKPKBOTXBU-HMLGKSOISA-N		70694633.0	
CHEMBL5816018	Cc1ccc(Cl)c2cc(-c3nc(-c4ccc(C(=O)O)cc4Cl)no3)oc12	BWMKLBOQMRTPCG-UHFFFAOYSA-N		121414265.0	
CHEMBL69367	CC1(C)CCC(C)(C)c2cc(C(=O)Nc3ccc(C(=O)O)cc3)ccc21	SZWKGOZKRMMLAJ-UHFFFAOYSA-N		2126.0	
CHEMBL472172	CC1(C)CC=C(C#Cc2ccccc2)c2cc(/C=C/c3ccc(C(=O)O)cc3)ccc21	YCADIXLLWMXYKW-CMDGGOBGSA-N		9909190.0	
CHEMBL113975	CC1(C)CCC(C)(C)c2cc(C3(c4ccc(C(=O)O)cc4)OCCS3)ccc21	SUYWERXMXNLIPK-UHFFFAOYSA-N		9887034.0	
CHEMBL5403200	C/C=C/C=C/C(O)=C1/C(=O)[C@@]2(C)[C@H]3/C(=C(/O)CC/C=C/C)C(=O)[C@@]4(C)[C@@H]1[C@]1(C)O[C@@]4(O)[C@@]3(C)O[C@@]12O	GIJWJFWVAZHKAW-RVPKNCRTSA-N			
CHEMBL19530	COc1cc(-c2ccc(-c3ccc(C(=O)O)cc3)[nH]2)nc2c(C(C)C)cccc12	DJVQZJJYDNTUAT-UHFFFAOYSA-N		10385481.0	
CHEMBL198362	O=C(NC[C@H]1CN(c2ccc(N3CCOCC3=O)cc2)C(=O)O1)c1ccc(Cl)s1	KGFYHTZWPPHNLQ-AWEZNQCLSA-N	RIVAROXABAN	9875401.0	
CHEMBL3953756	CC(C)(C)c1cc(-c2cc(-c3ccc(C(=O)O)cc3)ccc2OCCCCO)ccc1N1CCCC1	RNSFAMNEIAFEFD-UHFFFAOYSA-N		11504066.0	
CHEMBL62880	CC1(C)CCC(C)(C)c2cc(C3CCCc4oc(/C=C/C(=O)O)cc43)ccc21	WRWCAQNPEXYGJK-PKNBQFBNSA-N		9842758.0	
CHEMBL5646902	Cc1ccc(C2=CCC(C)(C)c3ccc(C(=O)NCc4ccc(C(=O)O)cc4)cc32)cc1	VYUYSPPENRCFRD-UHFFFAOYSA-N		177372376.0	
CHEMBL3891815	CCc1cc(-c2cc(-c3ccc(C(=O)O)cc3)ccc2OCCCO)ccc1N(CC)CC	BQUVDAXXESUSBC-UHFFFAOYSA-N		11510627.0	
CHEMBL43238	C/C(=C\C(=O)O)c1cc2c(-c3cc(C(C)(C)C)cc(C(C)(C)C)c3OCCC(F)F)cccc2s1	JLAHIRHKOIBLKL-GHRIWEEISA-N		10207221.0	
CHEMBL5647012	Cc1ccc(C2=CCC(C)(C)c3ccc(-c4ccc5cc(C(=O)O)ccc5n4)cc32)cc1	VERJIHDPKLEMCZ-UHFFFAOYSA-N		177372387.0	
CHEMBL4226389	Cc1sc(-c2ccc(C(=O)O)cc2)nc1-c1ccccc1	ASPYFAJZIQOSKV-UHFFFAOYSA-N		60729785.0	
CHEMBL109785	C/C(=C(F)\C=C\C(C)=C\C(=O)O)c1ccc2c(c1)CCCN2C(C)C	WGELFYOZDMFIJO-CJXOPABNSA-N		15871168.0	
CHEMBL62258	Cc1oc(/C=C/C(=O)O)cc1Cc1ccc2c(c1)C(C)(C)CCC2(C)C	PCLGZAGPVGBVBQ-VQHVLOKHSA-N		11416879.0	
CHEMBL183400	CC1=C(/C=C/C(C)=C/C=C(C#N)/C(C)=C\C(=O)O)C(C)(C)CCC1	KFBKWDCVNMMNKU-XRINAWSMSA-N		44393121.0	
CHEMBL2398357	O=C(Nc1ccc(C(=O)O)c(Cl)c1)c1cc2c3c(c1)CCCC3CCC2	USQQJJSFLDCPAH-UHFFFAOYSA-N		58420612.0	
CHEMBL415449	C/C(=C/c1ccc(C(=O)O)cc1)c1ccc2c(c1)C(C)(C)CCS2	IHZBEOZNOCNBRM-OWBHPGMISA-N		18507967.0	
CHEMBL340495	CC(/C=C/C=C(\C)c1ccc2c(c1)C(C)(C)CO2)=C\C(=O)O	COEVCTWDIQBWEC-SEBRYRKESA-N		10804037.0	
CHEMBL38	CC1=C(/C=C/C(C)=C/C=C/C(C)=C/C(=O)O)C(C)(C)CCC1	SHGAZHPCJJPHSC-YCNIQYBTSA-N	TRETINOIN	444795.0	
CHEMBL4473917	C=C(CO)[C@@]12O[C@@H]1[C@@]1(C)C(=C[C@@H]2OC(C)=O)CC[C@@H](O)[C@@H]1C	USDWLTPEKGKRLF-CHXCLDMJSA-N		155536675.0	
CHEMBL359912	CC1=C(/C=C/C(C)=C/C=C(\C#N)C(C)=C(C(=O)O)C(=O)O)C(C)(C)CCC1	RPXXRGZSPDIYNW-JBEDFQQBSA-N		44393174.0	
CHEMBL2398373	O=C(O)c1ccc(C(=O)Nc2cc3c4c(c2)CCCC4CCC3)cc1	OIQBQGWTGUUBNB-UHFFFAOYSA-N		67391107.0	
CHEMBL84681	C/C(=C/c1ccc(C(=O)O)cc1)c1ccc2c(c1)C1CCC2C1	DROVYJMNJGWKQD-RAXLEYEMSA-N		44321592.0	
CHEMBL147845	Cc1cc2c(cc1-c1cc(C(=O)O)no1)C(C)(C)C(C)CC2(C)C	UWSDSQVGPVPJRF-UHFFFAOYSA-N		10687664.0	
CHEMBL100332	C/C(=C\C(=O)O)c1ccc(C(=O)c2ccc3c(c2)C(C)(C)CCC3(C)C)cc1	WPKZVBXHOVADBT-JQIJEIRASA-N		44328986.0	
CHEMBL198997	CCCCOCCOc1nc(-c2ccc(C(=O)O)c(F)c2)sc1C	HSAOETBFVAWNRP-UHFFFAOYSA-N		11530459.0	
CHEMBL339298	CCc1cc(-c2ccsc2/C=C/C(C)=C/C(=O)O)c(OCCCF)c(C(C)(C)C)c1	CRBSWWGXRMKHJV-PICNROBXSA-N		9932436.0	
CHEMBL1773359	CC(=C/C=C/C(C)=C/C(=O)O)/C=C/C1=CC[C@H]2C[C@@H]1C2(C)C	JSBIITUOLHAMQY-LQPLLVJUSA-N		54581147.0	
CHEMBL596482	COc1ccc(/C=C2\Oc3ccccc3C2=O)cc1OC	FJYHPGCVLUAPLZ-YBEGLDIGSA-N	3',4'-DIMETHOXY-AURONE	13735499.0	
CHEMBL596255	COc1cccc(/C=C2\Oc3ccccc3C2=O)c1	JZFAOWRFJDGUMW-GDNBJRDFSA-N	3'-METHOXY-AURONE	13735497.0	
CHEMBL609865	Cc1ccc(/C=C2\Oc3ccccc3C2=O)cc1	GMCTULLKJXDQBT-GDNBJRDFSA-N		13196574.0	
CHEMBL3355252	COc1cccc(/C=C2\Oc3ccccc3C2=O)c1OC	YPCAFRBKJPAXEZ-GDNBJRDFSA-N		13735498.0	
CHEMBL1215791	CC(C)=CCC/C(C)=C/CC/C(C)=C/CC/C=C/C(=O)O	GLPWLKHIIUEHTR-IHKMYNNBSA-N		46927917.0	
CHEMBL470587	CCCCCCCCOc1ccc(-c2ccc(C(=O)O)cc2)cc1	YNBBQLUKHHSKPW-UHFFFAOYSA-N		2802556.0	
CHEMBL1773357	CC(=C/C=C/C(C)=C/C(=O)O)/C=C/C1=C[C@H]2C[C@@H]([C@@H]1C)C2(C)C	WJILZFDTSGYVEL-MGWDKRDRSA-N		52952997.0	
CHEMBL512710	CCCCCCCCc1ccc(-c2ccc(C(=O)O)s2)cc1	QVBBOYJFBDQZLT-UHFFFAOYSA-N		25259262.0	
CHEMBL611941	COc1ccc(/C=C2\Oc3ccccc3C2=O)cc1	WPHKUMCSOVGQCK-GDNBJRDFSA-N	4'-METHOXY-AURONE	642384.0	
CHEMBL469322	CCCCOCCOc1cc(C)c(-c2ccc(C(=O)O)cc2)cc1C	NQETXGPFDKYFOG-UHFFFAOYSA-N		15952020.0	
CHEMBL3355256	O=C1/C(=C/c2cccc(O)c2O)Oc2ccccc21	NKPBLIINRAAIGM-JYRVWZFOSA-N		118720703.0	
CHEMBL1478023	O=C1/C(=C/c2ccc(O)c(O)c2)Oc2ccccc21	HCBULGQMULJTCM-ZSOIEALJSA-N		5793932.0	
CHEMBL340074	CC(/C=C/C1=C(c2cc(C(C)C)cc(C(C)C)c2OCC(F)F)CCC1)=C\C(=O)O	ASAHJGAFFOJUCI-BSDMPFPKSA-N		9866726.0	
CHEMBL2115168	CCOC(=O)[C@@H]1C[C@@]1(C)/C=C/C=C(C)/C=C/C1=C(C)CCCC1(C)C	MTGJEKMTXCEFTB-PWZHTVMVSA-N		71450987.0	
CHEMBL335751	CC(/C=C/c1ccoc1-c1cc(C(C)C)cc(C(C)C)c1OCCCF)=C\C(=O)O	DYOYTHHXUKCMEU-OZOLYBCPSA-N		9888023.0	
CHEMBL476598	Cc1ccc(/C=C/C(=O)c2ccccc2O)cc1	OOEWKJHFFYCQBM-ZHACJKMWSA-N		5376916.0	
CHEMBL476348	CC(/C=C/C1=C(CC(C)C)CCCC1(C)C)=C\C=C\C(C)=C\C(=O)O	HJDXHVHASFJGNS-XMRXFRDSSA-N		44579056.0	
CHEMBL334330	CN1c2ccccc2N=C(c2ccc(C(=O)O)cc2)c2cc3c(cc21)C(C)(C)CCC3(C)C	DLFBCHSYAZBTSS-UHFFFAOYSA-N		128016.0	
CHEMBL510735	CCCCCCCc1ccc(-c2ccc(C(=O)O)cc2C)cc1	FOWFCXWOMTYHOZ-UHFFFAOYSA-N		25259039.0	
CHEMBL101666	CC(C)c1cc2c(cc1C(=O)c1ccc(C(=O)O)cc1)C(C)(C)CCC2(C)C	SWBYVNBRVWWFJT-UHFFFAOYSA-N		9886082.0	
CHEMBL337855	CC1(C)CCC(C)(C)c2nc(-c3cc(-c4ccc(C(=O)O)cc4)[nH]n3)cnc21	NYZGVHALABTAEB-UHFFFAOYSA-N		10690943.0	
CHEMBL691	C#C[C@]1(O)CC[C@H]2[C@@H]3CCc4cc(O)ccc4[C@H]3CC[C@@]21C	BFPYWIDHMRZLRN-SLHNCBLASA-N	ETHINYL ESTRADIOL	5991.0	
CHEMBL131561	CC(/C=C/c1sccc1-c1cc(C(C)C)cc(C(C)C)c1OCCCF)=C\C(=O)O	APFANXIWFMCXJQ-OZOLYBCPSA-N		10938920.0	
CHEMBL129976	CC(/C=C/c1ccccc1-c1cc(C(C)(C)C)cc(C(C)(C)C)c1OCCCF)=C\C(=O)O	BIYAHXVUPFJGKI-SGCNCOIJSA-N		9825106.0	
CHEMBL471423	CCCCCCCc1cnc(-c2ccc(C(=O)O)cc2)nc1	OJBZABCNFYYKGZ-UHFFFAOYSA-N		13765519.0	
CHEMBL3355254	COc1cccc(/C=C2\Oc3ccc(Cl)cc3C2=O)c1OC	FFIIWZWMYVELQE-NVNXTCNLSA-N		18823476.0	
CHEMBL130577	CC(/C=C/c1ccncc1-c1cc(C(C)C)cc(C(C)C)c1OCC(F)(F)F)=C\C(=O)O	IJKIEQVMZRPXJB-HKHMFKSASA-N		10906425.0	
CHEMBL1773358	CC(=C/C=C/C(C)=C/C(=O)O)/C=C/C1=C[C@@H]2C[C@H]([C@H]1C)C2(C)C	WJILZFDTSGYVEL-RYJPNUQDSA-N		54585066.0	
CHEMBL476349	CC(/C=C/C1=C(Cc2ccccc2)CCCC1(C)C)=C\C=C\C(C)=C\C(=O)O	IBQXFIRDUDHYOY-GYEOHBAKSA-N		44579057.0	
CHEMBL478653	CC(/C=C/C1=C(Cc2ccc3ccccc3c2)CCCC1(C)C)=C\C=C\C(C)=C\C(=O)O	CEFFCNQTELXXKZ-SGILRLPHSA-N		44579058.0	
CHEMBL187836	O=C(O)/C=C/c1ccc(-c2ccc(O)cc2)cc1	DSRUVGINFZPVRB-XCVCLJGOSA-N		11253452.0	
CHEMBL1214703	CC(C)=CCC/C=C/CC/C(C)=C/CC/C(C)=C/C(=O)O	JYTUCTYDVKVRFD-UXTHVSFZSA-N		10379483.0	
CHEMBL188026	Nc1ccccc1NC(=O)/C=C/c1ccc(-c2ccc(O)c(C34CC5CC(CC(C5)C3)C4)c2)cc1	DWNQOPMOUOSBEO-KPKJPENVSA-N		11784536.0	
CHEMBL197499	CCCc1ccc(-c2ccc(C(=O)O)cc2)cc1	HCPBURTZSXRGBN-UHFFFAOYSA-N		522891.0	
CHEMBL1773363	C/C(=C/C=C/C(C)=C/C(=O)O)C1=CC(C)(C)[C@@]23CC[C@@H](C2)C(C)(C)C3=C1	RKEVEOWVENZGLD-LHFASWIXSA-N		54581149.0	
CHEMBL593006	COc1ccccc1/C=C1\Oc2ccccc2C1=O	PAXAAXXKMIUQEF-GDNBJRDFSA-N	(Z)-2'-METHOXYAURONE	13735496.0	
CHEMBL1773356	CC(=C/C=C/C(C)=C/C(=O)O)/C=C/C1=C[C@@H]2CC[C@@]1(C)C2(C)C	OLTHLBHNRAIYMD-AWRNQUDUSA-N		54585065.0	
CHEMBL340555	CC(/C=C/c1sccc1-c1cc(C(C)C)cc(C(C)C)c1OCC(F)F)=C\C(=O)O	BWVWYJNVUWUHAQ-XDHFRCMDSA-N		9802971.0	
CHEMBL596483	COc1ccc(/C=C2\Oc3cc(OC)cc(OC)c3C2=O)cc1	HOVVZRFSBDVBHE-PXNMLYILSA-N	4,4',6-TRIMETHOXY-AURONE	15555874.0	
CHEMBL133176	CCCOc1c(C2=C(/C=C/C(C)=C/C(=O)O)CCC2)cc(C(C)C)cc1C(C)C	AEXZEXFZLVOUCR-OTIKAVQOSA-N		9930650.0	
CHEMBL132488	CC(/C=C/c1sccc1-c1cc(C(C)C)cc(C(C)C)c1OCC(F)(F)F)=C\C(=O)O	XMMBYJXSOLEASQ-XDHFRCMDSA-N		10961406.0	
CHEMBL199974	O=C1/C(=C/c2ccc(O)cc2)Oc2ccccc21	BAYNHPXTNUSVIZ-ZROIWOOFSA-N		1798422.0	
CHEMBL1773362	C/C(=C/C=C/C(C)=C/C(=O)O)C1=C[C@H]2CC[C@]1(C)C2(C)C	RGIRSBOJHNWSGM-RJZLKRBASA-N		54580156.0	
CHEMBL471421	CCCOCCOc1nc(-c2ccc(C(=O)O)cc2)sc1C	BOONCUCOMIPBJA-UHFFFAOYSA-N		15952016.0	
CHEMBL371684	CCCCCCCc1ccc(-c2ccc(C(=O)O)cc2)cc1	XVROSBHWACAQRL-UHFFFAOYSA-N		3086355.0	
CHEMBL472213	CCCCCCCCc1ccc(-c2ccc(C(=O)O)cc2F)cc1	WJSJHHUQCNPEPK-UHFFFAOYSA-N		15952019.0	
CHEMBL445634	CC(/C=C/c1ccccc1-c1cc(C(C)C)cc(C(C)C)c1OCCCF)=C\C(=O)O	KWICUVGFGSNCGA-POQLEOJZSA-N		9932151.0	
CHEMBL3355255	O=C(O)c1ccc(/C=C2\Oc3ccc(Cl)cc3C2=O)cc1	KMPQXTGIPPEMBN-AUWJEWJLSA-N		13319806.0	
CHEMBL3355253	COc1ccc(/C=C2\Oc3ccc(Br)cc3C2=O)cc1OC	LIDPIIYWRQKQAL-PXNMLYILSA-N		18823397.0	
CHEMBL3355251	O=C(O)c1ccc(/C=C2\Oc3ccccc3C2=O)cc1	XNNJPMYNORHKRV-ZROIWOOFSA-N		13319802.0	
CHEMBL2114142	CCOC(=O)[C@H]1C[C@@]1(C)/C=C/C=C(C)/C=C/C1=C(C)CCCC1(C)C	MTGJEKMTXCEFTB-CUHFYSLGSA-N		71452763.0	
CHEMBL594859	COCOc1cc(OCOC)c2c(c1)O/C(=C\c1ccc(OCOC)c(OCOC)c1)C2=O	XYPJLRMVXOEGIS-WNFQYIGGSA-N		46226795.0	
CHEMBL189565	O=C(O)/C=C/c1ccc(-c2ccc(O)c(-c3ccccc3)c2)cc1	ZMQJTJNYMBHSHR-MDWZMJQESA-N		11472545.0	
CHEMBL1773075	C=C(C)[C@@H]1CCC2=CC(/C(C)=C\C=C\C(C)=C\C(=O)O)=CC[C@]2(C)[C@H]1C	UFMVIQBZDMJIDZ-VBWXPERGSA-N		54586923.0	
CHEMBL506417	CCCCCCCOc1nc(-c2ccc(C(=O)O)cc2)sc1C	WPFLWZFRGPNNIV-UHFFFAOYSA-N		25259267.0	
CHEMBL471197	CCCCCCCc1ccc(-c2ccc(C(=O)O)c(F)c2)cc1	DBNHLTPJKKCXJQ-UHFFFAOYSA-N		15952017.0	
CHEMBL469323	CCCCCCOc1ccc(-c2ccc(C(=O)O)cc2)cc1	IWWNTISKHOYKAN-UHFFFAOYSA-N		3563820.0	
CHEMBL241861	O=C(/C=C/c1ccc(Cl)cc1)c1ccccc1O	ZKBILMWSVPPRAT-JXMROGBWSA-N		5372946.0	
CHEMBL198467	CCCCCCc1ccc(-c2ccc(C(=O)O)cc2)cc1	ROJCBWVSXWIGAL-UHFFFAOYSA-N		13554588.0	
CHEMBL1773361	C/C(=C/C=C/C(C)=C/C(=O)O)C1=C[C@H](C)CC[C@H]1C(C)C	CJBRTDXJWUGFOW-XVZFVHJYSA-N		54586043.0	
CHEMBL1773355	CC(C)=C1CC[C@@H](C)C=C1/C=C/C(C)=C\C=C\C(C)=C\C(=O)O	ATZZATZDMGYEFF-OAWKLDIGSA-N		54585064.0	
CHEMBL198794	CCCCCCCCCc1ccc(-c2ccc(C(=O)O)cc2)cc1	JEDSQOLKNJLVRX-UHFFFAOYSA-N		3092138.0	
CHEMBL5918147	Cc1ccc(C)c2oc(-c3nc(-c4ccc(C(=O)O)cc4C(F)(F)F)no3)cc12	JCLUMFGPTRFSEE-UHFFFAOYSA-N		121432524.0	
CHEMBL596254	O=C1/C(=C/c2ccc(Cl)cc2)Oc2ccccc21	JIWJNEVCSMZRGO-ZROIWOOFSA-N		5467625.0	
CHEMBL1773353	CC(=C/C=C/C(C)=C/C(=O)O)/C=C/C1=C[C@@H](C)CC[C@@H]1C(C)C	FDKJJFZTALFHMZ-JEDXWFSOSA-N		52953080.0	
CHEMBL1214704	C/C=C/CC/C(C)=C/CC/C(C)=C/CC/C(C)=C/C(=O)O	IGRHZWMXIAQHNL-RMBLDVLJSA-N		49863990.0	
CHEMBL197292	CCCCCc1ccc(-c2ccc(C(=O)O)cc2)cc1	VRGQQLFRUKMDSW-UHFFFAOYSA-N		2063335.0	
CHEMBL4174856	CN1CC[C@@H](N2C(=O)S/C(=C\c3ccc4c(cnn4Cc4ccc(Cl)cc4C(F)(F)F)c3)C2=O)[C@H](F)C1	BQNYTHNYGPJDQV-FHNILQQJSA-N		54597874.0	
CHEMBL1773351	C=C(C)[C@H]1CC[C@H](C)C=C1/C=C/C(C)=C\C=C\C(C)=C\C(=O)O	IADAPKLAERAWQU-JEDXWFSOSA-N		54587023.0	
CHEMBL335762	CC(/C=C/c1sccc1-c1cc(C(C)(C)C)cc(C(C)(C)C)c1OCCC(F)F)=C\C(=O)O	DCMLUNATSBWZJQ-PICNROBXSA-N		11070809.0	
CHEMBL471196	CCCCCCCc1ccc(-c2ccc(C(=O)O)s2)cc1	QEVYTTGHNLVKGN-UHFFFAOYSA-N		25259040.0	
CHEMBL1171681	COc1cc(OC)c2c(c1)O/C(=C\c1ccccc1Cl)C2=O	WLUGJRADRCGNOP-CHHVJCJISA-N		25146735.0	
CHEMBL593229	O=C1/C(=C/c2ccc(O)c(O)c2)Oc2cc(O)cc(O)c21	WBEFUVAYFSOUEA-PQMHYQBVSA-N	AUREUSIDIN	5281220.0	
CHEMBL188699	O=C(/C=C/c1ccc(-c2ccc(O)c(C34CC5CC(CC(C5)C3)C4)c2)cc1)Nc1ccc(O)cc1	CCCIHAQNDCTXTJ-KGVSQERTSA-N		11317250.0	
CHEMBL443832	CCc1ccc(-c2ccc(C(=O)O)cc2)cc1	SCEBDBNGUCNRCE-UHFFFAOYSA-N		521801.0	
CHEMBL336086	CC(/C=C/C1=C(c2cc(C(C)C)cc(C(C)C)c2OCCCF)CCC1)=C\C(=O)O	HCXVTFDYDVOCPY-XJZNFUNPSA-N		9888037.0	
CHEMBL472236	CCCCCCCCc1ccc(-c2ccc(C(=O)O)c(C)c2)cc1	OQAYVUYVRCAPCT-UHFFFAOYSA-N		15952211.0	
CHEMBL513560	CCCCCCNC(=O)COc1ccc(-c2ccc(C(=O)O)cc2)cc1	XHVXHZSQTWQXRV-UHFFFAOYSA-N		25259263.0	
CHEMBL130230	CC(/C=C/c1ccccc1-c1cc(C(C)C)cc(C(C)C)c1OCC(F)F)=C\C(=O)O	CYIQJMUSSBGDPA-RJXLRZCOSA-N		9867254.0	
CHEMBL188331	O=C(O)/C=C/c1ccc(-c2ccc(O)c(CC3CCCCC3)c2)cc1	BQKDNDWYJPMCIK-MDWZMJQESA-N		44397758.0	
CHEMBL337719	CC(/C=C/C1=C(c2cc(C(C)C)cc(C(C)C)c2OCC(F)(F)F)CCC1)=C\C(=O)O	RVXMOCIUWSHBTG-BSDMPFPKSA-N		10026035.0	
CHEMBL1773352	C=C(C)[C@@H]1CC[C@@H](C)C=C1/C=C/C(C)=C\C=C\C(C)=C\C(=O)O	IADAPKLAERAWQU-PGCPYWQFSA-N		52952998.0	
CHEMBL129887	CCc1cc(-c2ccsc2/C=C/C(C)=C/C(=O)O)c(OCC(F)F)c(C(C)(C)C)c1	SXJBYONOKQVXIJ-XHBXSBNISA-N		9910801.0	
CHEMBL1773360	CC(=C/C=C/C(C)=C/C(=O)O)/C=C/C1=C[C@]2(C(C)C)C[C@@H]2[C@H]1C	DKRKJWTYVYDMRU-GQADQPKISA-N		54581148.0	
CHEMBL365798	CCCCc1ccc(-c2ccc(C(=O)O)cc2)cc1	BVBTVBVHIQDKKW-UHFFFAOYSA-N		2757304.0	
CHEMBL476971	CCCCC1=C(/C=C/C(C)=C/C=C/C(C)=C/C(=O)O)C(C)(C)CCC1	QZTGWEZSZARWSX-XHGCCUEJSA-N		25141345.0	
CHEMBL609307	COc1cc(OC)c2c(c1)O/C(=C\c1ccccc1OC)C2=O	GTARHUQAGSYYJO-PXNMLYILSA-N		14034813.0	
CHEMBL305419	COc1cc(OC)c2c(c1)O/C(=C\c1ccccc1)C2=O	URJIGAYOIPBIDO-NVNXTCNLSA-N		642387.0	
CHEMBL1214702	CC(C)=CCC/C(C)=C/CC/C=C/CC/C(C)=C/C(=O)O	HKKQMNUCDZWPPK-YRSVVNRUSA-N		49863989.0	
CHEMBL1773354	CC(C)=C1CC[C@H](C)C=C1/C=C/C(C)=C\C=C\C(C)=C\C(=O)O	ATZZATZDMGYEFF-BDIJOXHHSA-N		54582176.0	
CHEMBL472032	CCCCCCCCc1ccc(-c2ccc(C(=O)O)cc2C)cc1	NXZPXJXEQBKXLP-UHFFFAOYSA-N		15951828.0	
CHEMBL315986	CCOc1c(/C(C)=C\C=C\C(C)=C\C(=O)O)cc(C(C)(C)CC)cc1C(C)(C)CC	XPNYPEOXBQXYDQ-BLWADDNASA-N		10916642.0	
CHEMBL3929577	CN(C)C(=O)c1ccc2c(c1)c(Oc1c(Cl)cccc1Cl)nn2-c1ccc(C(=O)O)cc1	REOUXXAFARPDFR-UHFFFAOYSA-N		134138123.0	
CHEMBL4215630	COCCOCOc1ccc(-c2ccc(C(=O)O)cc2C)cc1-c1ccc2c(c1)C(C)(C)CCC2(C)C	IFUOBHMVWSKKKO-UHFFFAOYSA-N		145971359.0	
CHEMBL3917164	O=C(O)[C@H]1CC[C@H](n2nc(Oc3c(Cl)cccc3Cl)c3ccccc32)CC1	WKFBIVYONKPANM-JOCQHMNTSA-N			
CHEMBL423503	C/C(=C/C=C/C(C)=C/C(=O)O)c1cc(C(C)C)cc(C(C)C)c1OCC(F)(F)F	UTRWSQUYKCUPGE-BZIVGMQQSA-N		9801665.0	
CHEMBL91979	CCOc1c(-c2[nH]nc3ccc(/C(C)=C/C(=O)O)cc23)cc(C(C)C)cc1C(C)C	LWXJNLCQFQPZKN-MHWRWJLKSA-N		10112018.0	
CHEMBL4216161	COCCOCOc1ccc(-c2ccc(C(=O)O)c(C)c2)cc1-c1ccc2c(c1)C(C)(C)CCC2(C)C	KEVLYHDLTIKZOB-UHFFFAOYSA-N		145971858.0	
CHEMBL430651	C/C(=C\C(=O)O)c1ccc2[nH]cc(-c3cc(C(C)(C)C)cc(C(C)(C)C)c3OCC(F)F)c2c1	POAAIJQVWHRDMG-MHWRWJLKSA-N		10298831.0	
CHEMBL4211195	COCCOCOc1ccc(-c2ccc(C(=O)O)c(OC)c2)cc1-c1ccc2c(c1)C(C)(C)CCC2(C)C	ZPBSAZORQULIPL-UHFFFAOYSA-N		145964346.0	
CHEMBL3924898	CN(C)C(=O)c1ccc2c(-c3ccc(C(=O)O)cc3)nn(C(=O)c3c(Cl)cccc3Cl)c2c1	NGUSBJZTNCYXBU-UHFFFAOYSA-N		134140572.0	
CHEMBL328072	CCOc1c(-c2cnc3ccc(/C(C)=C/C(=O)O)cn23)cc(C(C)C)cc1C(C)C	CZIPWDFUYKXIJA-LICLKQGHSA-N		10223041.0	
CHEMBL3943864	O=C(O)c1ccc(-n2nc(Nc3c(Cl)cccc3Cl)c3ccccc32)cc1	YVIYQAPTGRAYCO-UHFFFAOYSA-N		134146033.0	
CHEMBL3814015	CN(C)S(=O)(=O)c1ccc(-n2nc(-c3ccc(C(=O)O)cc3)cc2-c2cc(C(C)(C)C)cc(C(C)(C)C)c2)cc1	NXKQRFWEULRAST-UHFFFAOYSA-N		89543344.0	
CHEMBL88740	CCOc1c(/C(C)=C\C=C\C(C)=C\C(=O)O)cc(C(C)C)cc1C(C)C	HQROCOFWMCGIQB-IXGCMVFISA-N		10926384.0	
CHEMBL3950318	O=C(O)c1ccc(-n2nc(Sc3c(Cl)cccc3Cl)c3cc(C(=O)N4CCOCC4)ccc32)cc1	QJPLWOYLDJWJRC-UHFFFAOYSA-N		134148070.0	
CHEMBL91185	CCC(C)(C)c1cc(/C(C)=C\C=C\C(C)=C\C(=O)O)c(OC)c(C(C)(C)CC)c1	DTZUKXVGXVOCKJ-XKTFKWMDSA-N		11025742.0	
CHEMBL3976477	CCc1nn(C)c(CC)c1Oc1nn(-c2ccc(C(=O)O)cc2)c2ccccc12	OMFBRZZIGBYCML-UHFFFAOYSA-N		134152058.0	
CHEMBL92447	CCCOc1c(-c2c[nH]c3ccc(/C(C)=C/C(=O)O)cc23)cc(C(C)(C)C)cc1C(C)(C)C	QWZJLIIDSHMRRC-QGOAFFKASA-N		10225690.0	
CHEMBL3920454	Cc1cc(C(=O)O)ccc1-n1nc(Oc2c(Cl)cccc2Cl)c2ccccc21	XGSYAXVEBQQSFQ-UHFFFAOYSA-N		134139787.0	
CHEMBL314745	COc1c(-c2csc3ccc(/C(C)=C/C(=O)O)cc23)cc(C(C)C)cc1C(C)C	PYCVGUGNBZAPOL-CXUHLZMHSA-N		10272879.0	
CHEMBL4226803	CCc1ccc(N(CC(C)C)S(=O)(=O)c2ccc(OCC3CCOCC3)c([S@@](C)(=N)=O)c2)cc1	OZSLLZRELNMFLA-XIFFEERXSA-N		121429517.0	
CHEMBL91779	CCCOc1c(/C(C)=C\C=C\C(C)=C\C(=O)O)cc(C(C)C)cc1C(C)C	TYMBNWYPCYSZOZ-RSMBVSHGSA-N		11079184.0	
CHEMBL3923672	CCN(C)C(=O)c1ccc2c(c1)c(Sc1c(Cl)cccc1Cl)nn2-c1ccc(C(=O)O)cc1	CPDVKKNKXGOIIZ-UHFFFAOYSA-N		134141341.0	
CHEMBL420249	CCCOc1c(/C(C)=C\C=C\C(C)=C\C(=O)O)cc(C(C)(C)C)cc1C(C)(C)C	BLKMJRAWGQIQDA-ANPOFYETSA-N		9908857.0	
CHEMBL3939711	CN(C)C(=O)c1ccc2c(c1)c(Sc1c(F)cccc1Cl)nn2-c1ccc(C(=O)O)cc1	KGVDEUASEZNCSA-UHFFFAOYSA-N		134149807.0	
CHEMBL3942787	O=C(O)c1ccc(-n2nc(Sc3c(Cl)cccc3Cl)c3ccccc32)cc1	DURCFIMJGSOKDP-UHFFFAOYSA-N		134145297.0	
CHEMBL4212684	COCCOCOc1ccc(-c2ccc(C(=O)O)cn2)cc1-c1ccc2c(c1)C(C)(C)CCC2(C)C	NHRSAJDIZDNZLL-UHFFFAOYSA-N		145967217.0	
CHEMBL3931161	CN(C)C(=O)c1ccc2c(c1)c(Oc1c(Cl)cccc1C(F)(F)F)nn2-c1ccc(C(=O)O)cc1	PRFOAGMHUSKCKE-UHFFFAOYSA-N		122235238.0	
CHEMBL290478	CC1=C(/C=C/C(C)=C/C=C/C(C)=C/C(=O)Cc2ccc(O)cc2)C(C)(C)CCC1	WKZPWMRGEOWZTC-PPBWNBFDSA-N		9865215.0	
CHEMBL107555	CCOc1c(/C(=C\C=C\C(C)=C\C(=O)O)C(F)(F)F)cc(C(C)(C)C)cc1C(C)(C)C	IOTZBRPLBMULMD-KLGKYMQISA-N		10274852.0	
CHEMBL3915908	CN(C)C(=O)c1ccc2c(c1)c(Nc1c(Cl)cccc1Cl)nn2-c1ccc(C(=O)O)cc1	FLXLDVUSNIHVSB-UHFFFAOYSA-N		134142378.0	
CHEMBL219916	O=c1[nH]c2ccccc2n1CCCN1CCC(n2c(=O)[nH]c3cc(Cl)ccc32)CC1	FGXWKSZFVQUSTL-UHFFFAOYSA-N	DOMPERIDONE	3151.0	
CHEMBL313647	CCC(C)(C)c1cc(/C(C)=C\C=C\C(C)=C\C(=O)O)c(OCC(F)F)c(C(C)(C)CC)c1	HHIXIADJLOVLQC-BVSJNERWSA-N		11080831.0	
CHEMBL3911834	Cc1cc(C)c(Sc2nn(-c3ccc(C(=O)O)cc3)c3ccc(C(=O)N(C)C)cc23)c(C)c1	RJZUTZFBDRAVIZ-UHFFFAOYSA-N		134131811.0	
CHEMBL93246	CCCCOc1c(-c2c[nH]c3ccc(/C(C)=C/C(=O)O)cc23)cc(C(C)(C)C)cc1C(C)(C)C	CATUIEOZAVGOQU-XMHGGMMESA-N		10276434.0	
CHEMBL92798	CCCCOc1c(-c2c[nH]c3ccc(/C(C)=C/C(=O)O)cc23)cc(C(C)C)cc1C(C)C	XOYJNOXXJQMGGK-XDHOZWIPSA-N		10274512.0	
CHEMBL110195	CCCCOc1c(/C(C)=C\C=C\C(C)=C\C(=O)O)cc(C(C)(C)C)cc1C(C)(C)C	ZKCLTMKNJCSCFH-QWHMLTOOSA-N		9866384.0	
CHEMBL3814574	CC1(C)CCC(C)(C)c2cc(-c3cc(-c4ccc(C(=O)O)cc4)nn3-c3ccc(S(C)(=O)=O)cc3)ccc21	ATUFTIJKMARLNY-UHFFFAOYSA-N		127052429.0	
CHEMBL3914641	CN(C)C(=O)c1ccc2c(c1)c(Sc1cc(Cl)ccc1Cl)nn2-c1ccc(C(=O)O)cc1	BBYSACCQLXWXSA-UHFFFAOYSA-N		134142941.0	
CHEMBL4207786	COCCOCOc1ccc(-c2ccc(C(=O)O)c(Cl)c2)cc1-c1ccc2c(c1)C(C)(C)CCC2(C)C	TWXULGBOVDXFIO-UHFFFAOYSA-N		145977706.0	
CHEMBL3938602	CN(C)C(=O)c1ccc2c(c1)c(S(=O)(=O)c1c(Cl)cccc1Cl)nn2-c1ccc(C(=O)O)cc1	XJKSIYWHOCUTKN-UHFFFAOYSA-N		134148836.0	
CHEMBL3940207	CN1CCN(C(=O)c2ccc3c(c2)c(Sc2c(Cl)cccc2Cl)nn3-c2ccc(C(=O)O)cc2)CC1	GFHGOBSAWUNQHX-UHFFFAOYSA-N		134149538.0	
CHEMBL3948265	O=C(O)c1ccc(-n2nc(Oc3c(Cl)cccc3Cl)c3ccccc32)c(F)c1	SVWMRFBEGOFZSM-UHFFFAOYSA-N		118142048.0	
CHEMBL196409	Cc1cc2c(cc1-c1cc(/C=C3\SC(=O)NC3=O)ccc1OC(F)(F)F)C(C(C)C)=CCC2(C)C	ULQKNZGALCDFNM-FMCGGJTJSA-N		44404071.0	
CHEMBL3942648	CN(C)C(=O)c1ccc2c(c1)c(Sc1ccc(Cl)cc1Cl)nn2-c1ccc(C(=O)O)cc1	BOXWNUVYMQKUDK-UHFFFAOYSA-N		134145922.0	
CHEMBL3905660	O=C(O)c1ccc(-n2nc(Sc3c(Cl)cccc3Cl)c3cc(C(=O)N4CCC4)ccc32)cc1	DLYRILOKXPFMBI-UHFFFAOYSA-N		134135363.0	
CHEMBL421748	CCCCOc1c(-c2cn(C)c3ccc(/C(C)=C/C(=O)O)cc23)cc(C(C)C)cc1C(C)C	VVRKVTWLLQOKMZ-DEDYPNTBSA-N		10225689.0	
CHEMBL328507	CCOc1c(-c2noc3ccc(/C(C)=C/C(=O)O)cc23)cc(C(C)C)cc1C(C)C	RKEPFESSUYKZDD-MHWRWJLKSA-N		10158313.0	
CHEMBL3982499	Clc1cccc(Cl)c1Oc1n[nH]c2ccccc12	QVMCKTNGMUAMAW-UHFFFAOYSA-N		134157830.0	
CHEMBL107554	CCCCOc1c(/C(C)=C\C=C\C(=C\C(=O)O)C(F)(F)F)cc(C(C)(C)C)cc1C(C)(C)C	BQLBHCZTEOUMEY-FETGSKBQSA-N		44338305.0	
CHEMBL3911731	Cc1ccccc1Sc1nn(-c2ccc(C(=O)O)cc2)c2ccc(C(=O)N(C)C)cc12	RCAUWTURWYLQGE-UHFFFAOYSA-N		134133110.0	
CHEMBL3813702	CC(C)(C)c1cc(-c2cc(-c3ccc(C(=O)O)cc3)nn2-c2ccc(C(=O)N3CCOCC3)cc2)cc(C(C)(C)C)c1	ZMMNTCYSNDWLJU-UHFFFAOYSA-N		89555314.0	
CHEMBL4205304	COCCOCOc1ccc(-c2ccc(C(=O)O)cc2F)cc1-c1ccc2c(c1)C(C)(C)CCC2(C)C	ORQKUEXLPUFCSX-UHFFFAOYSA-N		145975370.0	
CHEMBL4226421	CCc1ccc(N(CC(C)C)S(=O)(=O)c2ccc(OCC3CCOCC3)c([S@](C)(=N)=O)c2)cc1	OZSLLZRELNMFLA-MGBGTMOVSA-N		121429520.0	
CHEMBL414218	CCCCOc1c(/C(C)=C\C=C\C(C)=C\C(=O)O)cc(C(C)C)cc1C(C)C	VAHYHAIEBMCUDU-HEIONRKESA-N		9908099.0	
CHEMBL3920663	Cc1cccc(C)c1Sc1nn(-c2ccc(C(=O)O)cc2)c2ccc(C(=O)N(C)C)cc12	SFRCSIHOTDPUSK-UHFFFAOYSA-N		134140416.0	
CHEMBL3933815	O=C(O)c1ccc(-n2nc([S+]([O-])c3c(Cl)cccc3Cl)c3ccccc32)cc1	MCANXLFLBQAKTG-UHFFFAOYSA-N		134139004.0	
CHEMBL92430	C/C(=C/C=C/C(C)=C/C(=O)O)c1cc(C(C)C)cc(C(C)C)c1OCCF	IZRBTAOACLYFOA-PVINZEOUSA-N		10937639.0	
CHEMBL420808	CCOc1c(-c2csc3cnc(/C(C)=C/C(=O)O)cc23)cc(C(C)C)cc1C(C)C	RYSUOBUKIXRFCK-LZYBPNLTSA-N		10224145.0	
CHEMBL3979349	O=C(O)c1ccc(-n2nc(Sc3c(Cl)cccc3Cl)c3cc(C(=O)N4CC(F)(F)C4)ccc32)cc1	SZDSCDDWOVEVAF-UHFFFAOYSA-N		134152441.0	
CHEMBL1237061	O=C([O-])C[C@H](O)C[C@H](O)/C=C/c1c(C2CC2)nc2ccccc2c1-c1ccc(F)cc1.O=C([O-])C[C@H](O)C[C@H](O)/C=C/c1c(C2CC2)nc2ccccc2c1-c1ccc(F)cc1.[Ca+2]	RHGYHLPFVJEAOC-FFNUKLMVSA-L	PITAVASTATIN CALCIUM	5282451.0	
CHEMBL3967961	O=C(O)c1ccc(-n2nc(Oc3c(Cl)cccc3Cl)c3ccccc32)nc1	ZZAKBDOXLHVGIO-UHFFFAOYSA-N		134150617.0	
CHEMBL110921	C/C(=C/C(F)=C/C(C)=C/C(=O)O)c1cc(C(C)(C)C)cc(C(C)(C)C)c1OCC(F)F	HHVLEXNKNICHEL-CBDUVFOUSA-N		44338117.0	
CHEMBL4217018	COCCOCOc1ccc(-c2ccc(C(=O)O)cc2OC)cc1-c1ccc2c(c1)C(C)(C)CCC2(C)C	OQAVFHFHWXHPBW-UHFFFAOYSA-N		145971426.0	
CHEMBL3218921	O=C(O)c1ccc(-c2nn(C(=O)c3c(Cl)cccc3Cl)c3ccccc23)cc1	YRLYJWZLPGDXGP-UHFFFAOYSA-N		60162553.0	
CHEMBL3977144	N#Cc1ccc2c(c1)c(Oc1c(Cl)cccc1Cl)nn2-c1ccc(C(=O)O)cc1	CJMDTYABDMAZLX-UHFFFAOYSA-N		134151576.0	
CHEMBL3912204	Cc1cccc(Cl)c1Oc1nn(-c2ccc(C(=O)O)cc2)c2ccc(C(=O)N(C)C)cc12	SLLXKTYZEFJLBH-UHFFFAOYSA-N		134132295.0	
CHEMBL7301	CC1=C(/C=C/C(C)=C/C=C/C(C)=C/C(=O)Nc2ccc(O)cc2)C(C)(C)CCC1	AKJHMTWEGVYYSE-FXILSDISSA-N	FENRETINIDE	5288209.0	
CHEMBL90254	CCCOc1c(/C(C)=C\C=C\C(C)=C\C(=O)O)cc(C(C)(C)CC)cc1C(C)(C)CC	JDQNUWQDRYZSEY-VKHHFPQQSA-N		10938844.0	
CHEMBL4203950	COCCOCOc1ccc(-c2ccc(C(=O)O)cc2Cl)cc1-c1ccc2c(c1)C(C)(C)CCC2(C)C	WGUBBZRLGNUQBI-UHFFFAOYSA-N		145977797.0	
CHEMBL3956929	O=C(O)c1ccc(-n2nc(Oc3c(Cl)cccc3Cl)c3ncccc32)cc1	DHVQTRGMOOSUIR-UHFFFAOYSA-N		134155420.0	
CHEMBL3961289	CN(C)C(=O)c1ccc2c(c1)c(Sc1c(Cl)cccc1Cl)nn2-c1ccc(C(=O)O)cc1	KEZFSQIBHDEVNP-UHFFFAOYSA-N		134155284.0	
CHEMBL3948459	CN(C)C(=O)c1ccc2c(c1)c(Sc1ccccc1)nn2-c1ccc(C(=O)O)cc1	ZGDDULRRLLCPBU-UHFFFAOYSA-N		134147284.0	
CHEMBL92487	C/C(=C/C=C/C(C)=C/C(=O)O)c1cc(C(C)(C)C)cc(C(C)(C)C)c1OCC(F)(F)F	LLVWDWDMKXWCFT-XRYBSMBUSA-N		9824444.0	
CHEMBL3938404	O=C(O)c1ccc(-n2nc(Oc3c(Cl)cccc3Cl)c3cccnc32)cc1	OCKJNZRTYUAEGA-UHFFFAOYSA-N		134148522.0	
CHEMBL3968165	O=C(O)c1ccc(-n2nc(Oc3c(Cl)cccc3Cl)c3ccccc32)cc1	GPFWRNYBYBBENI-UHFFFAOYSA-N		118142057.0	
CHEMBL325592	C/C(=C/C=C/C(C)=C(\F)C(=O)O)c1cc(C(C)(C)C)cc(C(C)(C)C)c1OCC(F)F	CIDIUAOPKQNEKM-GRAGKPCESA-N		9867780.0	
CHEMBL264746	C/C(=C\C(=O)O)c1ccc2scc(-c3cc(C(C)C)cc(C(C)C)c3OCCCF)c2c1	XRDUYAHKXLABIN-WOJGMQOQSA-N		10115123.0	
CHEMBL3924764	CN(CCO)C(=O)c1ccc2c(c1)c(Sc1c(Cl)cccc1Cl)nn2-c1ccc(C(=O)O)cc1	ARHXMXOKSGGHCX-UHFFFAOYSA-N		134141363.0	
CHEMBL88931	C/C(=C/C=C/C(C)=C/C(=O)O)c1cc(C(C)C)cc(C(C)C)c1OCC(F)F	RGYLMMOLYCYTKC-BZIVGMQQSA-N		10249942.0	
CHEMBL3922245	Cc1cccc2c(Oc3c(Cl)cccc3Cl)nn(-c3ccc(C(=O)O)cc3)c12	OPMJWULKAWOTPC-UHFFFAOYSA-N		134139617.0	
CHEMBL3957141	O=C(O)c1ccc(-n2nc(Cc3c(Cl)cccc3Cl)c3ccccc32)cc1	BECKJCJWYWWZGT-UHFFFAOYSA-N		134154628.0	
CHEMBL3972391	CN(c1c(Cl)cccc1Cl)c1nn(-c2ccc(C(=O)O)cc2)c2ccccc12	QETOUYDAQCBBHM-UHFFFAOYSA-N		134153013.0	
CHEMBL3986751	O=C(O)c1ccc(-n2nc(S(=O)(=O)c3c(Cl)cccc3Cl)c3ccccc32)cc1	WUCPWMXDALTGFF-UHFFFAOYSA-N		134156268.0	
CHEMBL305760	CC1=C(/C=C/C(C)=C/C=C/C(C)=C/C(=O)NC2OC(C(=O)O)C(O)C(O)C2O)C(C)(C)CCC1	DMBLNHFHTQZFLY-YCNIQYBTSA-N		44307497.0	
CHEMBL329334	COc1c(/C(C)=C\C=C\C(C)=C\C(=O)O)cc(C(C)(C)C)cc1C(C)(C)C	MESVMRRPHFEFOB-CABFJEEQSA-N		9885730.0	
CHEMBL3894222	O=C(O)c1ccc(-n2nc(Oc3c(Cl)cccc3Cl)c3c(F)cccc32)cc1	ACTPLOYOROGJBM-UHFFFAOYSA-N		134137057.0	
CHEMBL3928131	Cc1cccc2c1c(Oc1c(Cl)cccc1Cl)nn2-c1ccc(C(=O)O)cc1	LTUFVSKPIXPHQV-UHFFFAOYSA-N		134141317.0	
CHEMBL3947182	O=C(O)c1ccc(-n2nc(Oc3c(Cl)cccc3Cl)c3ccccc32)cn1	ZQHUADNDUKCWSM-UHFFFAOYSA-N		134147641.0	
CHEMBL3813975	CC(C)(C)c1cc(-c2cc(-c3ccc(C(=O)O)cc3)nn2-c2ccc(C(N)=O)cc2)cc(C(C)(C)C)c1	HWWFGHULORSBIK-UHFFFAOYSA-N		89555359.0	
CHEMBL3813807	CC(C)(C)c1cc(-c2cc(-c3ccc(C(=O)O)cc3)nn2-c2ccc(S(C)(=O)=O)cc2)cc(C(C)(C)C)c1	JPKKWLFMDKVIIR-UHFFFAOYSA-N		90407674.0	
CHEMBL93128	CCCCOc1c(-c2cccc3[nH]c(/C(C)=C/C(=O)O)cc23)cc(C(C)C)cc1C(C)C	YJGWWHHHKOOYNJ-CPNJWEJPSA-N		10296557.0	
CHEMBL3896717	CN(Cc1ccccc1)C(=O)c1ccc2c(c1)c(Sc1c(Cl)cccc1Cl)nn2-c1ccc(C(=O)O)cc1	LHXPTWZYPPKDCR-UHFFFAOYSA-N		134133677.0	
CHEMBL3951385	CNC(=O)c1ccc2c(c1)c(Sc1c(Cl)cccc1Cl)nn2-c1ccc(C(=O)O)cc1	OPSHAFVNHJPBGX-UHFFFAOYSA-N		134145062.0	
CHEMBL3929988	O=C(O)[C@H]1CC[C@@H](n2nc(Oc3c(Cl)cccc3Cl)c3ccccc32)CC1	WKFBIVYONKPANM-BETUJISGSA-N			
CHEMBL2220442	CC(C)n1c(/C=C/C(O)CC(O)CC(=O)O)c(-c2ccc(F)cc2)c2ccccc21	FJLGEFLZQAZZCD-VAWYXSNFSA-N	FLUVASTATIN	5353627.0	
CHEMBL4214493	COCCOCOc1c(Cl)cc(-c2ccc(C(=O)O)cc2)cc1-c1ccc2c(c1)C(C)(C)CCC2(C)C	SLNCTKGASCOEAI-UHFFFAOYSA-N		145973883.0	
CHEMBL843	CN(CCOc1ccc(CC2SC(=O)NC2=O)cc1)c1ccccn1.O=C(O)/C=C\C(=O)O	SUFUKZSWUHZXAV-BTJKTKAUSA-N	ROSIGLITAZONE MALEATE	5281055.0	
CHEMBL66228	CC1=C(/C=C/C(C)=C/C=C/C(C)=C/C(=O)NC2OC(CO)C(O)C(O)C2O)C(C)(C)CCC1	DKHIHVMIFWYQLD-VTLMDCEISA-N		44307571.0	
CHEMBL3956564	CN(C)C(=O)c1ccc2c(c1)c([S+]([O-])c1c(Cl)cccc1Cl)nn2-c1ccc(C(=O)O)cc1	ZACKRTKJMSOCCF-UHFFFAOYSA-N		134144175.0	
CHEMBL90824	COc1c(/C(C)=C\C=C\C(C)=C\C(=O)O)cc(C(C)C)cc1C(C)C	LPWCYKDBURUOIZ-HNBVHFCESA-N		10936808.0	
CHEMBL92243	C/C(=C/C=C/C(C)=C/C(=O)O)c1cc(C(C)(C)C)cc(C(C)(C)C)c1OCCCF	UFMSWCORDTZMFE-UKDZHJSKSA-N		44325862.0	
CHEMBL454138	CC(C)OC(=O)C1=CN(C(=O)c2ccc(F)c(F)c2)CC(C)(C)c2c1[nH]c1ccccc21	INASOKQDNHHMRE-UHFFFAOYSA-N	TUROFEXORATE ISOPROPYL	10026128.0	
CHEMBL93571	C/C(=C\C(=O)O)c1ccc2scc(-c3cc(C(C)C)cc(C(C)C)c3O)c2c1	NMHQVMAYMWJCJH-OVCLIPMQSA-N		10271982.0	
CHEMBL3913238	O=C(O)c1ccc(-n2nc(Oc3c(Cl)cccc3Cl)c3cccc(F)c32)cc1	MHXMSPAFEGEWMP-UHFFFAOYSA-N		134142331.0	
CHEMBL3947885	CS(=O)(=O)c1ccc2c(c1)c(Oc1c(Cl)cccc1Cl)nn2-c1ccc(C(=O)O)cc1	FVZXPOMEZHOAJF-UHFFFAOYSA-N		134147557.0	
CHEMBL3938989	CN(C)C(=O)c1ccc2c(c1)c(Sc1cccc(Cl)c1Cl)nn2-c1ccc(C(=O)O)cc1	RLCMEBXNUSJSAM-UHFFFAOYSA-N		134149320.0	
CHEMBL3814385	CN(C)C(=O)c1ccc(-n2nc(-c3ccc(C(=O)O)cc3)cc2-c2cc(C(C)(C)C)cc(C(C)(C)C)c2)cc1	DXGJLPTZLVIFFO-UHFFFAOYSA-N		89555356.0	
CHEMBL3929358	O=C(O)c1cc(F)c(-n2nc(Oc3c(Cl)cccc3Cl)c3ccccc32)c(F)c1	YMMIAABIBQPAQV-UHFFFAOYSA-N		134139028.0	
CHEMBL326673	C/C(=C/C=C(F)/C(C)=C/C(=O)O)c1cc(C(C)(C)C)cc(C(C)(C)C)c1OCC(F)F	VKZJAKMQGKQVKR-UKWPUHOFSA-N		9803186.0	
CHEMBL92050	CCOc1c(/C(C)=C\C=C\C(C)=C\C(=O)O)cc(C(C)(C)C)cc1C(C)(C)C	UDGIIBLSAWJGEA-HNKNLTESSA-N		9952045.0	
CHEMBL3983082	CN(C)C(=O)c1ccc2c(Oc3c(Cl)cccc3Cl)nn(-c3ccc(C(=O)O)cc3)c2c1	CRSSGXOUCYRCNZ-UHFFFAOYSA-N		134156567.0	
CHEMBL3933686	O=C(O)c1ccc(-n2nc(Sc3c(Cl)cccc3Cl)c3cc(C(=O)N4CCCC4)ccc32)cc1	FQSIMRQZAGJJBW-UHFFFAOYSA-N		134138409.0	
CHEMBL3977048	Cc1ccc([C@@H](NC(=O)Cc2ccc3oc([C@@H](O)c4c(C)noc4C)cc3c2)c2ccccc2)c(C)c1	DIURRJOJDQOMFC-IOWSJCHKSA-N		71247311.0	
